FIPS,county_fips,arsenic_n,arsenic_exceed,arsenic_rate,arsenic_median_ppb,lead_n,lead_exceed,lead_rate,lead_median_ppb,manganese_n,manganese_exceed,manganese_rate,manganese_median_ppb,nitrate_n,nitrate_exceed,nitrate_rate,nitrate_median_ppb,iron_n,iron_exceed,iron_rate,iron_median_ppb,data_confidence
37019020201,019,0,0,,,0,0,,,0,0,,,0,0,,,0,0,,,none
37019990100,019,0,0,,,0,0,,,0,0,,,0,0,,,0,0,,,none
37021000300,021,0,0,,,0,0,,,0,0,,,0,0,,,0,0,,,none
37025040701,025,0,0,,,0,0,,,0,0,,,0,0,,,0,0,,,none
37025042502,025,0,0,,,0,0,,,0,0,,,0,0,,,0,0,,,none
37027030400,027,0,0,,,0,0,,,0,0,,,0,0,,,0,0,,,none
37027031403,027,0,0,,,0,0,,,0,0,,,0,0,,,0,0,,,none
37031970902,031,0,0,,,0,0,,,0,0,,,0,0,,,0,0,,,none
37031971001,031,0,0,,,0,0,,,0,0,,,0,0,,,0,0,,,none
37031971102,031,0,0,,,0,0,,,0,0,,,0,0,,,0,0,,,none
37031980100,031,0,0,,,0,0,,,0,0,,,0,0,,,0,0,,,none
37031990100,031,0,0,,,0,0,,,0,0,,,0,0,,,0,0,,,none
37031990200,031,0,0,,,0,0,,,0,0,,,0,0,,,0,0,,,none
37035010600,035,0,0,,,0,0,,,0,0,,,0,0,,,0,0,,,none
37035010700,035,0,0,,,0,0,,,0,0,,,0,0,,,0,0,,,none
37049960700,049,0,0,,,0,0,,,0,0,,,0,0,,,0,0,,,none
37049961201,049,0,0,,,0,0,,,0,0,,,0,0,,,0,0,,,none
37049961301,049,0,0,,,0,0,,,0,0,,,0,0,,,0,0,,,none
37049961302,049,0,0,,,0,0,,,0,0,,,0,0,,,0,0,,,none
37051000600,051,0,0,,,0,0,,,0,0,,,0,0,,,0,0,,,none
37051000701,051,0,0,,,0,0,,,0,0,,,0,0,,,0,0,,,none
37051001000,051,0,0,,,0,0,,,0,0,,,0,0,,,0,0,,,none
37051001903,051,0,0,,,0,0,,,0,0,,,0,0,,,0,0,,,none
37051002002,051,0,0,,,0,0,,,0,0,,,0,0,,,0,0,,,none
37051002100,051,0,0,,,0,0,,,0,0,,,0,0,,,0,0,,,none
37051003203,051,0,0,,,0,0,,,0,0,,,0,0,,,0,0,,,none
37051003304,051,0,0,,,0,0,,,0,0,,,0,0,,,0,0,,,none
37051003309,051,0,0,,,0,0,,,0,0,,,0,0,,,0,0,,,none
37051003311,051,0,0,,,0,0,,,0,0,,,0,0,,,0,0,,,none
37051003312,051,0,0,,,0,0,,,0,0,,,0,0,,,0,0,,,none
37051003401,051,0,0,,,0,0,,,0,0,,,0,0,,,0,0,,,none
37051003402,051,0,0,,,0,0,,,0,0,,,0,0,,,0,0,,,none
37051003403,051,0,0,,,0,0,,,0,0,,,0,0,,,0,0,,,none
37051003404,051,0,0,,,0,0,,,0,0,,,0,0,,,0,0,,,none
37051003405,051,0,0,,,0,0,,,0,0,,,0,0,,,0,0,,,none
37051003407,051,0,0,,,0,0,,,0,0,,,0,0,,,0,0,,,none
37051003408,051,0,0,,,0,0,,,0,0,,,0,0,,,0,0,,,none
37051980200,051,0,0,,,0,0,,,0,0,,,0,0,,,0,0,,,none
37053990100,053,0,0,,,0,0,,,0,0,,,0,0,,,0,0,,,none
37055990100,055,0,0,,,0,0,,,0,0,,,0,0,,,0,0,,,none
37055990200,055,0,0,,,0,0,,,0,0,,,0,0,,,0,0,,,none
37063000200,063,0,0,,,0,0,,,0,0,,,0,0,,,0,0,,,none
37063000301,063,0,0,,,0,0,,,0,0,,,0,0,,,0,0,,,none
37063000302,063,0,0,,,0,0,,,0,0,,,0,0,,,0,0,,,none
37063000402,063,0,0,,,0,0,,,0,0,,,0,0,,,0,0,,,none
37063000500,063,0,0,,,0,0,,,0,0,,,0,0,,,0,0,,,none
37063000700,063,0,0,,,0,0,,,0,0,,,0,0,,,0,0,,,none
37063000900,063,0,0,,,0,0,,,0,0,,,0,0,,,0,0,,,none
37063001304,063,0,0,,,0,0,,,0,0,,,0,0,,,0,0,,,none
37063001400,063,0,0,,,0,0,,,0,0,,,0,0,,,0,0,,,none
37063001501,063,0,0,,,0,0,,,0,0,,,0,0,,,0,0,,,none
37063001502,063,0,0,,,0,0,,,0,0,,,0,0,,,0,0,,,none
37063001503,063,0,0,,,0,0,,,0,0,,,0,0,,,0,0,,,none
37063002015,063,0,0,,,0,0,,,0,0,,,0,0,,,0,0,,,none
37063002016,063,0,0,,,0,0,,,0,0,,,0,0,,,0,0,,,none
37063002023,063,0,0,,,0,0,,,0,0,,,0,0,,,0,0,,,none
37063002026,063,0,0,,,0,0,,,0,0,,,0,0,,,0,0,,,none
37063002200,063,0,0,,,0,0,,,0,0,,,0,0,,,0,0,,,none
37063002300,063,0,0,,,0,0,,,0,0,,,0,0,,,0,0,,,none
37063980100,063,0,0,,,0,0,,,0,0,,,0,0,,,0,0,,,none
37067000100,067,0,0,,,0,0,,,0,0,,,0,0,,,0,0,,,none
37067000200,067,0,0,,,0,0,,,0,0,,,0,0,,,0,0,,,none
37067000301,067,0,0,,,0,0,,,0,0,,,0,0,,,0,0,,,none
37067000500,067,0,0,,,0,0,,,0,0,,,0,0,,,0,0,,,none
37067000600,067,0,0,,,0,0,,,0,0,,,0,0,,,0,0,,,none
37067000802,067,0,0,,,0,0,,,0,0,,,0,0,,,0,0,,,none
37067000900,067,0,0,,,0,0,,,0,0,,,0,0,,,0,0,,,none
37067001000,067,0,0,,,0,0,,,0,0,,,0,0,,,0,0,,,none
37067001200,067,0,0,,,0,0,,,0,0,,,0,0,,,0,0,,,none
37067001300,067,0,0,,,0,0,,,0,0,,,0,0,,,0,0,,,none
37067001400,067,0,0,,,0,0,,,0,0,,,0,0,,,0,0,,,none
37067001700,067,0,0,,,0,0,,,0,0,,,0,0,,,0,0,,,none
37067001800,067,0,0,,,0,0,,,0,0,,,0,0,,,0,0,,,none
37067001901,067,0,0,,,0,0,,,0,0,,,0,0,,,0,0,,,none
37067001902,067,0,0,,,0,0,,,0,0,,,0,0,,,0,0,,,none
37067002001,067,0,0,,,0,0,,,0,0,,,0,0,,,0,0,,,none
37067002100,067,0,0,,,0,0,,,0,0,,,0,0,,,0,0,,,none
37067002501,067,0,0,,,0,0,,,0,0,,,0,0,,,0,0,,,none
37067002601,067,0,0,,,0,0,,,0,0,,,0,0,,,0,0,,,none
37067002701,067,0,0,,,0,0,,,0,0,,,0,0,,,0,0,,,none
37067002809,067,0,0,,,0,0,,,0,0,,,0,0,,,0,0,,,none
37067003310,067,0,0,,,0,0,,,0,0,,,0,0,,,0,0,,,none
37067003701,067,0,0,,,0,0,,,0,0,,,0,0,,,0,0,,,none
37067003702,067,0,0,,,0,0,,,0,0,,,0,0,,,0,0,,,none
37067003805,067,0,0,,,0,0,,,0,0,,,0,0,,,0,0,,,none
37067003903,067,0,0,,,0,0,,,0,0,,,0,0,,,0,0,,,none
37067003905,067,0,0,,,0,0,,,0,0,,,0,0,,,0,0,,,none
37067003909,067,0,0,,,0,0,,,0,0,,,0,0,,,0,0,,,none
37067004013,067,0,0,,,0,0,,,0,0,,,0,0,,,0,0,,,none
37071031401,071,0,0,,,0,0,,,0,0,,,0,0,,,0,0,,,none
37071032505,071,0,0,,,0,0,,,0,0,,,0,0,,,0,0,,,none
37071032704,071,0,0,,,0,0,,,0,0,,,0,0,,,0,0,,,none
37071032900,071,0,0,,,0,0,,,0,0,,,0,0,,,0,0,,,none
37071033203,071,0,0,,,0,0,,,0,0,,,0,0,,,0,0,,,none
37077970702,077,0,0,,,0,0,,,0,0,,,0,0,,,0,0,,,none
37077970704,077,0,0,,,0,0,,,0,0,,,0,0,,,0,0,,,none
37081010602,081,0,0,,,0,0,,,0,0,,,0,0,,,0,0,,,none
37081010701,081,0,0,,,0,0,,,0,0,,,0,0,,,0,0,,,none
37081010702,081,0,0,,,0,0,,,0,0,,,0,0,,,0,0,,,none
37081011101,081,0,0,,,0,0,,,0,0,,,0,0,,,0,0,,,none
37081011102,081,0,0,,,0,0,,,0,0,,,0,0,,,0,0,,,none
37081011300,081,0,0,,,0,0,,,0,0,,,0,0,,,0,0,,,none
37081011400,081,0,0,,,0,0,,,0,0,,,0,0,,,0,0,,,none
37081011500,081,0,0,,,0,0,,,0,0,,,0,0,,,0,0,,,none
37081011904,081,0,0,,,0,0,,,0,0,,,0,0,,,0,0,,,none
37081012503,081,0,0,,,0,0,,,0,0,,,0,0,,,0,0,,,none
37081012604,081,0,0,,,0,0,,,0,0,,,0,0,,,0,0,,,none
37081012608,081,0,0,,,0,0,,,0,0,,,0,0,,,0,0,,,none
37081012610,081,0,0,,,0,0,,,0,0,,,0,0,,,0,0,,,none
37081012705,081,0,0,,,0,0,,,0,0,,,0,0,,,0,0,,,none
37081013601,081,0,0,,,0,0,,,0,0,,,0,0,,,0,0,,,none
37081013700,081,0,0,,,0,0,,,0,0,,,0,0,,,0,0,,,none
37081013800,081,0,0,,,0,0,,,0,0,,,0,0,,,0,0,,,none
37081014000,081,0,0,,,0,0,,,0,0,,,0,0,,,0,0,,,none
37081014200,081,0,0,,,0,0,,,0,0,,,0,0,,,0,0,,,none
37081014408,081,0,0,,,0,0,,,0,0,,,0,0,,,0,0,,,none
37081014410,081,0,0,,,0,0,,,0,0,,,0,0,,,0,0,,,none
37081980100,081,0,0,,,0,0,,,0,0,,,0,0,,,0,0,,,none
37083930200,083,0,0,,,0,0,,,0,0,,,0,0,,,0,0,,,none
37083930400,083,0,0,,,0,0,,,0,0,,,0,0,,,0,0,,,none
37087980100,087,0,0,,,0,0,,,0,0,,,0,0,,,0,0,,,none
37089980100,089,0,0,,,0,0,,,0,0,,,0,0,,,0,0,,,none
37093980100,093,0,0,,,0,0,,,0,0,,,0,0,,,0,0,,,none
37095990100,095,0,0,,,0,0,,,0,0,,,0,0,,,0,0,,,none
37095990200,095,0,0,,,0,0,,,0,0,,,0,0,,,0,0,,,none
37107010300,107,0,0,,,0,0,,,0,0,,,0,0,,,0,0,,,none
37107010800,107,0,0,,,0,0,,,0,0,,,0,0,,,0,0,,,none
37119000300,119,0,0,,,0,0,,,0,0,,,0,0,,,0,0,,,none
37119000400,119,0,0,,,0,0,,,0,0,,,0,0,,,0,0,,,none
37119000500,119,0,0,,,0,0,,,0,0,,,0,0,,,0,0,,,none
37119000700,119,0,0,,,0,0,,,0,0,,,0,0,,,0,0,,,none
37119000800,119,0,0,,,0,0,,,0,0,,,0,0,,,0,0,,,none
37119000900,119,0,0,,,0,0,,,0,0,,,0,0,,,0,0,,,none
37119001100,119,0,0,,,0,0,,,0,0,,,0,0,,,0,0,,,none
37119001200,119,0,0,,,0,0,,,0,0,,,0,0,,,0,0,,,none
37119001300,119,0,0,,,0,0,,,0,0,,,0,0,,,0,0,,,none
37119001504,119,0,0,,,0,0,,,0,0,,,0,0,,,0,0,,,none
37119001510,119,0,0,,,0,0,,,0,0,,,0,0,,,0,0,,,none
37119001603,119,0,0,,,0,0,,,0,0,,,0,0,,,0,0,,,none
37119001605,119,0,0,,,0,0,,,0,0,,,0,0,,,0,0,,,none
37119001606,119,0,0,,,0,0,,,0,0,,,0,0,,,0,0,,,none
37119001801,119,0,0,,,0,0,,,0,0,,,0,0,,,0,0,,,none
37119001915,119,0,0,,,0,0,,,0,0,,,0,0,,,0,0,,,none
37119001918,119,0,0,,,0,0,,,0,0,,,0,0,,,0,0,,,none
37119002100,119,0,0,,,0,0,,,0,0,,,0,0,,,0,0,,,none
37119002400,119,0,0,,,0,0,,,0,0,,,0,0,,,0,0,,,none
37119002500,119,0,0,,,0,0,,,0,0,,,0,0,,,0,0,,,none
37119002600,119,0,0,,,0,0,,,0,0,,,0,0,,,0,0,,,none
37119003102,119,0,0,,,0,0,,,0,0,,,0,0,,,0,0,,,none
37119003103,119,0,0,,,0,0,,,0,0,,,0,0,,,0,0,,,none
37119003106,119,0,0,,,0,0,,,0,0,,,0,0,,,0,0,,,none
37119003109,119,0,0,,,0,0,,,0,0,,,0,0,,,0,0,,,none
37119003203,119,0,0,,,0,0,,,0,0,,,0,0,,,0,0,,,none
37119003600,119,0,0,,,0,0,,,0,0,,,0,0,,,0,0,,,none
37119003700,119,0,0,,,0,0,,,0,0,,,0,0,,,0,0,,,none
37119003806,119,0,0,,,0,0,,,0,0,,,0,0,,,0,0,,,none
37119003808,119,0,0,,,0,0,,,0,0,,,0,0,,,0,0,,,none
37119003902,119,0,0,,,0,0,,,0,0,,,0,0,,,0,0,,,none
37119004302,119,0,0,,,0,0,,,0,0,,,0,0,,,0,0,,,none
37119004400,119,0,0,,,0,0,,,0,0,,,0,0,,,0,0,,,none
37119004500,119,0,0,,,0,0,,,0,0,,,0,0,,,0,0,,,none
37119004600,119,0,0,,,0,0,,,0,0,,,0,0,,,0,0,,,none
37119004700,119,0,0,,,0,0,,,0,0,,,0,0,,,0,0,,,none
37119004800,119,0,0,,,0,0,,,0,0,,,0,0,,,0,0,,,none
37119004900,119,0,0,,,0,0,,,0,0,,,0,0,,,0,0,,,none
37119005000,119,0,0,,,0,0,,,0,0,,,0,0,,,0,0,,,none
37119005100,119,0,0,,,0,0,,,0,0,,,0,0,,,0,0,,,none
37119005200,119,0,0,,,0,0,,,0,0,,,0,0,,,0,0,,,none
37119005305,119,0,0,,,0,0,,,0,0,,,0,0,,,0,0,,,none
37119005306,119,0,0,,,0,0,,,0,0,,,0,0,,,0,0,,,none
37119005307,119,0,0,,,0,0,,,0,0,,,0,0,,,0,0,,,none
37119005308,119,0,0,,,0,0,,,0,0,,,0,0,,,0,0,,,none
37119005509,119,0,0,,,0,0,,,0,0,,,0,0,,,0,0,,,none
37119005515,119,0,0,,,0,0,,,0,0,,,0,0,,,0,0,,,none
37119005516,119,0,0,,,0,0,,,0,0,,,0,0,,,0,0,,,none
37119005517,119,0,0,,,0,0,,,0,0,,,0,0,,,0,0,,,none
37119005610,119,0,0,,,0,0,,,0,0,,,0,0,,,0,0,,,none
37119005611,119,0,0,,,0,0,,,0,0,,,0,0,,,0,0,,,none
37119005716,119,0,0,,,0,0,,,0,0,,,0,0,,,0,0,,,none
37119005827,119,0,0,,,0,0,,,0,0,,,0,0,,,0,0,,,none
37119005828,119,0,0,,,0,0,,,0,0,,,0,0,,,0,0,,,none
37119005830,119,0,0,,,0,0,,,0,0,,,0,0,,,0,0,,,none
37119005840,119,0,0,,,0,0,,,0,0,,,0,0,,,0,0,,,none
37119005914,119,0,0,,,0,0,,,0,0,,,0,0,,,0,0,,,none
37119005916,119,0,0,,,0,0,,,0,0,,,0,0,,,0,0,,,none
37119006106,119,0,0,,,0,0,,,0,0,,,0,0,,,0,0,,,none
37119006211,119,0,0,,,0,0,,,0,0,,,0,0,,,0,0,,,none
37119006407,119,0,0,,,0,0,,,0,0,,,0,0,,,0,0,,,none
37119980300,119,0,0,,,0,0,,,0,0,,,0,0,,,0,0,,,none
37127010400,127,0,0,,,0,0,,,0,0,,,0,0,,,0,0,,,none
37129010100,129,0,0,,,0,0,,,0,0,,,0,0,,,0,0,,,none
37129010501,129,0,0,,,0,0,,,0,0,,,0,0,,,0,0,,,none
37129010502,129,0,0,,,0,0,,,0,0,,,0,0,,,0,0,,,none
37129010700,129,0,0,,,0,0,,,0,0,,,0,0,,,0,0,,,none
37129010800,129,0,0,,,0,0,,,0,0,,,0,0,,,0,0,,,none
37129010900,129,0,0,,,0,0,,,0,0,,,0,0,,,0,0,,,none
37129011100,129,0,0,,,0,0,,,0,0,,,0,0,,,0,0,,,none
37129011904,129,0,0,,,0,0,,,0,0,,,0,0,,,0,0,,,none
37129012006,129,0,0,,,0,0,,,0,0,,,0,0,,,0,0,,,none
37129990100,129,0,0,,,0,0,,,0,0,,,0,0,,,0,0,,,none
37133000403,133,0,0,,,0,0,,,0,0,,,0,0,,,0,0,,,none
37133000500,133,0,0,,,0,0,,,0,0,,,0,0,,,0,0,,,none
37133000700,133,0,0,,,0,0,,,0,0,,,0,0,,,0,0,,,none
37133000800,133,0,0,,,0,0,,,0,0,,,0,0,,,0,0,,,none
37133000900,133,0,0,,,0,0,,,0,0,,,0,0,,,0,0,,,none
37133001000,133,0,0,,,0,0,,,0,0,,,0,0,,,0,0,,,none
37133001400,133,0,0,,,0,0,,,0,0,,,0,0,,,0,0,,,none
37133001500,133,0,0,,,0,0,,,0,0,,,0,0,,,0,0,,,none
37133001700,133,0,0,,,0,0,,,0,0,,,0,0,,,0,0,,,none
37133002201,133,0,0,,,0,0,,,0,0,,,0,0,,,0,0,,,none
37133002202,133,0,0,,,0,0,,,0,0,,,0,0,,,0,0,,,none
37133002400,133,0,0,,,0,0,,,0,0,,,0,0,,,0,0,,,none
37133990100,133,0,0,,,0,0,,,0,0,,,0,0,,,0,0,,,none
37137990100,137,0,0,,,0,0,,,0,0,,,0,0,,,0,0,,,none
37139960300,139,0,0,,,0,0,,,0,0,,,0,0,,,0,0,,,none
37141990100,141,0,0,,,0,0,,,0,0,,,0,0,,,0,0,,,none
37147000201,147,0,0,,,0,0,,,0,0,,,0,0,,,0,0,,,none
37147000202,147,0,0,,,0,0,,,0,0,,,0,0,,,0,0,,,none
37147000302,147,0,0,,,0,0,,,0,0,,,0,0,,,0,0,,,none
37147000702,147,0,0,,,0,0,,,0,0,,,0,0,,,0,0,,,none
37151031602,151,0,0,,,0,0,,,0,0,,,0,0,,,0,0,,,none
37155960801,155,0,0,,,0,0,,,0,0,,,0,0,,,0,0,,,none
37155961200,155,0,0,,,0,0,,,0,0,,,0,0,,,0,0,,,none
37181960700,181,0,0,,,0,0,,,0,0,,,0,0,,,0,0,,,none
37183050300,183,0,0,,,0,0,,,0,0,,,0,0,,,0,0,,,none
37183050600,183,0,0,,,0,0,,,0,0,,,0,0,,,0,0,,,none
37183050900,183,0,0,,,0,0,,,0,0,,,0,0,,,0,0,,,none
37183052409,183,0,0,,,0,0,,,0,0,,,0,0,,,0,0,,,none
37183053424,183,0,0,,,0,0,,,0,0,,,0,0,,,0,0,,,none
37183053516,183,0,0,,,0,0,,,0,0,,,0,0,,,0,0,,,none
37183053517,183,0,0,,,0,0,,,0,0,,,0,0,,,0,0,,,none
37183053523,183,0,0,,,0,0,,,0,0,,,0,0,,,0,0,,,none
37183053524,183,0,0,,,0,0,,,0,0,,,0,0,,,0,0,,,none
37183053602,183,0,0,,,0,0,,,0,0,,,0,0,,,0,0,,,none
37183053604,183,0,0,,,0,0,,,0,0,,,0,0,,,0,0,,,none
37183053605,183,0,0,,,0,0,,,0,0,,,0,0,,,0,0,,,none
37183053606,183,0,0,,,0,0,,,0,0,,,0,0,,,0,0,,,none
37183053607,183,0,0,,,0,0,,,0,0,,,0,0,,,0,0,,,none
37183053608,183,0,0,,,0,0,,,0,0,,,0,0,,,0,0,,,none
37183053610,183,0,0,,,0,0,,,0,0,,,0,0,,,0,0,,,none
37183053723,183,0,0,,,0,0,,,0,0,,,0,0,,,0,0,,,none
37183054017,183,0,0,,,0,0,,,0,0,,,0,0,,,0,0,,,none
37183054018,183,0,0,,,0,0,,,0,0,,,0,0,,,0,0,,,none
37183980100,183,0,0,,,0,0,,,0,0,,,0,0,,,0,0,,,none
37183980200,183,0,0,,,0,0,,,0,0,,,0,0,,,0,0,,,none
37191000500,191,0,0,,,0,0,,,0,0,,,0,0,,,0,0,,,none
37191000700,191,0,0,,,0,0,,,0,0,,,0,0,,,0,0,,,none
37191001800,191,0,0,,,0,0,,,0,0,,,0,0,,,0,0,,,none
37195000100,195,0,0,,,0,0,,,0,0,,,0,0,,,0,0,,,none
37195000300,195,0,0,,,0,0,,,0,0,,,0,0,,,0,0,,,none
37195000801,195,0,0,,,0,0,,,0,0,,,0,0,,,0,0,,,none
37001020100,001,4,0,0.0,3.54,4,0,0.0,3.54,4,1,0.25,21.21,2,0,0.0,1003.55,4,2,0.5,230.36,low
37001020200,001,3,0,0.0,0.71,3,0,0.0,3.54,3,0,0.0,21.21,0,0,,,0,0,,,low
37001020300,001,49,0,0.0,0.71,49,0,0.0,3.54,49,4,0.08163265306122448,21.21,8,0,0.0,707.11,15,0,0.0,70.71,high
37001020400,001,15,0,0.0,3.54,15,1,0.06666666666666667,3.54,15,4,0.26666666666666666,21.21,7,0,0.0,1100.0,13,3,0.23076923076923078,70.71,medium
37001020501,001,37,0,0.0,3.54,37,2,0.05405405405405406,3.54,37,7,0.1891891891891892,21.21,17,0,0.0,707.11,23,9,0.391304347826087,70.71,high
37001020502,001,10,0,0.0,0.71,10,0,0.0,3.54,10,0,0.0,21.21,3,0,0.0,1200.0,4,2,0.5,1615.0,medium
37001020601,001,2,0,0.0,2.12,2,0,0.0,3.54,2,0,0.0,21.21,1,0,0.0,1600.0,1,0,0.0,70.71,low
37001020602,001,4,0,0.0,3.54,4,1,0.25,4.27,4,1,0.25,25.61,2,0,0.0,707.11,4,2,0.5,1220.0,low
37001020701,001,7,0,0.0,3.54,7,0,0.0,3.54,7,2,0.2857142857142857,21.21,1,0,0.0,707.11,3,0,0.0,120.0,low
37001020702,001,2,0,0.0,2.12,2,0,0.0,3.54,2,1,0.5,230.61,1,0,0.0,707.11,1,0,0.0,70.71,low
37001020801,001,14,0,0.0,3.54,14,0,0.0,3.54,14,5,0.35714285714285715,21.21,7,1,0.14285714285714285,707.11,9,5,0.5555555555555556,340.0,medium
37001020802,001,14,0,0.0,2.12,14,0,0.0,3.54,14,1,0.07142857142857142,21.21,2,0,0.0,707.11,7,1,0.14285714285714285,70.71,medium
37001020901,001,21,0,0.0,3.54,21,0,0.0,3.54,21,3,0.14285714285714285,21.21,8,0,0.0,1050.0,11,3,0.2727272727272727,140.0,medium
37001020902,001,31,0,0.0,3.54,31,0,0.0,3.54,31,13,0.41935483870967744,21.21,10,0,0.0,707.11,18,5,0.2777777777777778,70.71,high
37001021000,001,18,0,0.0,0.71,18,3,0.16666666666666666,3.54,18,2,0.1111111111111111,21.21,0,0,,,5,0,0.0,70.71,medium
37001021101,001,18,0,0.0,3.54,18,0,0.0,3.54,18,7,0.3888888888888889,21.21,3,0,0.0,707.11,11,1,0.09090909090909091,70.71,medium
37001021102,001,58,0,0.0,3.54,58,0,0.0,3.54,58,16,0.27586206896551724,21.21,24,0,0.0,1850.0,37,9,0.24324324324324326,70.71,high
37001021201,001,38,0,0.0,3.54,38,1,0.02631578947368421,3.54,38,15,0.39473684210526316,25.61,22,1,0.045454545454545456,707.11,27,4,0.14814814814814814,70.71,high
37001021204,001,52,0,0.0,3.54,52,0,0.0,3.54,52,20,0.38461538461538464,25.61,33,0,0.0,707.11,42,11,0.2619047619047619,70.71,high
37001021205,001,22,2,0.09090909090909091,3.54,22,3,0.13636363636363635,3.54,22,5,0.22727272727272727,21.21,9,0,0.0,1100.0,14,4,0.2857142857142857,70.71,medium
37001021206,001,16,0,0.0,3.54,16,1,0.0625,3.54,16,7,0.4375,37.5,13,0,0.0,707.11,14,3,0.21428571428571427,90.36,medium
37001021207,001,7,0,0.0,3.54,7,0,0.0,3.54,7,1,0.14285714285714285,21.21,4,0,0.0,707.11,5,1,0.2,130.0,low
37001021300,001,233,0,0.0,3.54,233,4,0.017167381974248927,3.54,234,75,0.32051282051282054,21.21,182,1,0.005494505494505495,707.11,181,36,0.19889502762430938,70.71,high
37001021400,001,147,0,0.0,3.54,147,3,0.02040816326530612,3.54,147,35,0.23809523809523808,21.21,92,0,0.0,707.11,119,31,0.2605042016806723,70.71,high
37001021500,001,195,0,0.0,3.54,195,6,0.03076923076923077,3.54,196,44,0.22448979591836735,21.21,128,0,0.0,707.11,143,27,0.1888111888111888,70.71,high
37001021600,001,109,0,0.0,3.54,112,3,0.026785714285714284,3.54,109,30,0.27522935779816515,21.21,60,0,0.0,1390.0,86,23,0.26744186046511625,70.71,high
37001021701,001,4,0,0.0,0.71,4,0,0.0,3.54,4,0,0.0,21.21,1,0,0.0,707.11,1,0,0.0,70.71,low
37001021702,001,3,0,0.0,3.54,3,0,0.0,3.54,3,0,0.0,21.21,2,0,0.0,707.11,2,1,0.5,195.36,low
37001021703,001,39,0,0.0,3.54,39,1,0.02564102564102564,3.54,41,13,0.3170731707317073,21.21,18,0,0.0,707.11,32,6,0.1875,85.36,high
37001021801,001,215,1,0.004651162790697674,3.54,215,4,0.018604651162790697,3.54,215,106,0.4930232558139535,40.0,152,0,0.0,707.11,176,56,0.3181818181818182,70.71,high
37001021802,001,174,1,0.005747126436781609,3.54,174,1,0.005747126436781609,3.54,174,91,0.5229885057471264,60.0,101,1,0.009900990099009901,707.11,128,56,0.4375,155.0,high
37001021803,001,179,0,0.0,3.54,184,9,0.04891304347826087,3.54,180,73,0.40555555555555556,21.21,121,0,0.0,707.11,140,20,0.14285714285714285,70.71,high
37001021901,001,294,0,0.0,3.54,293,6,0.020477815699658702,3.54,297,111,0.37373737373737376,21.21,152,6,0.039473684210526314,707.11,230,67,0.29130434782608694,85.36,high
37001021902,001,173,3,0.017341040462427744,3.54,173,2,0.011560693641618497,3.54,180,99,0.55,60.0,99,0,0.0,707.11,128,50,0.390625,185.0,high
37001022001,001,145,0,0.0,3.54,145,5,0.034482758620689655,3.54,147,39,0.2653061224489796,21.21,65,3,0.046153846153846156,707.11,76,20,0.2631578947368421,100.0,high
37001022002,001,231,0,0.0,3.54,231,4,0.017316017316017316,3.54,231,87,0.37662337662337664,21.21,154,3,0.01948051948051948,707.11,181,46,0.2541436464088398,70.71,high
37003040100,003,27,2,0.07407407407407407,3.54,27,0,0.0,3.54,27,13,0.48148148148148145,40.0,13,0,0.0,707.11,16,7,0.4375,200.0,medium
37003040200,003,77,4,0.05194805194805195,3.54,77,0,0.0,3.54,77,30,0.38961038961038963,21.21,43,0,0.0,707.11,50,15,0.3,130.0,high
37003040300,003,38,5,0.13157894736842105,3.54,38,1,0.02631578947368421,3.54,38,18,0.47368421052631576,35.0,14,0,0.0,707.11,28,11,0.39285714285714285,155.0,high
37003040400,003,46,1,0.021739130434782608,0.71,46,0,0.0,3.54,46,24,0.5217391304347826,50.0,8,0,0.0,707.11,13,4,0.3076923076923077,70.71,high
37003040500,003,16,0,0.0,3.54,16,0,0.0,3.54,16,4,0.25,21.21,7,0,0.0,707.11,9,3,0.3333333333333333,70.71,medium
37003040600,003,42,1,0.023809523809523808,3.54,42,0,0.0,3.54,42,17,0.40476190476190477,21.21,23,0,0.0,707.11,36,14,0.3888888888888889,160.0,high
37003040700,003,26,3,0.11538461538461539,3.54,26,0,0.0,3.54,26,10,0.38461538461538464,35.0,12,0,0.0,707.11,17,10,0.5882352941176471,600.0,medium
37005950100,005,155,0,0.0,3.54,155,11,0.07096774193548387,3.54,156,25,0.16025641025641027,21.21,33,2,0.06060606060606061,707.11,100,20,0.2,70.71,high
37005950200,005,64,0,0.0,3.54,64,3,0.046875,3.54,64,16,0.25,21.21,17,0,0.0,707.11,35,7,0.2,70.71,high
37005950300,005,127,0,0.0,3.54,128,10,0.078125,3.54,128,21,0.1640625,21.21,31,0,0.0,707.11,85,20,0.23529411764705882,70.71,high
37007920100,007,39,0,0.0,0.71,39,2,0.05128205128205128,3.54,39,9,0.23076923076923078,21.21,11,0,0.0,707.11,17,3,0.17647058823529413,70.71,high
37007920200,007,14,9,0.6428571428571429,14.5,14,0,0.0,3.54,14,6,0.42857142857142855,25.61,4,0,0.0,707.11,8,2,0.25,70.71,medium
37007920300,007,39,14,0.358974358974359,3.54,39,3,0.07692307692307693,3.54,39,13,0.3333333333333333,21.21,10,1,0.1,707.11,27,8,0.2962962962962963,70.71,high
37007920400,007,7,0,0.0,3.54,7,0,0.0,3.54,7,1,0.14285714285714285,21.21,1,0,0.0,707.11,5,1,0.2,70.71,low
37007920500,007,10,0,0.0,3.54,10,0,0.0,3.54,15,7,0.4666666666666667,21.21,1,0,0.0,707.11,10,2,0.2,70.71,medium
37007920600,007,23,2,0.08695652173913043,3.54,22,2,0.09090909090909091,3.54,22,14,0.6363636363636364,95.0,10,0,0.0,707.11,15,5,0.3333333333333333,160.0,medium
37009970200,009,42,0,0.0,3.54,42,3,0.07142857142857142,3.54,42,5,0.11904761904761904,21.21,11,0,0.0,707.11,29,4,0.13793103448275862,70.71,high
37009970300,009,58,0,0.0,3.54,58,1,0.017241379310344827,3.54,58,3,0.05172413793103448,21.21,18,0,0.0,707.11,36,7,0.19444444444444445,70.71,high
37009970400,009,90,0,0.0,3.54,90,4,0.044444444444444446,3.54,90,10,0.1111111111111111,21.21,38,0,0.0,707.11,64,17,0.265625,70.71,high
37009970500,009,117,0,0.0,3.54,117,3,0.02564102564102564,3.54,117,15,0.1282051282051282,21.21,43,1,0.023255813953488372,707.11,76,14,0.18421052631578946,70.71,high
37009970700,009,230,2,0.008695652173913044,3.54,230,9,0.0391304347826087,3.54,230,21,0.09130434782608696,21.21,70,0,0.0,707.11,143,28,0.1958041958041958,70.71,high
37009970800,009,180,0,0.0,3.54,180,6,0.03333333333333333,3.54,180,39,0.21666666666666667,21.21,67,0,0.0,707.11,137,44,0.32116788321167883,70.71,high
37011930100,011,159,5,0.031446540880503145,3.54,159,10,0.06289308176100629,3.54,159,17,0.1069182389937107,21.21,106,2,0.018867924528301886,707.11,133,36,0.2706766917293233,70.71,high
37011930200,011,128,1,0.0078125,3.54,128,11,0.0859375,3.54,128,24,0.1875,21.21,81,0,0.0,707.11,114,33,0.2894736842105263,70.71,high
37011930301,011,142,1,0.007042253521126761,3.54,142,3,0.02112676056338028,3.54,142,9,0.06338028169014084,21.21,85,0,0.0,707.11,110,25,0.22727272727272727,70.71,high
37011930302,011,91,0,0.0,3.54,91,2,0.02197802197802198,3.54,91,6,0.06593406593406594,21.21,72,1,0.013888888888888888,707.11,82,24,0.2926829268292683,110.0,high
37011930400,011,120,0,0.0,3.54,120,4,0.03333333333333333,3.54,120,22,0.18333333333333332,21.21,74,0,0.0,707.11,93,37,0.3978494623655914,120.0,high
37013930100,013,19,0,0.0,3.54,19,1,0.05263157894736842,3.54,19,4,0.21052631578947367,21.21,15,0,0.0,707.11,17,5,0.29411764705882354,120.0,medium
37013930200,013,49,0,0.0,3.54,49,1,0.02040816326530612,3.54,49,4,0.08163265306122448,21.21,22,0,0.0,707.11,32,10,0.3125,180.0,high
37013930300,013,2,0,0.0,2.12,2,0,0.0,3.54,2,0,0.0,30.61,1,0,0.0,707.11,1,0,0.0,180.0,low
37013930400,013,4,0,0.0,3.54,4,0,0.0,3.54,4,2,0.5,65.61,1,0,0.0,707.11,4,2,0.5,250.0,low
37013930501,013,13,0,0.0,3.54,13,0,0.0,3.54,13,1,0.07692307692307693,21.21,2,0,0.0,707.11,10,5,0.5,285.0,medium
37013930502,013,15,0,0.0,3.54,15,0,0.0,3.54,15,4,0.26666666666666666,21.21,4,0,0.0,707.11,10,5,0.5,355.36,medium
37013930600,013,21,0,0.0,3.54,21,0,0.0,3.54,21,4,0.19047619047619047,21.21,9,0,0.0,707.11,17,8,0.47058823529411764,230.0,medium
37013930700,013,31,0,0.0,3.54,31,0,0.0,3.54,31,4,0.12903225806451613,21.21,18,0,0.0,707.11,25,7,0.28,160.0,high
37013930800,013,16,0,0.0,3.54,16,0,0.0,3.54,16,5,0.3125,21.21,5,0,0.0,707.11,14,5,0.35714285714285715,70.71,medium
37013930900,013,28,0,0.0,3.54,28,2,0.07142857142857142,3.54,28,17,0.6071428571428571,105.0,16,0,0.0,707.11,19,15,0.7894736842105263,3430.0,medium
37013931000,013,18,0,0.0,3.54,18,0,0.0,3.54,18,7,0.3888888888888889,21.21,15,0,0.0,707.11,15,9,0.6,540.0,medium
37015960100,015,34,0,0.0,3.54,34,0,0.0,3.54,34,1,0.029411764705882353,21.21,23,0,0.0,707.11,25,7,0.28,120.0,high
37015960200,015,21,0,0.0,3.54,21,0,0.0,3.54,21,7,0.3333333333333333,21.21,14,0,0.0,707.11,21,4,0.19047619047619047,180.0,medium
37015960300,015,20,0,0.0,3.54,20,0,0.0,3.54,20,3,0.15,21.21,13,0,0.0,707.11,14,4,0.2857142857142857,205.0,medium
37015960400,015,29,0,0.0,3.54,29,0,0.0,3.54,29,3,0.10344827586206896,21.21,12,1,0.08333333333333333,707.11,19,3,0.15789473684210525,70.71,medium
37017950100,017,77,0,0.0,3.54,77,0,0.0,3.54,77,18,0.23376623376623376,21.21,39,0,0.0,707.11,49,26,0.5306122448979592,310.0,high
37017950200,017,44,0,0.0,3.54,44,1,0.022727272727272728,3.54,44,5,0.11363636363636363,21.21,24,0,0.0,707.11,31,18,0.5806451612903226,500.0,high
37017950300,017,35,0,0.0,3.54,35,0,0.0,3.54,35,3,0.08571428571428572,21.21,14,0,0.0,707.11,23,10,0.43478260869565216,200.0,high
37017950400,017,24,0,0.0,3.54,24,0,0.0,3.54,24,0,0.0,21.21,9,0,0.0,707.11,11,4,0.36363636363636365,70.71,medium
37017950500,017,22,0,0.0,3.54,23,0,0.0,3.54,24,1,0.041666666666666664,21.21,12,0,0.0,707.11,19,6,0.3157894736842105,130.0,medium
37017950600,017,30,0,0.0,3.54,30,0,0.0,3.54,30,9,0.3,21.21,9,0,0.0,707.11,19,6,0.3157894736842105,130.0,high
37019020101,019,17,0,0.0,3.54,17,0,0.0,3.54,17,0,0.0,21.21,11,0,0.0,707.11,11,3,0.2727272727272727,70.71,medium
37019020102,019,6,0,0.0,3.54,6,0,0.0,3.54,6,0,0.0,21.21,5,0,0.0,707.11,6,1,0.16666666666666666,115.0,low
37019020103,019,15,0,0.0,3.54,15,0,0.0,3.54,15,3,0.2,21.21,11,0,0.0,707.11,11,9,0.8181818181818182,810.0,medium
37019020104,019,6,0,0.0,2.12,6,0,0.0,3.54,6,2,0.3333333333333333,21.21,1,0,0.0,707.11,2,0,0.0,70.71,low
37019020202,019,48,2,0.041666666666666664,3.54,48,0,0.0,3.54,49,18,0.3673469387755102,21.21,29,0,0.0,707.11,34,20,0.5882352941176471,430.0,high
37019020203,019,39,0,0.0,3.54,39,0,0.0,3.54,39,11,0.28205128205128205,21.21,31,0,0.0,707.11,34,23,0.6764705882352942,995.0,high
37019020204,019,61,0,0.0,3.54,61,0,0.0,3.54,61,25,0.4098360655737705,40.0,28,0,0.0,707.11,34,26,0.7647058823529411,1850.0,high
37019020303,019,39,0,0.0,3.54,39,0,0.0,3.54,39,4,0.10256410256410256,21.21,17,0,0.0,707.11,18,13,0.7222222222222222,830.0,high
37019020304,019,15,0,0.0,3.54,15,0,0.0,3.54,15,6,0.4,40.0,6,0,0.0,707.11,8,5,0.625,1250.0,medium
37019020305,019,5,0,0.0,0.71,5,0,0.0,3.54,5,0,0.0,21.21,2,0,0.0,707.11,2,2,1.0,2200.0,low
37019020306,019,15,0,0.0,3.54,15,1,0.06666666666666667,3.54,15,2,0.13333333333333333,21.21,2,0,0.0,1153.55,6,4,0.6666666666666666,535.0,medium
37019020307,019,1,0,0.0,3.54,1,0,0.0,3.54,1,0,0.0,21.21,0,0,,,1,0,0.0,70.71,low
37019020308,019,5,0,0.0,0.71,5,1,0.2,3.54,5,1,0.2,21.21,0,0,,,1,1,1.0,360.0,low
37019020309,019,3,0,0.0,0.71,3,0,0.0,3.54,3,0,0.0,21.21,0,0,,,0,0,,,low
37019020310,019,1,0,0.0,3.54,1,0,0.0,3.54,1,0,0.0,21.21,0,0,,,1,1,1.0,430.0,low
37019020402,019,18,0,0.0,3.54,18,1,0.05555555555555555,3.54,18,1,0.05555555555555555,21.21,8,0,0.0,707.11,13,7,0.5384615384615384,500.0,medium
37019020403,019,53,0,0.0,3.54,53,1,0.018867924528301886,3.54,53,4,0.07547169811320754,21.21,36,0,0.0,707.11,39,35,0.8974358974358975,900.0,high
37019020404,019,39,0,0.0,3.54,39,0,0.0,3.54,39,7,0.1794871794871795,21.21,27,0,0.0,707.11,29,26,0.896551724137931,950.0,high
37019020405,019,38,0,0.0,3.54,38,1,0.02631578947368421,3.54,38,6,0.15789473684210525,21.21,27,0,0.0,707.11,32,23,0.71875,950.0,high
37019020504,019,3,0,0.0,3.54,3,0,0.0,3.54,3,0,0.0,21.21,2,0,0.0,707.11,2,1,0.5,455.36,low
37019020505,019,72,0,0.0,3.54,72,1,0.013888888888888888,3.54,72,37,0.5138888888888888,50.0,56,0,0.0,707.11,57,44,0.7719298245614035,2600.0,high
37019020506,019,4,0,0.0,3.54,4,1,0.25,3.54,4,1,0.25,25.61,2,0,0.0,707.11,3,3,1.0,430.0,low
37019020507,019,21,0,0.0,3.54,21,0,0.0,3.54,21,3,0.14285714285714285,35.0,8,0,0.0,707.11,11,10,0.9090909090909091,1800.0,medium
37019020508,019,4,0,0.0,5.3,4,0,0.0,3.54,4,2,0.5,35.61,2,0,0.0,707.11,2,2,1.0,3600.0,low
37019020509,019,11,0,0.0,3.54,11,1,0.09090909090909091,3.54,11,2,0.18181818181818182,21.21,8,0,0.0,707.11,9,8,0.8888888888888888,1900.0,medium
37019020510,019,4,0,0.0,2.12,4,0,0.0,3.54,4,3,0.75,90.0,1,0,0.0,707.11,1,1,1.0,9800.0,low
37019020511,019,5,0,0.0,3.54,5,0,0.0,3.54,5,0,0.0,21.21,3,0,0.0,707.11,4,2,0.5,455.36,low
37019020512,019,1,0,0.0,3.54,1,0,0.0,3.54,1,0,0.0,21.21,2,0,0.0,1200.0,1,0,0.0,70.71,low
37019020601,019,83,0,0.0,3.54,83,0,0.0,3.54,83,14,0.1686746987951807,21.21,57,0,0.0,707.11,60,27,0.45,200.0,high
37019020602,019,154,0,0.0,3.54,154,0,0.0,3.54,154,31,0.2012987012987013,21.21,115,0,0.0,707.11,120,93,0.775,1000.0,high
37019020603,019,40,0,0.0,3.54,40,2,0.05,3.54,40,6,0.15,21.21,22,0,0.0,707.11,24,20,0.8333333333333334,1300.0,high
37021000100,021,6,0,0.0,0.71,6,1,0.16666666666666666,3.54,6,1,0.16666666666666666,21.21,1,0,0.0,707.11,2,1,0.5,11535.36,low
37021000200,021,2,0,0.0,0.71,2,0,0.0,3.54,2,0,0.0,21.21,0,0,,,0,0,,,low
37021000400,021,4,0,0.0,2.12,4,0,0.0,3.54,4,3,0.75,185.0,1,0,0.0,707.11,1,0,0.0,150.0,low
37021000500,021,9,0,0.0,0.71,9,0,0.0,3.54,9,4,0.4444444444444444,21.21,2,0,0.0,707.11,4,2,0.5,1155.0,low
37021000600,021,1,0,0.0,3.54,1,0,0.0,3.54,1,0,0.0,21.21,1,0,0.0,2100.0,1,0,0.0,220.0,low
37021000700,021,1,0,0.0,0.71,1,0,0.0,3.54,1,1,1.0,380.0,0,0,,,0,0,,,low
37021000800,021,8,0,0.0,3.54,8,0,0.0,3.54,8,1,0.125,21.21,0,0,,,4,0,0.0,70.71,low
37021000900,021,3,0,0.0,3.54,3,0,0.0,3.54,3,1,0.3333333333333333,40.0,0,0,,,1,1,1.0,520.0,low
37021001000,021,5,0,0.0,3.54,5,0,0.0,3.54,5,2,0.4,40.0,2,0,0.0,707.11,2,2,1.0,5050.0,low
37021001100,021,7,0,0.0,3.54,7,0,0.0,3.54,7,3,0.42857142857142855,21.21,3,0,0.0,1200.0,3,1,0.3333333333333333,70.71,low
37021001200,021,19,0,0.0,3.54,19,0,0.0,3.54,19,5,0.2631578947368421,21.21,12,0,0.0,707.11,16,5,0.3125,115.0,medium
37021001300,021,17,0,0.0,3.54,17,0,0.0,3.54,17,2,0.11764705882352941,21.21,3,0,0.0,1700.0,11,2,0.18181818181818182,70.71,medium
37021001400,021,15,0,0.0,3.54,15,0,0.0,3.54,15,5,0.3333333333333333,21.21,14,0,0.0,3350.0,9,4,0.4444444444444444,190.0,medium
37021001500,021,3,0,0.0,3.54,3,0,0.0,3.54,3,0,0.0,21.21,2,0,0.0,707.11,3,1,0.3333333333333333,70.71,low
37021001600,021,51,0,0.0,3.54,51,1,0.0196078431372549,3.54,51,24,0.47058823529411764,40.0,21,0,0.0,707.11,31,17,0.5483870967741935,1200.0,high
37021001700,021,52,0,0.0,3.54,52,0,0.0,3.54,52,19,0.36538461538461536,21.21,19,0,0.0,707.11,32,12,0.375,130.0,high
37021001801,021,22,0,0.0,3.54,22,0,0.0,3.54,22,10,0.45454545454545453,40.0,14,0,0.0,707.11,17,6,0.35294117647058826,150.0,medium
37021001802,021,13,0,0.0,3.54,13,0,0.0,3.54,13,7,0.5384615384615384,68.0,6,0,0.0,707.11,6,4,0.6666666666666666,455.0,medium
37021001900,021,3,0,0.0,3.54,3,0,0.0,3.54,3,1,0.3333333333333333,21.21,2,0,0.0,1403.55,2,1,0.5,585.36,low
37021002000,021,10,0,0.0,0.71,10,0,0.0,3.54,10,6,0.6,74.5,4,0,0.0,1153.55,4,0,0.0,70.71,medium
37021002101,021,7,0,0.0,3.54,7,0,0.0,3.54,7,2,0.2857142857142857,21.21,4,0,0.0,707.11,5,3,0.6,340.0,low
37021002102,021,14,0,0.0,3.54,14,0,0.0,3.54,14,1,0.07142857142857142,21.21,5,0,0.0,707.11,9,1,0.1111111111111111,70.71,medium
37021002203,021,29,0,0.0,3.54,29,0,0.0,3.54,29,6,0.20689655172413793,21.21,17,0,0.0,707.11,24,5,0.20833333333333334,70.71,medium
37021002204,021,34,0,0.0,2.12,34,4,0.11764705882352941,3.54,34,15,0.4411764705882353,35.0,10,0,0.0,707.11,16,8,0.5,245.0,high
37021002205,021,34,0,0.0,3.54,34,0,0.0,3.54,34,6,0.17647058823529413,21.21,13,0,0.0,707.11,19,5,0.2631578947368421,70.71,high
37021002206,021,20,0,0.0,3.54,20,0,0.0,3.54,20,7,0.35,21.21,5,0,0.0,707.11,8,4,0.5,355.0,medium
37021002301,021,106,0,0.0,3.54,106,1,0.009433962264150943,3.54,106,17,0.16037735849056603,21.21,48,0,0.0,707.11,83,20,0.24096385542168675,70.71,high
37021002302,021,89,0,0.0,3.54,89,3,0.033707865168539325,3.54,89,28,0.3146067415730337,21.21,49,0,0.0,707.11,71,28,0.39436619718309857,110.0,high
37021002401,021,139,0,0.0,3.54,139,0,0.0,3.54,139,38,0.2733812949640288,21.21,79,0,0.0,707.11,107,46,0.42990654205607476,230.0,high
37021002402,021,161,0,0.0,3.54,161,2,0.012422360248447204,3.54,161,44,0.2732919254658385,21.21,108,1,0.009259259259259259,707.11,131,58,0.44274809160305345,190.0,high
37021002503,021,64,0,0.0,3.54,64,0,0.0,3.54,64,7,0.109375,21.21,44,0,0.0,707.11,49,20,0.40816326530612246,150.0,high
37021002504,021,190,0,0.0,3.54,190,0,0.0,3.54,190,35,0.18421052631578946,21.21,123,0,0.0,707.11,155,66,0.4258064516129032,230.0,high
37021002505,021,57,0,0.0,3.54,57,0,0.0,3.54,57,19,0.3333333333333333,21.21,30,0,0.0,707.11,41,19,0.4634146341463415,260.0,high
37021002506,021,36,0,0.0,3.54,36,1,0.027777777777777776,3.54,36,15,0.4166666666666667,27.11,17,0,0.0,707.11,27,16,0.5925925925925926,570.0,high
37021002603,021,206,0,0.0,3.54,206,4,0.019417475728155338,3.54,206,24,0.11650485436893204,21.21,131,0,0.0,707.11,158,63,0.3987341772151899,185.5,high
37021002604,021,386,0,0.0,3.54,386,5,0.012953367875647668,3.54,386,33,0.08549222797927461,21.21,318,0,0.0,707.11,330,103,0.31212121212121213,100.0,high
37021002605,021,211,0,0.0,3.54,211,1,0.004739336492890996,3.54,211,35,0.16587677725118483,21.21,120,6,0.05,707.11,158,64,0.4050632911392405,175.0,high
37021002606,021,142,0,0.0,3.54,142,1,0.007042253521126761,3.54,142,43,0.3028169014084507,21.21,93,0,0.0,707.11,118,47,0.3983050847457627,130.0,high
37021002607,021,57,0,0.0,3.54,57,3,0.05263157894736842,3.54,57,13,0.22807017543859648,21.21,29,0,0.0,707.11,41,19,0.4634146341463415,180.0,high
37021002701,021,97,0,0.0,3.54,97,2,0.020618556701030927,3.54,97,34,0.35051546391752575,21.21,40,0,0.0,707.11,55,21,0.38181818181818183,210.0,high
37021002702,021,134,0,0.0,3.54,134,2,0.014925373134328358,3.54,134,42,0.31343283582089554,21.21,65,0,0.0,707.11,77,34,0.44155844155844154,210.0,high
37021002703,021,264,0,0.0,3.54,264,2,0.007575757575757576,3.54,264,85,0.32196969696969696,21.21,97,0,0.0,707.11,177,90,0.5084745762711864,300.0,high
37021002803,021,212,0,0.0,3.54,212,5,0.02358490566037736,3.54,212,30,0.14150943396226415,21.21,111,0,0.0,707.11,145,44,0.30344827586206896,130.0,high
37021002804,021,294,0,0.0,3.54,294,6,0.02040816326530612,3.54,294,43,0.14625850340136054,21.21,158,0,0.0,707.11,210,70,0.3333333333333333,70.71,high
37021002900,021,210,0,0.0,3.54,210,4,0.01904761904761905,3.54,210,34,0.1619047619047619,21.21,93,0,0.0,707.11,148,52,0.35135135135135137,140.0,high
37021003001,021,176,0,0.0,3.54,176,7,0.03977272727272727,3.54,176,43,0.24431818181818182,21.21,66,0,0.0,707.11,111,50,0.45045045045045046,220.0,high
37021003002,021,139,1,0.007194244604316547,3.54,139,3,0.02158273381294964,3.54,139,42,0.302158273381295,21.21,69,0,0.0,707.11,102,39,0.38235294117647056,125.0,high
37021003102,021,59,0,0.0,3.54,62,0,0.0,3.54,59,7,0.11864406779661017,21.21,15,0,0.0,707.11,30,6,0.2,70.71,high
37021003103,021,71,0,0.0,3.54,71,0,0.0,3.54,71,5,0.07042253521126761,21.21,25,0,0.0,707.11,47,12,0.2553191489361702,110.0,high
37021003104,021,25,0,0.0,3.54,25,1,0.04,3.54,25,5,0.2,21.21,10,0,0.0,707.11,18,6,0.3333333333333333,100.36,medium
37021003201,021,39,0,0.0,3.54,39,0,0.0,3.54,39,8,0.20512820512820512,21.21,15,0,0.0,707.11,25,8,0.32,70.71,high
37021003202,021,270,0,0.0,3.54,270,6,0.022222222222222223,3.54,270,55,0.2037037037037037,21.21,114,1,0.008771929824561403,707.11,190,45,0.23684210526315788,70.71,high
37021003203,021,150,0,0.0,3.54,150,2,0.013333333333333334,3.54,150,51,0.34,21.21,73,1,0.0136986301369863,707.11,99,43,0.43434343434343436,190.0,high
37021003204,021,401,2,0.004987531172069825,3.54,401,5,0.012468827930174564,3.54,401,84,0.20947630922693267,21.21,158,0,0.0,707.11,279,75,0.26881720430107525,70.71,high
37021003205,021,130,0,0.0,3.54,130,4,0.03076923076923077,3.54,130,6,0.046153846153846156,21.21,71,0,0.0,707.11,94,18,0.19148936170212766,70.71,high
37023020100,023,35,0,0.0,3.54,35,0,0.0,3.54,35,11,0.3142857142857143,21.21,25,5,0.2,707.11,27,12,0.4444444444444444,160.0,high
37023020201,023,146,1,0.00684931506849315,3.54,146,2,0.0136986301369863,3.54,146,33,0.22602739726027396,21.21,83,0,0.0,707.11,112,32,0.2857142857142857,70.71,high
37023020202,023,17,0,0.0,3.54,17,0,0.0,3.54,17,0,0.0,21.21,4,0,0.0,707.11,11,0,0.0,70.71,medium
37023020301,023,14,0,0.0,3.54,14,0,0.0,3.54,14,4,0.2857142857142857,21.21,8,0,0.0,707.11,10,3,0.3,70.71,medium
37023020302,023,27,0,0.0,3.54,27,0,0.0,3.54,27,2,0.07407407407407407,21.21,11,0,0.0,707.11,15,3,0.2,100.0,medium
37023020500,023,1,0,0.0,3.54,1,0,0.0,3.54,1,0,0.0,21.21,0,0,,,1,0,0.0,70.71,low
37023020600,023,5,0,0.0,3.54,5,0,0.0,3.54,5,0,0.0,21.21,0,0,,,1,0,0.0,70.71,low
37023020801,023,6,0,0.0,0.71,6,0,0.0,3.54,6,1,0.16666666666666666,21.21,0,0,,,0,0,,,low
37023020802,023,7,0,0.0,0.71,7,0,0.0,3.54,7,1,0.14285714285714285,21.21,1,0,0.0,707.11,2,1,0.5,505.36,low
37023020900,023,12,0,0.0,3.54,12,1,0.08333333333333333,3.54,12,6,0.5,50.0,5,0,0.0,707.11,6,4,0.6666666666666666,675.0,medium
37023021000,023,16,0,0.0,3.54,16,0,0.0,3.54,16,5,0.3125,21.21,5,0,0.0,707.11,7,3,0.42857142857142855,70.71,medium
37023021100,023,16,2,0.125,3.54,16,1,0.0625,3.54,16,4,0.25,21.21,9,0,0.0,707.11,12,4,0.3333333333333333,125.0,medium
37023021201,023,50,0,0.0,3.54,50,1,0.02,3.54,50,24,0.48,35.0,26,0,0.0,707.11,33,19,0.5757575757575758,550.0,high
37023021202,023,24,0,0.0,0.71,24,0,0.0,3.54,24,10,0.4166666666666667,40.0,7,0,0.0,707.11,11,8,0.7272727272727273,490.0,medium
37023021203,023,47,0,0.0,3.54,47,1,0.02127659574468085,3.54,47,14,0.2978723404255319,21.21,14,0,0.0,707.11,23,11,0.4782608695652174,280.0,high
37023021301,023,9,0,0.0,3.54,9,0,0.0,3.54,9,2,0.2222222222222222,21.21,4,0,0.0,707.11,5,1,0.2,70.71,low
37023021302,023,36,0,0.0,3.54,36,1,0.027777777777777776,3.54,36,12,0.3333333333333333,21.21,17,0,0.0,707.11,25,8,0.32,70.71,high
37023021400,023,3,0,0.0,3.54,3,0,0.0,3.54,3,0,0.0,21.21,0,0,,,1,0,0.0,70.71,low
37025040500,025,93,1,0.010752688172043012,3.54,93,1,0.010752688172043012,3.54,93,33,0.3548387096774194,21.21,33,0,0.0,707.11,57,20,0.3508771929824561,70.71,high
37025040600,025,188,0,0.0,3.54,188,1,0.005319148936170213,3.54,187,65,0.34759358288770054,21.21,101,0,0.0,707.11,116,34,0.29310344827586204,115.0,high
37025040702,025,5,0,0.0,3.54,5,0,0.0,3.54,5,3,0.6,160.0,3,0,0.0,707.11,5,1,0.2,70.71,low
37025040703,025,1,0,0.0,3.54,1,0,0.0,3.54,1,0,0.0,21.21,1,0,0.0,1500.0,1,0,0.0,70.71,low
37025040800,025,4,0,0.0,3.54,4,0,0.0,3.54,4,0,0.0,21.21,2,0,0.0,2353.55,3,1,0.3333333333333333,170.0,low
37025040900,025,2,0,0.0,0.71,2,0,0.0,3.54,2,0,0.0,21.21,0,0,,,0,0,,,low
37025041000,025,7,0,0.0,0.71,7,1,0.14285714285714285,3.54,7,2,0.2857142857142857,21.21,1,0,0.0,2700.0,3,1,0.3333333333333333,70.71,low
37025041100,025,6,0,0.0,3.54,6,0,0.0,3.54,6,1,0.16666666666666666,21.21,1,0,0.0,1800.0,4,0,0.0,70.71,low
37025041200,025,127,0,0.0,3.54,128,3,0.0234375,3.54,127,33,0.25984251968503935,21.21,59,0,0.0,707.11,81,17,0.20987654320987653,70.71,high
37025041301,025,158,1,0.006329113924050633,3.54,158,5,0.03164556962025317,3.54,163,53,0.32515337423312884,21.21,79,0,0.0,707.11,111,31,0.27927927927927926,70.71,high
37025041302,025,40,0,0.0,3.54,40,0,0.0,3.54,40,8,0.2,21.21,19,0,0.0,1400.0,27,6,0.2222222222222222,70.71,high
37025041303,025,30,0,0.0,3.54,30,0,0.0,3.54,30,5,0.16666666666666666,21.21,14,0,0.0,1300.0,18,5,0.2777777777777778,70.71,high
37025041501,025,30,0,0.0,0.71,30,1,0.03333333333333333,3.54,37,11,0.2972972972972973,21.21,9,0,0.0,1600.0,19,5,0.2631578947368421,70.71,high
37025041502,025,93,1,0.010752688172043012,3.54,93,0,0.0,3.54,100,33,0.33,21.21,32,0,0.0,707.11,58,14,0.2413793103448276,70.71,high
37025041503,025,25,0,0.0,3.54,25,0,0.0,3.54,25,5,0.2,21.21,7,0,0.0,707.11,15,4,0.26666666666666666,70.71,medium
37025041601,025,215,28,0.13023255813953488,3.54,215,0,0.0,3.54,214,97,0.4532710280373832,21.21,73,1,0.0136986301369863,707.11,130,34,0.26153846153846155,70.71,high
37025041602,025,77,6,0.07792207792207792,3.54,77,3,0.03896103896103896,3.54,77,41,0.5324675324675324,50.0,35,0,0.0,707.11,43,13,0.3023255813953488,130.0,high
37025041701,025,86,4,0.046511627906976744,3.54,86,1,0.011627906976744186,3.54,86,55,0.6395348837209303,135.0,44,1,0.022727272727272728,707.11,57,21,0.3684210526315789,130.0,high
37025041702,025,115,3,0.02608695652173913,3.54,115,1,0.008695652173913044,3.54,115,38,0.33043478260869563,21.21,67,1,0.014925373134328358,707.11,85,24,0.2823529411764706,110.0,high
37025041901,025,1,0,0.0,3.54,1,0,0.0,3.54,1,0,0.0,21.21,0,0,,,1,0,0.0,100.0,low
37025041902,025,4,0,0.0,2.12,4,0,0.0,3.54,4,0,0.0,21.21,0,0,,,2,0,0.0,70.71,low
37025042000,025,1,0,0.0,0.71,1,0,0.0,3.54,1,0,0.0,21.21,0,0,,,0,0,,,low
37025042101,025,3,0,0.0,0.71,3,0,0.0,3.54,3,1,0.3333333333333333,21.21,0,0,,,0,0,,,low
37025042102,025,4,0,0.0,3.54,4,0,0.0,3.54,4,3,0.75,145.0,2,0,0.0,707.11,3,1,0.3333333333333333,190.0,low
37025042200,025,15,0,0.0,3.54,20,1,0.05,3.54,15,4,0.26666666666666666,21.21,2,0,0.0,953.55,6,1,0.16666666666666666,70.71,medium
37025042300,025,2,0,0.0,0.71,2,0,0.0,3.54,2,1,0.5,55.61,0,0,,,0,0,,,low
37025042401,025,7,0,0.0,0.71,7,0,0.0,3.54,7,5,0.7142857142857143,440.0,1,0,0.0,707.11,1,1,1.0,1200.0,low
37025042402,025,3,0,0.0,3.54,3,0,0.0,3.54,3,1,0.3333333333333333,40.0,0,0,,,1,0,0.0,70.71,low
37025042501,025,11,0,0.0,3.54,11,0,0.0,3.54,11,2,0.18181818181818182,21.21,3,0,0.0,1700.0,6,3,0.5,340.0,medium
37025042503,025,3,0,0.0,3.54,3,0,0.0,3.54,3,0,0.0,21.21,1,0,0.0,707.11,2,0,0.0,105.36,low
37025042504,025,2,0,0.0,3.54,2,0,0.0,3.54,2,1,0.5,75.0,0,0,,,1,0,0.0,110.0,low
37025042601,025,3,0,0.0,3.54,3,1,0.3333333333333333,3.54,3,0,0.0,21.21,1,0,0.0,707.11,3,1,0.3333333333333333,70.71,low
37025042602,025,5,0,0.0,3.54,5,0,0.0,3.54,5,3,0.6,50.0,3,0,0.0,2200.0,4,0,0.0,70.71,low
37025042603,025,11,0,0.0,3.54,11,0,0.0,3.54,11,4,0.36363636363636365,21.21,1,0,0.0,707.11,3,0,0.0,70.71,medium
37025042604,025,5,0,0.0,0.71,5,0,0.0,3.54,5,1,0.2,21.21,0,0,,,1,0,0.0,170.0,low
37027030100,027,5,0,0.0,3.54,5,0,0.0,3.54,5,1,0.2,21.21,1,0,0.0,707.11,4,2,0.5,1785.0,low
37027030200,027,11,0,0.0,3.54,11,0,0.0,3.54,11,1,0.09090909090909091,21.21,1,0,0.0,707.11,9,3,0.3333333333333333,70.71,medium
37027030300,027,6,0,0.0,3.54,6,0,0.0,3.54,6,0,0.0,21.21,1,0,0.0,707.11,5,2,0.4,240.0,low
37027030500,027,4,0,0.0,3.54,4,0,0.0,3.54,4,1,0.25,21.21,2,0,0.0,707.11,3,0,0.0,70.71,low
37027030600,027,3,0,0.0,3.54,3,0,0.0,3.54,3,1,0.3333333333333333,40.0,0,0,,,2,1,0.5,505.0,low
37027030700,027,2,0,0.0,3.89,2,0,0.0,3.54,2,0,0.0,30.61,0,0,,,0,0,,,low
37027030800,027,4,0,0.0,3.54,4,0,0.0,3.54,4,1,0.25,29.61,0,0,,,4,1,0.25,125.36,low
37027030900,027,131,6,0.04580152671755725,3.54,131,4,0.030534351145038167,3.54,131,18,0.13740458015267176,21.21,0,0,,,129,50,0.3875968992248062,200.0,high
37027031000,027,73,0,0.0,3.54,73,2,0.0273972602739726,3.54,74,10,0.13513513513513514,21.21,1,0,0.0,707.11,65,23,0.35384615384615387,70.71,high
37027031100,027,66,0,0.0,3.54,66,0,0.0,3.54,66,10,0.15151515151515152,21.21,0,0,,,52,16,0.3076923076923077,105.0,high
37027031201,027,28,0,0.0,3.54,28,0,0.0,3.54,28,12,0.42857142857142855,21.21,2,0,0.0,707.11,18,9,0.5,300.0,medium
37027031202,027,8,2,0.25,3.54,7,0,0.0,3.54,7,3,0.42857142857142855,47.0,0,0,,,5,3,0.6,830.0,low
37027031300,027,9,0,0.0,3.54,9,0,0.0,3.54,9,1,0.1111111111111111,21.21,0,0,,,9,1,0.1111111111111111,70.71,low
37027031401,027,7,0,0.0,3.54,7,0,0.0,3.54,7,5,0.7142857142857143,71.0,0,0,,,7,6,0.8571428571428571,3700.0,low
37027031402,027,1,0,0.0,3.54,1,0,0.0,3.54,1,0,0.0,40.0,0,0,,,1,0,0.0,160.0,low
37029950101,029,66,0,0.0,3.54,66,0,0.0,3.54,66,35,0.5303030303030303,78.5,57,0,0.0,707.11,60,28,0.4666666666666667,245.0,high
37029950102,029,26,0,0.0,3.54,26,0,0.0,3.54,26,21,0.8076923076923077,105.0,24,0,0.0,707.11,23,21,0.9130434782608695,980.0,medium
37031970101,031,32,0,0.0,3.54,32,1,0.03125,3.54,32,13,0.40625,40.0,20,0,0.0,707.11,23,13,0.5652173913043478,390.0,high
37031970102,031,111,1,0.009009009009009009,3.54,111,1,0.009009009009009009,3.54,111,50,0.45045045045045046,30.0,75,0,0.0,707.11,82,49,0.5975609756097561,540.0,high
37031970103,031,120,0,0.0,3.54,128,4,0.03125,3.54,120,63,0.525,50.0,73,0,0.0,707.11,94,50,0.5319148936170213,330.0,high
37031970200,031,15,0,0.0,3.54,15,0,0.0,3.54,15,2,0.13333333333333333,21.21,11,0,0.0,707.11,11,3,0.2727272727272727,70.71,medium
37031970301,031,69,0,0.0,3.54,69,1,0.014492753623188406,3.54,69,5,0.07246376811594203,21.21,29,0,0.0,707.11,38,8,0.21052631578947367,90.36,high
37031970302,031,44,0,0.0,0.71,44,6,0.13636363636363635,3.54,44,2,0.045454545454545456,21.21,11,0,0.0,707.11,4,2,0.5,735.36,high
37031970303,031,7,0,0.0,3.54,7,0,0.0,3.54,7,1,0.14285714285714285,21.21,3,0,0.0,707.11,4,2,0.5,285.36,low
37031970304,031,21,0,0.0,3.54,21,0,0.0,3.54,21,2,0.09523809523809523,21.21,10,0,0.0,707.11,12,1,0.08333333333333333,120.0,medium
37031970401,031,1,0,0.0,0.71,1,0,0.0,3.54,1,0,0.0,21.21,0,0,,,0,0,,,low
37031970402,031,8,0,0.0,0.71,8,0,0.0,3.54,8,0,0.0,21.21,1,0,0.0,707.11,1,1,1.0,330.0,low
37031970403,031,4,0,0.0,3.54,9,0,0.0,3.54,4,0,0.0,21.21,0,0,,,4,0,0.0,70.71,low
37031970501,031,32,0,0.0,3.54,32,0,0.0,3.54,32,8,0.25,21.21,16,0,0.0,707.11,21,12,0.5714285714285714,450.0,high
37031970502,031,51,0,0.0,3.54,52,1,0.019230769230769232,3.54,51,4,0.0784313725490196,21.21,22,0,0.0,707.11,26,12,0.46153846153846156,260.0,high
37031970503,031,29,0,0.0,3.54,29,0,0.0,3.54,29,3,0.10344827586206896,21.21,13,0,0.0,707.11,14,7,0.5,225.0,medium
37031970504,031,10,0,0.0,3.54,10,0,0.0,3.54,10,0,0.0,21.21,3,0,0.0,707.11,7,0,0.0,70.71,medium
37031970601,031,57,0,0.0,0.71,57,0,0.0,3.54,57,21,0.3684210526315789,21.21,6,0,0.0,707.11,6,6,1.0,1315.0,high
37031970602,031,22,0,0.0,3.54,22,2,0.09090909090909091,3.54,22,10,0.45454545454545453,44.5,13,0,0.0,707.11,13,11,0.8461538461538461,990.0,medium
37031970603,031,17,0,0.0,3.54,17,0,0.0,3.54,17,12,0.7058823529411765,60.0,10,0,0.0,707.11,10,9,0.9,1375.0,medium
37031970604,031,31,0,0.0,3.54,31,1,0.03225806451612903,3.54,31,3,0.0967741935483871,21.21,11,0,0.0,707.11,19,6,0.3157894736842105,70.71,high
37031970605,031,6,0,0.0,2.12,6,0,0.0,3.54,6,1,0.16666666666666666,21.21,2,0,0.0,707.11,3,1,0.3333333333333333,230.0,low
37031970701,031,14,0,0.0,3.54,14,1,0.07142857142857142,3.54,14,10,0.7142857142857143,55.0,9,0,0.0,707.11,11,8,0.7272727272727273,1100.0,medium
37031970702,031,85,0,0.0,3.54,85,3,0.03529411764705882,3.54,85,21,0.24705882352941178,21.21,81,0,0.0,707.11,72,56,0.7777777777777778,645.0,high
37031970703,031,26,0,0.0,3.54,26,1,0.038461538461538464,3.54,26,9,0.34615384615384615,21.21,15,0,0.0,707.11,17,13,0.7647058823529411,940.0,medium
37031970704,031,24,0,0.0,3.54,24,0,0.0,3.54,24,7,0.2916666666666667,30.0,21,0,0.0,707.11,20,16,0.8,1150.0,medium
37031970801,031,59,0,0.0,3.54,59,1,0.01694915254237288,3.54,59,18,0.3050847457627119,37.0,42,0,0.0,707.11,46,44,0.9565217391304348,1100.0,high
37031970802,031,11,0,0.0,3.54,11,0,0.0,3.54,11,0,0.0,21.21,5,0,0.0,707.11,5,1,0.2,70.71,medium
37031970803,031,4,0,0.0,2.12,4,0,0.0,3.54,4,0,0.0,21.21,1,0,0.0,707.11,2,1,0.5,265.36,low
37031970804,031,30,0,0.0,3.54,30,0,0.0,3.54,30,0,0.0,21.21,22,0,0.0,707.11,24,13,0.5416666666666666,345.0,high
37031970805,031,19,0,0.0,0.71,19,2,0.10526315789473684,3.54,19,3,0.15789473684210525,21.21,9,0,0.0,707.11,9,8,0.8888888888888888,1100.0,medium
37031970901,031,3,0,0.0,3.54,3,0,0.0,3.54,3,0,0.0,21.21,1,0,0.0,707.11,2,0,0.0,145.36,low
37031970903,031,3,0,0.0,3.54,3,0,0.0,3.54,3,0,0.0,21.21,2,0,0.0,707.11,2,1,0.5,830.0,low
37031971002,031,5,0,0.0,3.54,5,0,0.0,3.54,5,1,0.2,21.21,1,0,0.0,707.11,2,1,0.5,1975.0,low
37031971101,031,3,0,0.0,0.71,3,0,0.0,3.54,3,0,0.0,21.21,0,0,,,0,0,,,low
37033930100,033,63,0,0.0,3.54,63,4,0.06349206349206349,3.54,63,17,0.2698412698412698,21.21,49,0,0.0,707.11,42,12,0.2857142857142857,90.36,high
37033930200,033,132,0,0.0,3.54,132,3,0.022727272727272728,3.54,132,36,0.2727272727272727,21.21,108,0,0.0,707.11,94,25,0.26595744680851063,70.71,high
37033930300,033,96,0,0.0,3.54,96,4,0.041666666666666664,3.54,96,25,0.2604166666666667,21.21,49,1,0.02040816326530612,707.11,48,9,0.1875,70.71,high
37033930400,033,104,0,0.0,3.54,104,3,0.028846153846153848,3.54,104,26,0.25,21.21,76,0,0.0,707.11,63,25,0.3968253968253968,160.0,high
37033930500,033,90,0,0.0,3.54,90,3,0.03333333333333333,3.54,90,27,0.3,21.21,75,0,0.0,707.11,56,20,0.35714285714285715,120.0,high
37033930600,033,203,0,0.0,3.54,203,3,0.014778325123152709,3.54,203,75,0.3694581280788177,21.21,162,0,0.0,707.11,138,34,0.2463768115942029,70.71,high
37035010101,035,82,0,0.0,3.54,82,0,0.0,3.54,82,13,0.15853658536585366,21.21,0,0,,,63,14,0.2222222222222222,70.71,high
37035010102,035,5,0,0.0,3.54,5,0,0.0,3.54,5,1,0.2,21.21,0,0,,,3,0,0.0,190.0,low
37035010201,035,54,1,0.018518518518518517,3.54,54,2,0.037037037037037035,3.54,54,10,0.18518518518518517,21.21,0,0,,,36,7,0.19444444444444445,70.71,high
37035010202,035,18,0,0.0,3.54,18,0,0.0,3.54,18,1,0.05555555555555555,21.21,0,0,,,14,2,0.14285714285714285,70.71,medium
37035010301,035,17,0,0.0,3.54,17,0,0.0,3.54,17,6,0.35294117647058826,21.21,0,0,,,14,7,0.5,295.0,medium
37035010302,035,7,0,0.0,3.54,7,1,0.14285714285714285,3.54,7,1,0.14285714285714285,21.21,1,0,0.0,707.11,7,0,0.0,70.71,low
37035010303,035,5,0,0.0,3.54,5,0,0.0,3.54,5,2,0.4,21.21,0,0,,,4,2,0.5,840.0,low
37035010304,035,3,0,0.0,3.54,3,0,0.0,3.54,3,0,0.0,21.21,0,0,,,1,0,0.0,70.71,low
37035010401,035,6,0,0.0,3.54,6,0,0.0,3.54,6,1,0.16666666666666666,30.61,0,0,,,3,0,0.0,70.71,low
37035010402,035,1,0,0.0,0.71,1,0,0.0,3.54,1,0,0.0,21.21,0,0,,,0,0,,,low
37035010501,035,2,0,0.0,0.71,2,0,0.0,3.54,2,0,0.0,21.21,0,0,,,0,0,,,low
37035010502,035,6,1,0.16666666666666666,3.54,6,1,0.16666666666666666,3.54,6,1,0.16666666666666666,21.21,0,0,,,4,0,0.0,70.71,low
37035010900,035,1,0,0.0,0.71,1,0,0.0,3.54,1,0,0.0,21.21,0,0,,,0,0,,,low
37035011000,035,1,0,0.0,0.71,1,0,0.0,3.54,1,0,0.0,21.21,0,0,,,0,0,,,low
37035011101,035,17,0,0.0,3.54,17,0,0.0,3.54,17,3,0.17647058823529413,21.21,0,0,,,13,4,0.3076923076923077,70.71,medium
37035011102,035,34,0,0.0,3.54,34,0,0.0,3.54,34,3,0.08823529411764706,21.21,1,0,0.0,707.11,25,5,0.2,70.71,high
37035011200,035,8,0,0.0,0.71,8,0,0.0,3.54,8,1,0.125,21.21,0,0,,,1,1,1.0,680.0,low
37035011300,035,22,0,0.0,3.54,22,2,0.09090909090909091,3.54,22,2,0.09090909090909091,21.21,0,0,,,15,3,0.2,70.71,medium
37035011401,035,28,1,0.03571428571428571,3.54,28,1,0.03571428571428571,3.54,28,2,0.07142857142857142,21.21,1,0,0.0,707.11,24,4,0.16666666666666666,70.71,medium
37035011402,035,57,4,0.07017543859649122,3.54,57,1,0.017543859649122806,3.54,57,16,0.2807017543859649,21.21,0,0,,,42,14,0.3333333333333333,70.71,high
37035011501,035,157,4,0.025477707006369428,3.54,157,1,0.006369426751592357,3.54,157,27,0.17197452229299362,21.21,1,0,0.0,707.11,140,24,0.17142857142857143,70.71,high
37035011503,035,200,0,0.0,3.54,200,0,0.0,3.54,200,40,0.2,21.21,1,0,0.0,707.11,152,26,0.17105263157894737,70.71,high
37035011504,035,260,0,0.0,3.54,260,0,0.0,3.54,260,35,0.1346153846153846,21.21,0,0,,,216,37,0.1712962962962963,70.71,high
37035011601,035,102,8,0.0784313725490196,3.54,102,0,0.0,3.54,102,20,0.19607843137254902,21.21,24,0,0.0,707.11,86,18,0.20930232558139536,70.71,high
37035011602,035,95,4,0.042105263157894736,3.54,95,1,0.010526315789473684,3.54,95,18,0.18947368421052632,21.21,1,0,0.0,707.11,71,15,0.2112676056338028,70.71,high
37035011701,035,54,0,0.0,3.54,54,5,0.09259259259259259,3.54,54,8,0.14814814814814814,21.21,0,0,,,42,11,0.2619047619047619,70.71,high
37035011702,035,82,0,0.0,3.54,82,0,0.0,3.54,82,2,0.024390243902439025,21.21,0,0,,,65,9,0.13846153846153847,70.71,high
37035011801,035,58,0,0.0,3.54,58,1,0.017241379310344827,3.54,58,15,0.25862068965517243,21.21,0,0,,,44,12,0.2727272727272727,70.71,high
37035011802,035,185,21,0.11351351351351352,3.54,145,6,0.041379310344827586,3.54,145,42,0.2896551724137931,21.21,0,0,,,118,48,0.4067796610169492,130.0,high
37037020103,037,108,0,0.0,3.54,108,3,0.027777777777777776,3.54,108,18,0.16666666666666666,21.21,73,0,0.0,707.11,80,12,0.15,70.71,high
37037020104,037,97,1,0.010309278350515464,3.54,97,2,0.020618556701030927,3.54,97,14,0.14432989690721648,21.21,49,0,0.0,707.11,64,8,0.125,70.71,high
37037020105,037,193,0,0.0,3.54,193,4,0.02072538860103627,3.54,193,43,0.22279792746113988,21.21,78,1,0.01282051282051282,707.11,93,27,0.2903225806451613,70.71,high
37037020106,037,488,1,0.0020491803278688526,3.54,488,8,0.01639344262295082,3.54,488,181,0.3709016393442623,21.21,266,1,0.0037593984962406013,707.11,329,72,0.2188449848024316,70.71,high
37037020200,037,763,29,0.03800786369593709,3.54,763,14,0.01834862385321101,3.54,763,303,0.39711664482306686,21.21,467,21,0.044967880085653104,707.11,512,104,0.203125,70.71,high
37037020300,037,92,6,0.06521739130434782,3.54,92,3,0.03260869565217391,3.54,92,30,0.32608695652173914,21.21,56,3,0.05357142857142857,707.11,63,13,0.20634920634920634,70.71,high
37037020401,037,20,1,0.05,3.54,20,0,0.0,3.54,20,3,0.15,21.21,15,1,0.06666666666666667,707.11,17,1,0.058823529411764705,70.71,medium
37037020402,037,13,0,0.0,3.54,13,2,0.15384615384615385,3.54,13,4,0.3076923076923077,21.21,10,1,0.1,707.11,10,5,0.5,260.0,medium
37037020500,037,114,17,0.14912280701754385,3.54,113,1,0.008849557522123894,3.54,113,57,0.504424778761062,50.0,67,3,0.04477611940298507,707.11,77,9,0.11688311688311688,70.71,high
37037020600,037,252,8,0.031746031746031744,3.54,251,4,0.01593625498007968,3.54,251,92,0.3665338645418327,21.21,155,8,0.05161290322580645,707.11,166,22,0.13253012048192772,70.71,high
37037020701,037,119,0,0.0,3.54,119,0,0.0,3.54,119,52,0.4369747899159664,37.0,67,0,0.0,707.11,72,15,0.20833333333333334,70.71,high
37037020702,037,303,5,0.0165016501650165,3.54,303,11,0.036303630363036306,3.54,303,158,0.5214521452145214,50.0,146,1,0.00684931506849315,707.11,202,46,0.22772277227722773,70.71,high
37037020800,037,567,17,0.029982363315696647,3.54,568,9,0.01584507042253521,3.54,568,174,0.30633802816901406,21.21,312,1,0.003205128205128205,707.11,383,75,0.195822454308094,70.71,high
37039930100,039,194,1,0.005154639175257732,0.71,194,3,0.015463917525773196,3.54,194,43,0.22164948453608246,21.21,69,0,0.0,707.11,64,9,0.140625,70.71,high
37039930200,039,119,0,0.0,3.54,119,4,0.03361344537815126,3.54,119,20,0.16806722689075632,21.21,36,0,0.0,707.11,49,15,0.30612244897959184,70.71,high
37039930300,039,212,0,0.0,3.54,212,5,0.02358490566037736,3.54,212,53,0.25,21.21,61,0,0.0,707.11,108,36,0.3333333333333333,70.71,high
37039930400,039,555,1,0.0018018018018018018,0.71,555,17,0.03063063063063063,3.54,555,116,0.209009009009009,21.21,55,0,0.0,707.11,199,39,0.19597989949748743,70.71,high
37039930500,039,765,1,0.00130718954248366,3.54,768,16,0.020833333333333332,3.54,765,258,0.33725490196078434,21.21,83,0,0.0,707.11,400,143,0.3575,130.0,high
37039930601,039,592,0,0.0,3.54,592,18,0.030405405405405407,3.54,592,189,0.31925675675675674,21.21,63,0,0.0,707.11,323,111,0.34365325077399383,70.71,high
37039930602,039,594,2,0.003367003367003367,0.71,595,13,0.021848739495798318,3.54,594,178,0.2996632996632997,21.21,84,0,0.0,707.11,242,67,0.2768595041322314,70.71,high
37041930101,041,12,0,0.0,3.54,12,0,0.0,3.54,12,1,0.08333333333333333,21.21,2,0,0.0,707.11,12,1,0.08333333333333333,115.0,medium
37041930102,041,14,0,0.0,3.54,14,0,0.0,3.54,14,14,1.0,70.0,12,0,0.0,707.11,12,12,1.0,815.0,medium
37041930200,041,21,0,0.0,3.54,21,1,0.047619047619047616,3.54,21,10,0.47619047619047616,40.0,13,1,0.07692307692307693,707.11,20,9,0.45,265.0,medium
37043950100,043,817,1,0.0012239902080783353,3.54,817,9,0.011015911872705019,3.54,817,191,0.23378212974296206,21.21,124,1,0.008064516129032258,707.11,479,140,0.29227557411273486,70.71,high
37043950200,043,758,0,0.0,3.54,758,21,0.027704485488126648,3.54,758,248,0.32717678100263853,21.21,53,0,0.0,707.11,324,103,0.31790123456790126,70.71,high
37045950101,045,33,0,0.0,3.54,33,2,0.06060606060606061,3.54,33,12,0.36363636363636365,40.0,15,0,0.0,707.11,20,11,0.55,325.0,high
37045950102,045,11,0,0.0,3.54,11,0,0.0,3.54,11,2,0.18181818181818182,21.21,2,0,0.0,1053.55,4,1,0.25,70.71,medium
37045950200,045,21,3,0.14285714285714285,3.54,21,2,0.09523809523809523,3.54,21,5,0.23809523809523808,21.21,4,0,0.0,1403.55,10,2,0.2,70.71,medium
37045950301,045,17,0,0.0,0.71,17,0,0.0,3.54,17,1,0.058823529411764705,21.21,0,0,,,7,0,0.0,70.71,medium
37045950302,045,31,0,0.0,0.71,33,3,0.09090909090909091,3.54,31,4,0.12903225806451613,21.21,8,0,0.0,707.11,13,4,0.3076923076923077,70.71,high
37045950400,045,7,0,0.0,3.54,7,0,0.0,3.54,7,5,0.7142857142857143,51.0,1,0,0.0,707.11,2,2,1.0,695.0,low
37045950500,045,12,0,0.0,0.71,12,0,0.0,3.54,12,4,0.3333333333333333,21.21,2,0,0.0,707.11,4,2,0.5,250.36,medium
37045950601,045,35,0,0.0,0.71,35,1,0.02857142857142857,3.54,35,4,0.11428571428571428,21.21,5,0,0.0,707.11,16,1,0.0625,70.71,high
37045950602,045,51,3,0.058823529411764705,3.54,51,3,0.058823529411764705,3.54,51,18,0.35294117647058826,21.21,18,0,0.0,707.11,29,7,0.2413793103448276,100.0,high
37045950700,045,21,2,0.09523809523809523,3.54,21,0,0.0,3.54,21,2,0.09523809523809523,21.21,1,0,0.0,707.11,6,0,0.0,70.71,medium
37045950800,045,15,1,0.06666666666666667,3.54,15,0,0.0,3.54,15,1,0.06666666666666667,21.21,1,0,0.0,707.11,3,1,0.3333333333333333,210.0,medium
37045950900,045,11,0,0.0,0.71,11,0,0.0,3.54,11,3,0.2727272727272727,21.21,1,0,0.0,2500.0,2,2,1.0,725.0,medium
37045951000,045,3,0,0.0,3.54,3,0,0.0,3.54,3,1,0.3333333333333333,21.21,0,0,,,1,0,0.0,70.71,low
37045951100,045,2,0,0.0,5.3,2,0,0.0,3.54,2,0,0.0,21.21,0,0,,,1,0,0.0,70.71,low
37045951200,045,7,0,0.0,0.71,7,0,0.0,3.54,7,2,0.2857142857142857,21.21,1,0,0.0,707.11,1,1,1.0,630.0,low
37045951300,045,13,0,0.0,3.54,13,0,0.0,3.54,13,1,0.07692307692307693,21.21,3,0,0.0,2100.0,5,0,0.0,70.71,medium
37045951400,045,28,0,0.0,3.54,28,0,0.0,3.54,28,4,0.14285714285714285,21.21,4,0,0.0,707.11,13,2,0.15384615384615385,70.71,medium
37045951501,045,12,0,0.0,3.54,12,0,0.0,3.54,12,2,0.16666666666666666,21.21,4,0,0.0,707.11,8,1,0.125,70.71,medium
37045951502,045,20,0,0.0,3.54,20,0,0.0,3.54,20,4,0.2,21.21,2,0,0.0,707.11,15,2,0.13333333333333333,70.71,medium
37045951503,045,9,1,0.1111111111111111,3.54,9,0,0.0,3.54,9,3,0.3333333333333333,38.0,2,0,0.0,707.11,2,2,1.0,2650.0,low
37045951601,045,17,0,0.0,0.71,17,0,0.0,3.54,17,2,0.11764705882352941,21.21,2,0,0.0,953.55,6,2,0.3333333333333333,100.36,medium
37045951602,045,14,0,0.0,3.54,14,0,0.0,3.54,14,1,0.07142857142857142,21.21,3,0,0.0,707.11,7,1,0.14285714285714285,70.71,medium
37047930100,047,93,1,0.010752688172043012,3.54,92,1,0.010869565217391304,3.54,92,10,0.10869565217391304,21.21,49,0,0.0,707.11,56,10,0.17857142857142858,70.71,high
37047930200,047,49,0,0.0,3.54,49,0,0.0,3.54,49,4,0.08163265306122448,21.21,33,0,0.0,707.11,38,10,0.2631578947368421,70.71,high
37047930300,047,51,0,0.0,3.54,51,0,0.0,3.54,51,1,0.0196078431372549,21.21,27,0,0.0,707.11,35,1,0.02857142857142857,70.71,high
37047930400,047,175,0,0.0,3.54,175,3,0.017142857142857144,3.54,175,25,0.14285714285714285,21.21,99,0,0.0,707.11,122,25,0.20491803278688525,70.71,high
37047930500,047,66,0,0.0,3.54,66,1,0.015151515151515152,3.54,66,13,0.19696969696969696,21.21,37,0,0.0,707.11,45,12,0.26666666666666666,170.0,high
37047930600,047,67,0,0.0,3.54,67,1,0.014925373134328358,3.54,67,17,0.2537313432835821,21.21,39,0,0.0,707.11,48,11,0.22916666666666666,85.36,high
37047930700,047,76,0,0.0,3.54,76,1,0.013157894736842105,3.54,84,36,0.42857142857142855,35.0,40,0,0.0,707.11,59,22,0.3728813559322034,150.0,high
37047930800,047,47,0,0.0,3.54,46,0,0.0,3.54,46,5,0.10869565217391304,21.21,20,0,0.0,707.11,30,4,0.13333333333333333,70.71,high
37047930900,047,33,1,0.030303030303030304,3.54,32,0,0.0,3.54,32,6,0.1875,21.21,13,0,0.0,707.11,17,2,0.11764705882352941,120.0,high
37047931000,047,171,0,0.0,3.54,171,2,0.011695906432748537,3.54,171,16,0.0935672514619883,21.21,113,0,0.0,707.11,125,10,0.08,70.71,high
37047931100,047,154,1,0.006493506493506494,3.54,154,2,0.012987012987012988,3.54,154,3,0.01948051948051948,21.21,92,0,0.0,707.11,107,13,0.12149532710280374,70.71,high
37047931200,047,48,0,0.0,3.54,48,0,0.0,3.54,48,2,0.041666666666666664,21.21,26,0,0.0,707.11,30,5,0.16666666666666666,70.71,high
37047931300,047,217,0,0.0,3.54,217,0,0.0,3.54,217,6,0.027649769585253458,21.21,117,0,0.0,707.11,128,9,0.0703125,70.71,high
37049960101,049,17,0,0.0,3.54,17,1,0.058823529411764705,3.54,18,2,0.1111111111111111,21.21,5,0,0.0,707.11,17,4,0.23529411764705882,160.0,medium
37049960102,049,14,0,0.0,0.71,14,1,0.07142857142857142,3.54,14,3,0.21428571428571427,25.61,3,0,0.0,707.11,4,1,0.25,90.36,medium
37049960200,049,18,0,0.0,3.54,18,0,0.0,3.54,18,11,0.6111111111111112,80.0,11,0,0.0,707.11,12,10,0.8333333333333334,1800.0,medium
37049960300,049,31,0,0.0,3.54,31,0,0.0,3.54,31,7,0.22580645161290322,21.21,16,0,0.0,707.11,24,14,0.5833333333333334,500.0,high
37049960401,049,6,0,0.0,3.54,6,0,0.0,3.54,6,0,0.0,21.21,2,0,0.0,707.11,4,1,0.25,145.36,low
37049960402,049,5,0,0.0,0.71,5,0,0.0,3.54,5,0,0.0,21.21,0,0,,,2,0,0.0,70.71,low
37049960403,049,19,0,0.0,3.54,19,0,0.0,3.54,19,2,0.10526315789473684,21.21,6,0,0.0,707.11,9,6,0.6666666666666666,790.0,medium
37049960404,049,54,0,0.0,0.71,54,3,0.05555555555555555,3.54,54,4,0.07407407407407407,21.21,10,0,0.0,707.11,19,8,0.42105263157894735,70.71,high
37049960500,049,3,0,0.0,3.54,3,0,0.0,3.54,3,1,0.3333333333333333,21.21,1,0,0.0,707.11,2,1,0.5,2185.36,low
37049960600,049,5,0,0.0,3.54,5,0,0.0,3.54,5,0,0.0,21.21,0,0,,,2,0,0.0,70.71,low
37049960800,049,3,0,0.0,7.07,3,0,0.0,3.54,3,0,0.0,21.21,0,0,,,1,0,0.0,70.71,low
37049960900,049,4,0,0.0,3.54,4,0,0.0,3.54,4,0,0.0,21.21,0,0,,,1,0,0.0,70.71,low
37049961001,049,20,0,0.0,3.54,20,0,0.0,3.54,20,3,0.15,21.21,8,0,0.0,707.11,16,7,0.4375,70.71,medium
37049961002,049,4,0,0.0,3.54,4,1,0.25,3.54,4,0,0.0,21.21,0,0,,,3,0,0.0,70.71,low
37049961100,049,20,0,0.0,3.54,20,0,0.0,3.54,20,9,0.45,44.5,11,0,0.0,707.11,16,9,0.5625,610.0,medium
37049961202,049,5,0,0.0,3.54,5,0,0.0,3.54,5,2,0.4,21.21,0,0,,,5,3,0.6,2200.0,low
37049961303,049,22,0,0.0,3.54,22,1,0.045454545454545456,3.54,22,11,0.5,45.0,9,0,0.0,707.11,9,7,0.7777777777777778,2000.0,medium
37051000200,051,1,0,0.0,3.54,1,0,0.0,8.0,1,1,1.0,310.0,2,0,0.0,707.11,1,1,1.0,11000.0,low
37051000500,051,7,0,0.0,3.54,7,0,0.0,3.54,7,0,0.0,21.21,3,0,0.0,707.11,4,1,0.25,110.36,low
37051000702,051,1,0,0.0,3.54,1,0,0.0,3.54,1,0,0.0,21.21,1,0,0.0,1600.0,1,0,0.0,70.71,low
37051000800,051,89,0,0.0,0.71,88,6,0.06818181818181818,3.54,88,11,0.125,21.21,0,0,,,2,0,0.0,70.71,high
37051000900,051,1,0,0.0,3.54,1,0,0.0,3.54,1,1,1.0,80.0,0,0,,,1,0,0.0,70.71,low
37051001100,051,5,0,0.0,3.54,5,0,0.0,3.54,5,3,0.6,50.0,2,0,0.0,3303.55,5,2,0.4,180.0,low
37051001200,051,1,0,0.0,0.71,1,0,0.0,3.54,1,0,0.0,21.21,0,0,,,0,0,,,low
37051001400,051,57,1,0.017543859649122806,3.54,57,1,0.017543859649122806,3.54,57,10,0.17543859649122806,21.21,32,0,0.0,707.11,35,16,0.45714285714285713,170.0,high
37051001500,051,23,0,0.0,3.54,23,0,0.0,3.54,23,3,0.13043478260869565,21.21,15,0,0.0,707.11,15,5,0.3333333333333333,190.0,medium
37051001601,051,16,0,0.0,3.54,16,1,0.0625,3.54,16,1,0.0625,21.21,7,0,0.0,1200.0,10,3,0.3,70.71,medium
37051001603,051,29,0,0.0,3.54,29,4,0.13793103448275862,3.54,29,2,0.06896551724137931,21.21,27,0,0.0,1700.0,27,12,0.4444444444444444,240.0,medium
37051001604,051,6,0,0.0,2.12,6,0,0.0,4.77,6,0,0.0,21.21,3,0,0.0,1300.0,2,2,1.0,825.0,low
37051001700,051,33,0,0.0,3.54,32,3,0.09375,4.27,32,3,0.09375,21.21,15,0,0.0,707.11,28,14,0.5,300.0,high
37051001800,051,7,0,0.0,0.71,7,1,0.14285714285714285,3.54,7,3,0.42857142857142855,21.21,1,0,0.0,707.11,1,1,1.0,1200.0,low
37051001901,051,3,0,0.0,3.54,3,0,0.0,3.54,3,0,0.0,21.21,5,0,0.0,5200.0,3,0,0.0,70.71,low
37051001902,051,2,0,0.0,3.54,2,0,0.0,3.54,2,0,0.0,21.21,2,0,0.0,4700.0,2,0,0.0,70.71,low
37051002001,051,1,0,0.0,0.71,1,0,0.0,8.0,1,0,0.0,21.21,0,0,,,0,0,,,low
37051002200,051,5,0,0.0,3.54,4,0,0.0,3.54,4,1,0.25,30.61,2,0,0.0,7550.0,2,0,0.0,175.36,low
37051002300,051,7,0,0.0,3.54,7,1,0.14285714285714285,8.0,7,0,0.0,21.21,5,0,0.0,2500.0,7,1,0.14285714285714285,70.71,low
37051002401,051,4,0,0.0,3.54,4,0,0.0,5.27,4,0,0.0,21.21,2,0,0.0,2725.0,3,1,0.3333333333333333,70.71,low
37051002402,051,1,0,0.0,3.54,1,0,0.0,3.54,1,0,0.0,21.21,0,0,,,1,0,0.0,70.71,low
37051002501,051,6,0,0.0,2.12,6,1,0.16666666666666666,5.77,6,0,0.0,21.21,1,0,0.0,3000.0,1,0,0.0,70.71,low
37051002502,051,10,0,0.0,3.54,9,0,0.0,3.54,9,3,0.3333333333333333,21.21,5,0,0.0,707.11,8,3,0.375,90.36,medium
37051002503,051,5,0,0.0,3.54,5,1,0.2,3.54,5,2,0.4,21.21,1,0,0.0,3000.0,2,0,0.0,255.0,low
37051002504,051,63,28,0.4444444444444444,6.0,25,3,0.12,3.54,24,6,0.25,21.21,12,1,0.08333333333333333,1653.55,20,6,0.3,70.71,high
37051002600,051,26,0,0.0,3.54,26,2,0.07692307692307693,3.54,26,8,0.3076923076923077,21.21,8,0,0.0,707.11,21,7,0.3333333333333333,70.71,medium
37051002700,051,142,4,0.028169014084507043,3.54,140,5,0.03571428571428571,3.54,140,25,0.17857142857142858,21.21,76,3,0.039473684210526314,2050.0,90,27,0.3,70.71,high
37051002800,051,128,1,0.0078125,3.54,126,3,0.023809523809523808,3.54,125,20,0.16,21.21,99,11,0.1111111111111111,2000.0,101,41,0.40594059405940597,140.0,high
37051002900,051,150,0,0.0,3.54,148,7,0.0472972972972973,3.54,142,29,0.20422535211267606,21.21,99,2,0.020202020202020204,707.11,109,58,0.5321100917431193,330.0,high
37051003001,051,529,3,0.005671077504725898,3.54,528,40,0.07575757575757576,3.54,523,63,0.12045889101338432,21.21,345,4,0.011594202898550725,707.11,396,264,0.6666666666666666,555.0,high
37051003002,051,205,1,0.004878048780487805,3.54,206,10,0.04854368932038835,3.54,205,33,0.16097560975609757,21.21,150,3,0.02,707.11,175,106,0.6057142857142858,490.0,high
37051003102,051,40,1,0.025,3.54,40,3,0.075,3.54,40,0,0.0,21.21,28,0,0.0,707.11,35,9,0.2571428571428571,70.71,high
37051003103,051,12,0,0.0,3.54,12,1,0.08333333333333333,4.27,12,0,0.0,21.21,5,0,0.0,3400.0,7,1,0.14285714285714285,70.71,medium
37051003104,051,138,1,0.007246376811594203,3.54,138,27,0.1956521739130435,3.54,138,15,0.10869565217391304,21.21,77,1,0.012987012987012988,707.11,109,51,0.46788990825688076,200.0,high
37051003201,051,64,1,0.015625,3.54,62,8,0.12903225806451613,3.54,62,1,0.016129032258064516,21.21,44,1,0.022727272727272728,1800.0,51,15,0.29411764705882354,70.71,high
37051003204,051,5,0,0.0,0.71,5,1,0.2,3.54,5,0,0.0,21.21,0,0,,,2,1,0.5,515.0,low
37051003205,051,9,0,0.0,3.54,9,1,0.1111111111111111,3.54,9,0,0.0,21.21,4,0,0.0,2350.0,5,0,0.0,70.71,low
37051003302,051,4,0,0.0,3.54,4,0,0.0,3.54,4,0,0.0,21.21,1,0,0.0,3400.0,4,3,0.75,415.0,low
37051003305,051,5,0,0.0,3.54,5,0,0.0,3.54,5,0,0.0,40.0,0,0,,,5,3,0.6,790.0,low
37051003307,051,7,0,0.0,0.71,7,2,0.2857142857142857,9.0,7,0,0.0,21.21,1,0,0.0,707.11,1,1,1.0,470.0,low
37051003310,051,2,0,0.0,3.54,2,0,0.0,5.27,2,2,1.0,118.0,2,0,0.0,707.11,2,1,0.5,460.36,low
37051003313,051,1,0,0.0,3.54,1,0,0.0,3.54,1,0,0.0,21.21,1,0,0.0,5200.0,1,0,0.0,70.71,low
37051003314,051,6,0,0.0,3.54,6,0,0.0,3.54,6,0,0.0,21.21,3,0,0.0,3500.0,4,1,0.25,100.36,low
37051003406,051,1,0,0.0,3.54,1,0,0.0,3.54,1,1,1.0,130.0,1,0,0.0,1000.0,1,1,1.0,1300.0,low
37051003500,051,3,0,0.0,0.71,3,2,0.6666666666666666,18.0,3,2,0.6666666666666666,1060.0,0,0,,,0,0,,,low
37051003600,051,14,0,0.0,3.54,14,0,0.0,3.54,14,9,0.6428571428571429,65.0,7,0,0.0,707.11,9,2,0.2222222222222222,70.71,medium
37051003700,051,159,17,0.1069182389937107,3.54,135,2,0.014814814814814815,3.54,135,90,0.6666666666666666,65.0,69,0,0.0,707.11,109,18,0.1651376146788991,70.71,high
37051003800,051,10,1,0.1,3.54,10,0,0.0,3.54,10,5,0.5,40.61,2,0,0.0,707.11,6,2,0.3333333333333333,70.71,medium
37051980100,051,1,0,0.0,3.54,1,0,0.0,3.54,1,0,0.0,21.21,0,0,,,1,0,0.0,70.71,low
37053110101,053,349,42,0.12034383954154727,3.54,349,2,0.0057306590257879654,3.54,349,143,0.40974212034383956,21.21,314,1,0.0031847133757961785,707.11,331,184,0.5558912386706949,420.0,high
37053110102,053,89,3,0.033707865168539325,3.54,89,0,0.0,3.54,89,48,0.5393258426966292,60.0,78,4,0.05128205128205128,707.11,78,36,0.46153846153846156,215.0,high
37053110200,053,205,3,0.014634146341463415,3.54,205,1,0.004878048780487805,3.54,205,144,0.7024390243902439,160.0,184,0,0.0,707.11,184,141,0.7663043478260869,2500.0,high
37053110301,053,49,0,0.0,3.54,49,1,0.02040816326530612,3.54,49,38,0.7755102040816326,100.0,44,1,0.022727272727272728,707.11,43,29,0.6744186046511628,970.0,high
37053110302,053,143,0,0.0,3.54,143,1,0.006993006993006993,3.54,143,92,0.6433566433566433,80.0,139,2,0.014388489208633094,707.11,135,86,0.6370370370370371,1100.0,high
37053110401,053,58,1,0.017241379310344827,3.54,58,0,0.0,3.54,58,30,0.5172413793103449,50.0,50,3,0.06,707.11,49,25,0.5102040816326531,320.0,high
37053110402,053,237,4,0.016877637130801686,3.54,237,9,0.0379746835443038,3.54,237,129,0.5443037974683544,50.0,206,0,0.0,707.11,211,123,0.5829383886255924,420.0,high
37055970101,055,45,2,0.044444444444444446,3.54,45,1,0.022222222222222223,3.54,45,9,0.2,21.21,2,1,0.5,10353.55,22,5,0.22727272727272727,70.71,high
37055970102,055,16,1,0.0625,2.77,16,0,0.0,3.54,16,4,0.25,21.21,2,0,0.0,707.11,3,2,0.6666666666666666,360.0,medium
37055970200,055,4,1,0.25,3.54,4,0,0.0,3.54,4,0,0.0,21.21,1,0,0.0,707.11,3,0,0.0,70.71,low
37055970300,055,55,3,0.05454545454545454,0.71,55,1,0.01818181818181818,3.54,55,15,0.2727272727272727,21.21,3,0,0.0,707.11,15,3,0.2,70.71,high
37055970400,055,9,0,0.0,3.54,9,0,0.0,3.54,9,1,0.1111111111111111,21.21,0,0,,,8,1,0.125,70.71,low
37055970501,055,42,0,0.0,3.54,42,3,0.07142857142857142,3.54,42,22,0.5238095238095238,50.0,19,0,0.0,707.11,39,19,0.48717948717948717,290.0,high
37055970502,055,27,1,0.037037037037037035,3.54,27,2,0.07407407407407407,3.54,27,5,0.18518518518518517,21.21,1,0,0.0,707.11,27,12,0.4444444444444444,120.0,medium
37055970601,055,206,1,0.0048543689320388345,3.54,206,10,0.04854368932038835,3.54,206,117,0.5679611650485437,50.0,16,0,0.0,707.11,83,36,0.43373493975903615,190.0,high
37055970602,055,58,0,0.0,3.54,58,4,0.06896551724137931,3.54,58,30,0.5172413793103449,50.0,6,0,0.0,707.11,23,10,0.43478260869565216,260.0,high
37057060101,057,7,0,0.0,0.71,7,0,0.0,3.54,7,0,0.0,21.21,1,0,0.0,1600.0,1,0,0.0,110.0,low
37057060102,057,36,0,0.0,3.54,36,1,0.027777777777777776,3.54,36,3,0.08333333333333333,21.21,8,0,0.0,707.11,16,1,0.0625,70.71,high
37057060201,057,17,0,0.0,3.54,17,0,0.0,3.54,17,2,0.11764705882352941,21.21,5,0,0.0,1300.0,8,2,0.25,70.71,medium
37057060202,057,9,0,0.0,3.54,9,0,0.0,3.54,9,1,0.1111111111111111,21.21,1,0,0.0,2500.0,1,0,0.0,70.71,low
37057060203,057,26,0,0.0,3.54,26,0,0.0,3.54,26,0,0.0,21.21,8,0,0.0,1103.55,12,2,0.16666666666666666,70.71,medium
37057060301,057,5,0,0.0,3.54,5,0,0.0,3.54,5,0,0.0,21.21,2,1,0.5,7300.0,3,0,0.0,70.71,low
37057060302,057,1,0,0.0,3.54,1,0,0.0,3.54,1,0,0.0,21.21,1,0,0.0,707.11,1,0,0.0,70.71,low
37057060303,057,27,0,0.0,3.54,27,0,0.0,3.54,27,4,0.14814814814814814,21.21,12,0,0.0,1550.0,17,4,0.23529411764705882,70.71,medium
37057060304,057,23,0,0.0,0.71,23,2,0.08695652173913043,3.54,23,2,0.08695652173913043,21.21,3,0,0.0,707.11,4,1,0.25,70.71,medium
37057060400,057,22,0,0.0,3.54,22,0,0.0,3.54,22,2,0.09090909090909091,21.21,8,0,0.0,1203.55,11,3,0.2727272727272727,70.71,medium
37057060500,057,21,0,0.0,0.71,21,1,0.047619047619047616,3.54,21,6,0.2857142857142857,21.21,2,0,0.0,1653.55,5,2,0.4,130.0,medium
37057060601,057,8,0,0.0,2.12,8,0,0.0,3.54,8,1,0.125,21.21,2,0,0.0,707.11,3,1,0.3333333333333333,70.71,low
37057060602,057,6,0,0.0,3.54,6,0,0.0,3.54,6,1,0.16666666666666666,27.61,2,0,0.0,2150.0,4,0,0.0,70.71,low
37057060700,057,1,0,0.0,0.71,1,0,0.0,3.54,1,0,0.0,21.21,0,0,,,0,0,,,low
37057060800,057,3,0,0.0,0.71,3,0,0.0,3.54,3,0,0.0,21.21,1,0,0.0,707.11,1,0,0.0,70.71,low
37057060900,057,4,1,0.25,5.3,4,0,0.0,3.54,4,0,0.0,21.21,2,0,0.0,707.11,2,1,0.5,285.0,low
37057061000,057,3,0,0.0,0.71,3,0,0.0,3.54,3,1,0.3333333333333333,21.21,0,0,,,0,0,,,low
37057061100,057,13,0,0.0,3.0,13,2,0.15384615384615385,3.54,13,4,0.3076923076923077,21.21,2,0,0.0,1503.55,3,1,0.3333333333333333,70.71,medium
37057061201,057,22,0,0.0,0.71,22,1,0.045454545454545456,3.54,22,3,0.13636363636363635,21.21,3,0,0.0,8100.0,4,0,0.0,70.71,medium
37057061202,057,18,0,0.0,3.54,17,2,0.11764705882352941,3.54,17,0,0.0,21.21,3,0,0.0,1600.0,5,1,0.2,70.71,medium
37057061300,057,1,0,0.0,7.07,2,0,0.0,3.54,2,0,0.0,21.21,0,0,,,1,0,0.0,230.0,low
37057061400,057,1,0,0.0,0.71,1,0,0.0,3.54,1,0,0.0,21.21,0,0,,,0,0,,,low
37057061500,057,6,0,0.0,3.35,5,0,0.0,3.54,5,0,0.0,21.21,0,0,,,0,0,,,low
37057061600,057,10,0,0.0,2.12,10,0,0.0,3.54,10,0,0.0,21.21,2,0,0.0,707.11,4,4,1.0,550.0,medium
37057061701,057,6,0,0.0,2.12,6,0,0.0,3.54,6,0,0.0,21.21,0,0,,,2,0,0.0,120.36,low
37057061702,057,53,0,0.0,3.54,53,3,0.05660377358490566,3.54,53,2,0.03773584905660377,21.21,9,0,0.0,707.11,20,4,0.2,70.71,high
37057061703,057,18,0,0.0,0.71,17,0,0.0,3.54,17,0,0.0,21.21,1,0,0.0,707.11,2,1,0.5,535.36,medium
37057061802,057,32,0,0.0,3.54,32,2,0.0625,3.54,32,9,0.28125,21.21,12,0,0.0,707.11,17,3,0.17647058823529413,70.71,high
37057061803,057,19,0,0.0,0.71,19,0,0.0,3.54,19,2,0.10526315789473684,21.21,2,0,0.0,1503.55,5,0,0.0,70.71,medium
37057061804,057,34,1,0.029411764705882353,3.54,34,2,0.058823529411764705,3.54,34,3,0.08823529411764706,21.21,9,0,0.0,707.11,13,6,0.46153846153846156,130.0,high
37057061901,057,33,5,0.15151515151515152,3.54,33,1,0.030303030303030304,3.54,33,13,0.3939393939393939,21.21,16,0,0.0,707.11,21,6,0.2857142857142857,70.71,high
37057061902,057,32,6,0.1875,3.54,32,0,0.0,3.54,32,14,0.4375,21.21,6,0,0.0,707.11,11,7,0.6363636363636364,400.0,high
37057062001,057,149,14,0.09395973154362416,3.54,149,2,0.013422818791946308,3.54,149,79,0.5302013422818792,60.0,64,0,0.0,707.11,85,41,0.4823529411764706,200.0,high
37057062002,057,31,5,0.16129032258064516,3.54,31,0,0.0,3.54,31,8,0.25806451612903225,21.21,6,0,0.0,707.11,9,3,0.3333333333333333,70.71,high
37059080100,059,168,0,0.0,3.54,168,3,0.017857142857142856,3.54,168,28,0.16666666666666666,21.21,39,0,0.0,707.11,77,22,0.2857142857142857,70.71,high
37059080200,059,105,0,0.0,0.71,105,0,0.0,3.54,105,3,0.02857142857142857,21.21,19,0,0.0,707.11,41,4,0.0975609756097561,70.71,high
37059080300,059,49,0,0.0,3.54,49,1,0.02040816326530612,3.54,49,4,0.08163265306122448,21.21,9,0,0.0,707.11,24,5,0.20833333333333334,70.71,high
37059080400,059,62,0,0.0,3.54,62,1,0.016129032258064516,3.54,62,1,0.016129032258064516,21.21,10,0,0.0,707.11,29,3,0.10344827586206896,70.71,high
37059080500,059,17,0,0.0,3.54,17,0,0.0,3.54,17,1,0.058823529411764705,21.21,4,0,0.0,1053.55,8,2,0.25,70.71,medium
37059080600,059,44,0,0.0,2.12,44,0,0.0,3.54,44,6,0.13636363636363635,21.21,10,2,0.2,707.11,19,1,0.05263157894736842,70.71,high
37059080700,059,48,0,0.0,3.54,48,0,0.0,3.54,48,3,0.0625,21.21,7,0,0.0,1300.0,20,2,0.1,70.71,high
37061090100,061,52,0,0.0,3.54,52,3,0.057692307692307696,3.54,52,19,0.36538461538461536,21.21,31,3,0.0967741935483871,707.11,32,18,0.5625,445.0,high
37061090200,061,43,0,0.0,3.54,43,0,0.0,3.54,43,20,0.46511627906976744,44.0,32,0,0.0,707.11,32,23,0.71875,675.0,high
37061090300,061,50,0,0.0,3.54,50,2,0.04,3.54,50,25,0.5,48.5,35,0,0.0,707.11,39,26,0.6666666666666666,570.0,high
37061090400,061,97,0,0.0,3.54,97,0,0.0,3.54,97,44,0.4536082474226804,40.0,61,0,0.0,707.11,65,34,0.5230769230769231,310.0,high
37061090501,061,83,4,0.04819277108433735,3.54,83,1,0.012048192771084338,3.54,83,12,0.14457831325301204,21.21,52,2,0.038461538461538464,707.11,59,14,0.23728813559322035,110.0,high
37061090502,061,46,0,0.0,3.54,47,1,0.02127659574468085,3.54,46,7,0.15217391304347827,21.21,25,1,0.04,707.11,35,16,0.45714285714285713,220.0,high
37061090600,061,48,0,0.0,3.54,48,0,0.0,3.54,48,6,0.125,21.21,33,0,0.0,707.11,37,14,0.3783783783783784,160.0,high
37061090701,061,48,0,0.0,3.54,48,0,0.0,3.54,48,10,0.20833333333333334,21.21,40,0,0.0,707.11,44,8,0.18181818181818182,150.0,high
37061090702,061,26,1,0.038461538461538464,3.54,26,1,0.038461538461538464,3.54,26,6,0.23076923076923078,21.21,21,0,0.0,707.11,21,8,0.38095238095238093,190.0,medium
37061090801,061,37,0,0.0,3.54,37,0,0.0,3.54,37,11,0.2972972972972973,30.0,20,0,0.0,707.11,23,16,0.6956521739130435,470.0,high
37061090802,061,55,0,0.0,3.54,55,0,0.0,3.54,55,25,0.45454545454545453,45.0,41,0,0.0,707.11,41,13,0.3170731707317073,190.0,high
37063000101,063,4,0,0.0,0.71,4,1,0.25,4.77,4,0,0.0,21.21,0,0,,,0,0,,,low
37063000102,063,1,0,0.0,3.54,1,0,0.0,3.54,1,0,0.0,21.21,0,0,,,1,0,0.0,70.71,low
37063000401,063,1,0,0.0,3.54,1,1,1.0,21.0,1,1,1.0,140.0,0,0,,,0,0,,,low
37063000600,063,1,0,0.0,3.54,1,0,0.0,3.54,1,0,0.0,21.21,0,0,,,1,1,1.0,660.0,low
37063001001,063,1,0,0.0,0.71,1,0,0.0,14.0,1,0,0.0,21.21,0,0,,,0,0,,,low
37063001002,063,2,0,0.0,0.71,2,0,0.0,3.54,2,0,0.0,21.21,0,0,,,0,0,,,low
37063001100,063,1,0,0.0,3.54,1,0,0.0,3.54,1,1,1.0,100.0,1,0,0.0,707.11,1,1,1.0,550.0,low
37063001301,063,2,0,0.0,0.71,2,0,0.0,3.54,2,0,0.0,21.21,0,0,,,0,0,,,low
37063001303,063,2,0,0.0,0.71,2,0,0.0,3.54,2,0,0.0,21.21,0,0,,,0,0,,,low
37063001601,063,63,0,0.0,3.54,63,1,0.015873015873015872,3.54,63,25,0.3968253968253968,21.21,22,0,0.0,707.11,27,4,0.14814814814814814,70.71,high
37063001603,063,69,0,0.0,3.54,69,0,0.0,3.54,69,27,0.391304347826087,21.21,27,0,0.0,707.11,40,8,0.2,70.71,high
37063001604,063,104,0,0.0,3.54,103,0,0.0,3.54,103,31,0.30097087378640774,21.21,37,0,0.0,707.11,58,6,0.10344827586206896,70.71,high
37063001705,063,7,0,0.0,3.54,7,0,0.0,3.54,7,1,0.14285714285714285,21.21,0,0,,,3,1,0.3333333333333333,70.71,low
37063001706,063,10,1,0.1,3.54,10,1,0.1,3.54,10,2,0.2,21.21,7,0,0.0,707.11,8,2,0.25,125.0,medium
37063001707,063,37,0,0.0,0.71,37,1,0.02702702702702703,3.54,37,20,0.5405405405405406,70.0,10,0,0.0,707.11,18,3,0.16666666666666666,70.71,high
37063001708,063,6,0,0.0,0.71,6,0,0.0,3.54,6,1,0.16666666666666666,21.21,2,0,0.0,707.11,2,1,0.5,635.36,low
37063001709,063,1,0,0.0,3.54,1,0,0.0,3.54,1,0,0.0,40.0,1,0,0.0,707.11,1,0,0.0,190.0,low
37063001710,063,3,0,0.0,3.54,3,0,0.0,3.54,3,0,0.0,21.21,0,0,,,2,0,0.0,70.71,low
37063001711,063,4,0,0.0,3.54,4,0,0.0,3.54,4,3,0.75,495.0,2,0,0.0,707.11,2,1,0.5,1000.0,low
37063001801,063,41,0,0.0,3.54,41,3,0.07317073170731707,3.54,41,15,0.36585365853658536,21.21,20,0,0.0,707.11,29,4,0.13793103448275862,70.71,high
37063001802,063,4,0,0.0,2.12,4,0,0.0,3.54,4,0,0.0,21.21,1,0,0.0,707.11,1,0,0.0,70.71,low
37063001806,063,25,0,0.0,3.54,25,0,0.0,3.54,25,5,0.2,21.21,13,0,0.0,707.11,16,7,0.4375,135.36,medium
37063001807,063,9,0,0.0,3.54,9,0,0.0,3.54,9,3,0.3333333333333333,21.21,5,0,0.0,707.11,7,1,0.14285714285714285,70.71,low
37063001808,063,11,0,0.0,3.54,11,0,0.0,3.54,11,2,0.18181818181818182,21.21,5,0,0.0,1500.0,7,2,0.2857142857142857,70.71,medium
37063001809,063,6,0,0.0,2.77,6,0,0.0,3.54,6,4,0.6666666666666666,190.0,3,0,0.0,707.11,3,1,0.3333333333333333,250.0,low
37063001900,063,63,1,0.015873015873015872,3.54,62,2,0.03225806451612903,3.54,63,11,0.1746031746031746,21.21,26,1,0.038461538461538464,707.11,40,8,0.2,70.71,high
37063002007,063,3,0,0.0,0.71,3,0,0.0,3.54,3,0,0.0,21.21,1,0,0.0,707.11,1,0,0.0,140.0,low
37063002008,063,4,0,0.0,3.54,4,0,0.0,3.54,4,1,0.25,30.61,4,0,0.0,707.11,4,1,0.25,70.71,low
37063002009,063,4,0,0.0,2.12,4,0,0.0,3.54,4,0,0.0,21.21,2,0,0.0,707.11,2,0,0.0,130.36,low
37063002013,063,2,0,0.0,2.12,2,0,0.0,3.54,2,1,0.5,225.61,0,0,,,1,0,0.0,70.71,low
37063002017,063,57,1,0.017543859649122806,3.54,57,5,0.08771929824561403,3.54,57,20,0.3508771929824561,21.21,21,0,0.0,707.11,31,9,0.2903225806451613,100.0,high
37063002018,063,17,0,0.0,3.54,17,0,0.0,3.54,17,7,0.4117647058823529,30.0,9,0,0.0,707.11,12,2,0.16666666666666666,70.71,medium
37063002019,063,12,0,0.0,3.54,12,0,0.0,3.54,12,6,0.5,50.61,6,0,0.0,707.11,11,1,0.09090909090909091,70.71,medium
37063002020,063,10,0,0.0,3.54,10,0,0.0,3.54,10,7,0.7,70.5,3,0,0.0,707.11,6,2,0.3333333333333333,115.36,medium
37063002021,063,3,0,0.0,0.71,3,0,0.0,3.54,3,1,0.3333333333333333,21.21,1,0,0.0,707.11,1,0,0.0,70.71,low
37063002022,063,4,0,0.0,3.54,4,0,0.0,3.54,4,0,0.0,21.21,2,0,0.0,707.11,3,0,0.0,70.71,low
37063002024,063,1,0,0.0,3.54,1,0,0.0,3.54,1,0,0.0,21.21,0,0,,,1,0,0.0,70.71,low
37063002025,063,5,1,0.2,3.54,5,0,0.0,3.54,5,0,0.0,21.21,5,0,0.0,707.11,5,0,0.0,70.71,low
37063002027,063,10,0,0.0,3.54,10,0,0.0,3.54,10,2,0.2,21.21,3,0,0.0,707.11,5,0,0.0,70.71,medium
37063002028,063,6,0,0.0,3.54,6,0,0.0,3.54,6,1,0.16666666666666666,21.21,3,0,0.0,707.11,4,3,0.75,330.0,low
37063002100,063,244,5,0.020491803278688523,3.54,242,4,0.01652892561983471,3.54,242,128,0.5289256198347108,55.5,111,0,0.0,707.11,147,44,0.29931972789115646,70.71,high
37065020200,065,7,0,0.0,3.54,7,0,0.0,3.54,7,2,0.2857142857142857,21.21,3,0,0.0,707.11,4,0,0.0,70.71,low
37065020300,065,7,0,0.0,3.54,7,0,0.0,3.54,7,1,0.14285714285714285,21.21,2,0,0.0,5900.0,3,0,0.0,160.0,low
37065020400,065,2,0,0.0,5.3,2,0,0.0,4.27,2,1,0.5,45.0,1,0,0.0,707.11,1,0,0.0,70.71,low
37065020600,065,20,0,0.0,3.54,20,1,0.05,3.54,20,6,0.3,21.21,12,0,0.0,707.11,12,3,0.25,120.0,medium
37065020700,065,21,0,0.0,3.54,21,1,0.047619047619047616,3.54,21,8,0.38095238095238093,21.21,10,0,0.0,707.11,14,5,0.35714285714285715,195.0,medium
37065020800,065,48,0,0.0,3.54,48,0,0.0,3.54,48,10,0.20833333333333334,21.21,36,3,0.08333333333333333,707.11,31,7,0.22580645161290322,140.0,high
37065020900,065,12,0,0.0,0.71,12,0,0.0,3.54,12,4,0.3333333333333333,21.21,0,0,,,0,0,,,medium
37065021000,065,17,0,0.0,0.71,17,0,0.0,3.54,30,9,0.3,21.21,3,0,0.0,707.11,16,3,0.1875,70.71,medium
37065021100,065,11,0,0.0,3.54,11,1,0.09090909090909091,3.54,11,4,0.36363636363636365,21.21,5,1,0.2,707.11,8,1,0.125,130.0,medium
37065021200,065,18,0,0.0,0.71,18,0,0.0,3.54,18,8,0.4444444444444444,21.21,0,0,,,1,0,0.0,70.71,medium
37065021300,065,34,0,0.0,3.54,34,0,0.0,3.54,34,15,0.4411764705882353,21.21,8,0,0.0,707.11,22,12,0.5454545454545454,465.0,high
37065021400,065,24,0,0.0,3.54,24,2,0.08333333333333333,3.54,24,8,0.3333333333333333,21.21,9,0,0.0,707.11,17,8,0.47058823529411764,140.0,medium
37065021500,065,21,0,0.0,0.71,21,0,0.0,3.54,21,8,0.38095238095238093,21.21,1,0,0.0,707.11,4,1,0.25,70.71,medium
37065021600,065,22,0,0.0,3.54,22,1,0.045454545454545456,3.54,22,8,0.36363636363636365,33.5,7,0,0.0,707.11,15,5,0.3333333333333333,220.0,medium
37067000302,067,1,0,0.0,0.71,1,0,0.0,3.54,1,0,0.0,21.21,0,0,,,0,0,,,low
37067000400,067,3,0,0.0,3.54,3,0,0.0,3.54,3,1,0.3333333333333333,21.21,3,0,0.0,707.11,3,2,0.6666666666666666,1400.0,low
37067000700,067,2,0,0.0,3.54,2,0,0.0,3.54,2,2,1.0,110.0,0,0,,,2,0,0.0,110.36,low
37067000801,067,1,0,0.0,3.54,1,0,0.0,10.0,1,0,0.0,21.21,1,0,0.0,1700.0,1,1,1.0,860.0,low
37067001100,067,1,0,0.0,3.54,1,0,0.0,3.54,1,0,0.0,21.21,0,0,,,1,0,0.0,70.71,low
37067001500,067,6,0,0.0,3.54,6,2,0.3333333333333333,8.77,6,6,1.0,175.0,0,0,,,5,1,0.2,70.71,low
37067001601,067,1,0,0.0,3.54,1,0,0.0,3.54,2,1,0.5,395.61,1,0,0.0,707.11,2,1,0.5,2515.0,low
37067001602,067,2,0,0.0,3.35,2,1,0.5,42.27,2,1,0.5,75.61,0,0,,,0,0,,,low
37067002002,067,0,0,,,0,0,,,1,1,1.0,90.0,0,0,,,1,0,0.0,130.0,none
37067002200,067,1,0,0.0,3.54,1,0,0.0,3.54,1,1,1.0,700.0,0,0,,,1,1,1.0,600.0,low
37067002502,067,1,0,0.0,3.54,1,0,0.0,3.54,1,1,1.0,80.0,0,0,,,0,0,,,low
37067002603,067,1,0,0.0,3.54,1,0,0.0,3.54,1,1,1.0,60.0,1,0,0.0,707.11,1,0,0.0,70.71,low
37067002604,067,1,0,0.0,3.54,1,0,0.0,3.54,1,0,0.0,21.21,1,0,0.0,707.11,1,0,0.0,70.71,low
37067002702,067,1,0,0.0,0.71,1,1,1.0,30.0,1,0,0.0,21.21,0,0,,,0,0,,,low
37067002703,067,1,0,0.0,3.54,1,0,0.0,3.54,1,1,1.0,110.0,1,0,0.0,707.11,1,0,0.0,180.0,low
37067002801,067,11,0,0.0,3.54,11,0,0.0,3.54,11,3,0.2727272727272727,21.21,7,0,0.0,707.11,8,1,0.125,70.71,medium
37067002804,067,3,0,0.0,7.07,3,0,0.0,3.54,3,0,0.0,21.21,0,0,,,0,0,,,low
37067002806,067,1,0,0.0,3.54,1,0,0.0,3.54,1,1,1.0,60.0,1,0,0.0,707.11,1,0,0.0,130.0,low
37067002807,067,8,0,0.0,3.54,8,0,0.0,3.54,8,2,0.25,35.0,7,0,0.0,707.11,7,1,0.14285714285714285,70.71,low
37067002808,067,8,0,0.0,3.54,8,0,0.0,3.54,8,3,0.375,21.21,5,0,0.0,707.11,6,1,0.16666666666666666,185.0,low
37067002901,067,22,1,0.045454545454545456,3.54,22,0,0.0,3.54,22,2,0.09090909090909091,21.21,14,0,0.0,707.11,15,1,0.06666666666666667,70.71,medium
37067002903,067,5,1,0.2,3.54,5,0,0.0,3.54,5,1,0.2,21.21,3,0,0.0,707.11,5,1,0.2,70.71,low
37067002904,067,28,2,0.07142857142857142,3.54,28,1,0.03571428571428571,3.54,28,1,0.03571428571428571,21.21,21,0,0.0,707.11,22,3,0.13636363636363635,70.71,medium
37067003002,067,1,0,0.0,0.71,1,0,0.0,3.54,1,0,0.0,21.21,0,0,,,0,0,,,low
37067003003,067,1,0,0.0,3.54,1,0,0.0,3.54,1,0,0.0,21.21,1,0,0.0,707.11,1,0,0.0,70.71,low
37067003004,067,2,0,0.0,2.12,2,1,0.5,10.27,2,0,0.0,25.61,0,0,,,1,1,1.0,4500.0,low
37067003103,067,11,0,0.0,3.54,11,1,0.09090909090909091,3.54,11,0,0.0,21.21,10,0,0.0,707.11,11,0,0.0,70.71,medium
37067003105,067,8,0,0.0,3.54,8,0,0.0,3.54,8,0,0.0,21.21,8,0,0.0,707.11,8,0,0.0,70.71,low
37067003106,067,42,0,0.0,3.54,42,0,0.0,3.54,42,9,0.21428571428571427,21.21,32,0,0.0,707.11,33,8,0.24242424242424243,70.71,high
37067003107,067,17,0,0.0,3.54,17,0,0.0,3.54,17,0,0.0,21.21,4,0,0.0,707.11,14,0,0.0,70.71,medium
37067003108,067,4,0,0.0,2.12,4,0,0.0,3.54,4,0,0.0,21.21,2,0,0.0,2953.55,2,0,0.0,70.71,low
37067003201,067,1,0,0.0,3.54,1,0,0.0,8.0,1,0,0.0,21.21,0,0,,,1,0,0.0,70.71,low
37067003202,067,3,0,0.0,3.54,3,0,0.0,3.54,3,0,0.0,21.21,1,0,0.0,707.11,1,0,0.0,70.71,low
37067003307,067,2,0,0.0,3.54,2,0,0.0,3.54,2,0,0.0,21.21,1,0,0.0,1600.0,2,1,0.5,235.36,low
37067003308,067,3,0,0.0,3.54,3,0,0.0,3.54,3,0,0.0,21.21,2,0,0.0,953.55,2,0,0.0,70.71,low
37067003309,067,2,0,0.0,3.54,2,0,0.0,3.54,2,0,0.0,30.61,1,0,0.0,707.11,2,1,0.5,585.36,low
37067003311,067,1,0,0.0,2.5,1,0,0.0,3.54,1,0,0.0,21.21,0,0,,,0,0,,,low
37067003312,067,5,0,0.0,3.54,5,0,0.0,3.54,5,1,0.2,21.21,4,0,0.0,707.11,4,0,0.0,70.71,low
37067003313,067,6,0,0.0,3.54,6,0,0.0,3.54,6,1,0.16666666666666666,21.21,4,0,0.0,707.11,4,1,0.25,70.71,low
37067003314,067,6,0,0.0,2.12,5,0,0.0,3.54,5,0,0.0,21.21,2,0,0.0,707.11,3,0,0.0,70.71,low
37067003315,067,4,0,0.0,2.12,4,0,0.0,3.54,4,0,0.0,21.21,2,0,0.0,707.11,2,0,0.0,70.71,low
37067003402,067,8,0,0.0,3.54,8,0,0.0,3.54,8,2,0.25,21.21,5,0,0.0,1600.0,5,0,0.0,70.71,low
37067003403,067,1,0,0.0,3.54,1,1,1.0,19.0,1,0,0.0,21.21,0,0,,,1,0,0.0,160.0,low
37067003404,067,1,0,0.0,3.54,1,0,0.0,3.54,1,0,0.0,21.21,1,0,0.0,4100.0,1,0,0.0,200.0,low
37067003500,067,3,0,0.0,3.54,3,0,0.0,3.54,3,0,0.0,21.21,1,0,0.0,707.11,2,0,0.0,70.71,low
37067003600,067,3,0,0.0,7.07,3,0,0.0,3.54,3,0,0.0,21.21,0,0,,,0,0,,,low
37067003703,067,2,0,0.0,2.12,2,0,0.0,3.54,2,0,0.0,21.21,1,0,0.0,4200.0,1,0,0.0,70.71,low
37067003803,067,5,0,0.0,3.54,5,0,0.0,3.54,5,2,0.4,21.21,3,0,0.0,707.11,3,0,0.0,70.71,low
37067003804,067,2,0,0.0,3.54,2,0,0.0,3.54,2,0,0.0,21.21,1,0,0.0,6500.0,2,1,0.5,335.0,low
37067003806,067,4,0,0.0,2.12,4,0,0.0,3.54,4,0,0.0,21.21,0,0,,,1,1,1.0,400.0,low
37067003904,067,1,0,0.0,3.54,1,0,0.0,3.54,1,0,0.0,21.21,0,0,,,1,1,1.0,740.0,low
37067003906,067,1,0,0.0,3.54,1,0,0.0,3.54,1,0,0.0,21.21,1,0,0.0,707.11,1,0,0.0,110.0,low
37067003908,067,3,0,0.0,3.54,3,0,0.0,3.54,3,0,0.0,21.21,1,0,0.0,707.11,2,0,0.0,70.71,low
37067004005,067,2,0,0.0,3.54,2,0,0.0,3.54,2,0,0.0,21.21,1,0,0.0,1600.0,1,0,0.0,140.0,low
37067004007,067,50,0,0.0,3.54,50,2,0.04,3.54,50,5,0.1,21.21,23,0,0.0,707.11,36,11,0.3055555555555556,95.36,high
37067004009,067,12,0,0.0,3.54,12,1,0.08333333333333333,3.54,12,2,0.16666666666666666,21.21,10,0,0.0,707.11,11,4,0.36363636363636365,70.71,medium
37067004010,067,3,0,0.0,3.54,2,0,0.0,3.54,2,0,0.0,21.21,2,0,0.0,1953.55,2,0,0.0,90.36,low
37067004011,067,2,0,0.0,2.12,2,0,0.0,3.54,2,0,0.0,21.21,0,0,,,1,0,0.0,70.71,low
37067004012,067,2,0,0.0,3.54,2,0,0.0,3.54,2,0,0.0,21.21,3,0,0.0,707.11,2,0,0.0,70.71,low
37067004014,067,1,0,0.0,0.71,1,0,0.0,3.54,1,0,0.0,21.21,0,0,,,0,0,,,low
37067004015,067,7,0,0.0,3.54,7,0,0.0,3.54,7,0,0.0,21.21,5,1,0.2,6500.0,6,0,0.0,70.71,low
37067004102,067,17,0,0.0,3.54,17,0,0.0,3.54,17,6,0.35294117647058826,21.21,11,0,0.0,707.11,13,4,0.3076923076923077,220.0,medium
37067004103,067,4,0,0.0,3.54,4,0,0.0,3.54,4,0,0.0,21.21,2,0,0.0,903.55,2,0,0.0,70.71,low
37067004104,067,7,0,0.0,3.54,7,0,0.0,3.54,7,3,0.42857142857142855,30.0,5,0,0.0,707.11,6,4,0.6666666666666666,695.0,low
37069060100,069,115,0,0.0,3.54,115,4,0.034782608695652174,3.54,116,24,0.20689655172413793,21.21,72,0,0.0,707.11,80,18,0.225,70.71,high
37069060200,069,128,0,0.0,3.54,128,3,0.0234375,3.54,128,30,0.234375,21.21,52,1,0.019230769230769232,707.11,64,12,0.1875,70.71,high
37069060301,069,109,0,0.0,3.54,112,5,0.044642857142857144,3.54,109,18,0.1651376146788991,21.21,42,1,0.023809523809523808,1200.0,57,16,0.2807017543859649,70.71,high
37069060302,069,50,0,0.0,3.54,50,2,0.04,3.54,50,6,0.12,21.21,23,0,0.0,707.11,25,7,0.28,70.71,high
37069060401,069,48,0,0.0,3.54,48,1,0.020833333333333332,3.54,48,21,0.4375,21.21,24,0,0.0,707.11,35,11,0.3142857142857143,130.0,high
37069060402,069,194,0,0.0,3.54,194,3,0.015463917525773196,3.54,194,41,0.211340206185567,21.21,153,2,0.013071895424836602,707.11,161,31,0.19254658385093168,70.71,high
37069060501,069,91,0,0.0,3.54,91,4,0.04395604395604396,3.54,91,31,0.34065934065934067,21.21,28,1,0.03571428571428571,707.11,52,15,0.28846153846153844,70.71,high
37069060502,069,224,0,0.0,3.54,227,8,0.03524229074889868,3.54,228,41,0.17982456140350878,21.21,93,1,0.010752688172043012,707.11,140,24,0.17142857142857143,70.71,high
37069060600,069,246,0,0.0,3.54,246,8,0.032520325203252036,3.54,246,44,0.17886178861788618,21.21,106,2,0.018867924528301886,1900.0,143,23,0.16083916083916083,70.71,high
37069060700,069,93,0,0.0,3.54,93,2,0.021505376344086023,3.54,93,23,0.24731182795698925,21.21,50,0,0.0,707.11,61,19,0.3114754098360656,70.71,high
37069060801,069,84,0,0.0,3.54,84,4,0.047619047619047616,3.54,84,16,0.19047619047619047,21.21,35,1,0.02857142857142857,1400.0,51,13,0.2549019607843137,70.71,high
37069060802,069,172,1,0.005813953488372093,3.54,172,2,0.011627906976744186,3.54,172,38,0.22093023255813954,21.21,88,0,0.0,707.11,109,21,0.1926605504587156,70.71,high
37071030101,071,90,0,0.0,3.54,90,2,0.022222222222222223,3.54,90,18,0.2,21.21,26,1,0.038461538461538464,707.11,63,15,0.23809523809523808,70.71,high
37071030102,071,17,0,0.0,3.54,17,0,0.0,3.54,17,5,0.29411764705882354,21.21,5,0,0.0,1000.0,11,4,0.36363636363636365,70.71,medium
37071030203,071,92,0,0.0,3.54,92,4,0.043478260869565216,3.54,92,31,0.33695652173913043,21.21,35,0,0.0,707.11,61,19,0.3114754098360656,70.71,high
37071030204,071,40,0,0.0,3.54,40,1,0.025,3.54,40,7,0.175,21.21,15,0,0.0,707.11,28,7,0.25,90.36,high
37071030205,071,75,0,0.0,3.54,75,1,0.013333333333333334,3.54,77,25,0.3246753246753247,21.21,33,1,0.030303030303030304,707.11,51,19,0.37254901960784315,160.0,high
37071030301,071,89,1,0.011235955056179775,3.54,89,4,0.0449438202247191,3.54,90,7,0.07777777777777778,21.21,29,1,0.034482758620689655,707.11,61,8,0.13114754098360656,70.71,high
37071030302,071,73,0,0.0,3.54,73,0,0.0,3.54,73,6,0.0821917808219178,21.21,22,1,0.045454545454545456,1350.0,45,11,0.24444444444444444,70.71,high
37071030401,071,193,32,0.16580310880829016,3.54,193,0,0.0,3.54,193,27,0.13989637305699482,21.21,47,0,0.0,707.11,123,21,0.17073170731707318,70.71,high
37071030402,071,127,2,0.015748031496062992,3.54,127,1,0.007874015748031496,3.54,127,12,0.09448818897637795,21.21,35,4,0.11428571428571428,707.11,80,12,0.15,70.71,high
37071030501,071,182,23,0.12637362637362637,3.54,182,1,0.005494505494505495,3.54,182,35,0.19230769230769232,21.21,34,0,0.0,953.55,95,24,0.25263157894736843,70.71,high
37071030502,071,198,10,0.050505050505050504,3.54,198,2,0.010101010101010102,3.54,198,63,0.3181818181818182,21.21,58,0,0.0,707.11,108,38,0.35185185185185186,70.71,high
37071030601,071,36,4,0.1111111111111111,3.54,36,2,0.05555555555555555,3.54,36,4,0.1111111111111111,21.21,13,0,0.0,707.11,17,5,0.29411764705882354,70.71,high
37071030602,071,38,2,0.05263157894736842,3.54,38,1,0.02631578947368421,3.54,44,7,0.1590909090909091,21.21,4,0,0.0,707.11,18,7,0.3888888888888889,155.0,high
37071030700,071,57,1,0.017543859649122806,3.54,57,2,0.03508771929824561,3.54,58,14,0.2413793103448276,21.21,17,0,0.0,707.11,39,12,0.3076923076923077,110.0,high
37071030801,071,25,0,0.0,3.54,25,0,0.0,3.54,25,7,0.28,21.21,9,0,0.0,1200.0,13,6,0.46153846153846156,70.71,medium
37071030802,071,20,0,0.0,3.54,20,0,0.0,3.54,20,2,0.1,21.21,4,0,0.0,903.55,11,3,0.2727272727272727,70.71,medium
37071030901,071,2,0,0.0,2.12,2,0,0.0,4.77,2,1,0.5,40.61,0,0,,,1,0,0.0,260.0,low
37071030902,071,9,0,0.0,3.54,9,0,0.0,3.54,9,1,0.1111111111111111,21.21,3,0,0.0,707.11,7,2,0.2857142857142857,70.71,low
37071031001,071,48,0,0.0,3.54,48,1,0.020833333333333332,3.54,48,11,0.22916666666666666,21.21,17,1,0.058823529411764705,1700.0,29,4,0.13793103448275862,70.71,high
37071031003,071,90,0,0.0,3.54,90,3,0.03333333333333333,3.54,90,12,0.13333333333333333,21.21,27,0,0.0,707.11,52,11,0.21153846153846154,70.71,high
37071031004,071,32,0,0.0,0.71,32,0,0.0,3.54,32,6,0.1875,21.21,11,0,0.0,2200.0,14,3,0.21428571428571427,95.36,high
37071031101,071,42,0,0.0,3.54,42,0,0.0,3.54,42,3,0.07142857142857142,21.21,15,1,0.06666666666666667,707.11,24,4,0.16666666666666666,85.36,high
37071031102,071,1,0,0.0,0.71,1,0,0.0,3.54,1,0,0.0,21.21,1,0,0.0,707.11,0,0,,,low
37071031201,071,1,0,0.0,0.71,1,0,0.0,3.54,1,0,0.0,21.21,0,0,,,0,0,,,low
37071031202,071,5,0,0.0,3.54,5,0,0.0,3.54,5,2,0.4,21.21,2,0,0.0,707.11,4,1,0.25,95.36,low
37071031301,071,10,0,0.0,2.12,10,0,0.0,3.54,10,4,0.4,21.21,3,0,0.0,2300.0,5,1,0.2,110.0,medium
37071031302,071,4,0,0.0,3.54,4,0,0.0,3.54,4,2,0.5,155.61,0,0,,,3,2,0.6666666666666666,550.0,low
37071031402,071,7,0,0.0,3.54,7,0,0.0,3.54,7,3,0.42857142857142855,40.0,3,0,0.0,707.11,5,5,1.0,580.0,low
37071031500,071,8,0,0.0,2.12,8,1,0.125,3.54,8,0,0.0,21.21,0,0,,,4,2,0.5,320.36,low
37071031600,071,19,1,0.05263157894736842,3.54,19,1,0.05263157894736842,3.54,19,2,0.10526315789473684,21.21,5,0,0.0,707.11,10,1,0.1,70.71,medium
37071031701,071,124,0,0.0,3.54,124,1,0.008064516129032258,3.54,127,27,0.2125984251968504,21.21,29,0,0.0,707.11,73,16,0.2191780821917808,70.71,high
37071031703,071,35,0,0.0,3.54,35,4,0.11428571428571428,3.54,35,8,0.22857142857142856,21.21,11,0,0.0,707.11,17,5,0.29411764705882354,110.0,high
37071031704,071,59,0,0.0,3.54,59,1,0.01694915254237288,3.54,59,10,0.1694915254237288,21.21,19,0,0.0,707.11,33,5,0.15151515151515152,70.71,high
37071031800,071,1,0,0.0,3.54,1,0,0.0,3.54,1,0,0.0,21.21,0,0,,,1,0,0.0,70.71,low
37071031900,071,2,0,0.0,2.12,2,0,0.0,3.54,2,0,0.0,21.21,0,0,,,1,0,0.0,70.71,low
37071032000,071,1,0,0.0,0.71,1,0,0.0,3.54,1,0,0.0,21.21,0,0,,,0,0,,,low
37071032100,071,1,0,0.0,3.54,1,0,0.0,3.54,1,0,0.0,21.21,0,0,,,0,0,,,low
37071032200,071,14,0,0.0,3.54,14,0,0.0,3.54,14,3,0.21428571428571427,21.21,3,0,0.0,1800.0,8,2,0.25,70.71,medium
37071032301,071,23,0,0.0,3.54,23,0,0.0,3.54,23,4,0.17391304347826086,21.21,7,0,0.0,707.11,14,3,0.21428571428571427,70.71,medium
37071032302,071,10,0,0.0,0.71,10,2,0.2,3.54,10,3,0.3,21.21,4,0,0.0,4250.0,4,0,0.0,115.36,medium
37071032401,071,8,0,0.0,3.54,8,0,0.0,3.54,8,1,0.125,21.21,1,0,0.0,2600.0,5,1,0.2,70.71,low
37071032402,071,216,0,0.0,3.54,216,6,0.027777777777777776,3.54,216,17,0.0787037037037037,21.21,53,0,0.0,707.11,153,32,0.20915032679738563,70.71,high
37071032502,071,159,0,0.0,3.54,158,7,0.04430379746835443,3.54,158,14,0.08860759493670886,21.21,72,0,0.0,707.11,112,23,0.20535714285714285,70.71,high
37071032506,071,3,0,0.0,3.54,3,0,0.0,3.54,3,2,0.6666666666666666,180.0,0,0,,,2,1,0.5,735.36,low
37071032507,071,5,0,0.0,0.71,5,0,0.0,3.54,5,1,0.2,21.21,1,0,0.0,1000.0,2,0,0.0,100.36,low
37071032508,071,34,0,0.0,3.54,34,0,0.0,3.54,34,8,0.23529411764705882,21.21,18,0,0.0,853.55,27,7,0.25925925925925924,70.71,high
37071032600,071,1,0,0.0,0.71,1,0,0.0,3.54,1,0,0.0,21.21,0,0,,,0,0,,,low
37071032702,071,2,0,0.0,0.71,2,0,0.0,3.54,2,0,0.0,21.21,0,0,,,0,0,,,low
37071032703,071,2,0,0.0,0.71,2,0,0.0,3.54,2,0,0.0,21.21,0,0,,,0,0,,,low
37071032800,071,9,0,0.0,3.54,9,1,0.1111111111111111,3.54,9,1,0.1111111111111111,21.21,0,0,,,5,0,0.0,70.71,low
37071033100,071,4,0,0.0,0.71,4,0,0.0,3.54,4,0,0.0,21.21,0,0,,,1,1,1.0,2800.0,low
37071033202,071,11,0,0.0,3.54,11,0,0.0,3.54,11,0,0.0,21.21,1,0,0.0,707.11,6,1,0.16666666666666666,70.71,medium
37071033204,071,25,0,0.0,3.54,25,2,0.08,3.54,25,3,0.12,21.21,6,2,0.3333333333333333,4200.0,13,3,0.23076923076923078,70.71,medium
37071033303,071,6,0,0.0,3.54,6,0,0.0,3.54,6,1,0.16666666666666666,21.21,0,0,,,4,3,0.75,390.0,low
37071033304,071,29,0,0.0,3.54,29,1,0.034482758620689655,3.54,32,7,0.21875,21.21,2,0,0.0,707.11,18,3,0.16666666666666666,70.71,medium
37071033305,071,50,0,0.0,3.54,50,2,0.04,3.54,50,6,0.12,21.21,8,0,0.0,707.11,24,7,0.2916666666666667,70.71,high
37071033306,071,86,0,0.0,3.54,86,0,0.0,3.54,86,24,0.27906976744186046,21.21,24,0,0.0,1250.0,40,13,0.325,150.0,high
37071033307,071,84,0,0.0,3.54,84,1,0.011904761904761904,3.54,84,14,0.16666666666666666,21.21,20,0,0.0,707.11,50,10,0.2,70.71,high
37071033400,071,30,1,0.03333333333333333,1.6,30,1,0.03333333333333333,3.54,30,5,0.16666666666666666,21.21,8,0,0.0,2450.0,13,3,0.23076923076923078,100.0,high
37071033500,071,100,0,0.0,3.54,100,0,0.0,3.54,103,31,0.30097087378640774,21.21,52,1,0.019230769230769232,707.11,79,25,0.31645569620253167,70.71,high
37073970100,073,10,0,0.0,3.54,10,1,0.1,3.54,10,4,0.4,21.21,4,0,0.0,707.11,4,1,0.25,180.36,medium
37073970200,073,20,0,0.0,3.54,20,0,0.0,3.54,20,1,0.05,21.21,13,0,0.0,707.11,14,2,0.14285714285714285,70.71,medium
37073970300,073,11,0,0.0,3.54,11,0,0.0,3.54,11,2,0.18181818181818182,21.21,10,0,0.0,707.11,10,1,0.1,70.71,medium
37075920100,075,203,1,0.0049261083743842365,3.54,203,5,0.024630541871921183,3.54,203,54,0.2660098522167488,21.21,48,0,0.0,707.11,94,26,0.2765957446808511,70.71,high
37075920200,075,136,1,0.007352941176470588,3.54,136,0,0.0,3.54,136,41,0.3014705882352941,21.21,35,0,0.0,707.11,75,21,0.28,70.71,high
37075920300,075,115,1,0.008695652173913044,3.54,115,2,0.017391304347826087,3.54,115,26,0.22608695652173913,21.21,34,0,0.0,707.11,68,26,0.38235294117647056,135.0,high
37077970101,077,132,1,0.007575757575757576,3.54,132,3,0.022727272727272728,3.54,133,62,0.46616541353383456,40.0,52,0,0.0,707.11,84,20,0.23809523809523808,70.71,high
37077970102,077,142,3,0.02112676056338028,3.54,142,4,0.028169014084507043,3.54,142,69,0.4859154929577465,42.0,63,0,0.0,707.11,100,32,0.32,115.0,high
37077970200,077,72,0,0.0,3.54,72,1,0.013888888888888888,3.54,72,21,0.2916666666666667,21.21,23,0,0.0,707.11,38,11,0.2894736842105263,70.71,high
37077970300,077,38,0,0.0,3.54,37,0,0.0,3.54,37,14,0.3783783783783784,21.21,14,1,0.07142857142857142,707.11,24,9,0.375,200.0,high
37077970400,077,9,0,0.0,0.71,9,1,0.1111111111111111,3.54,9,3,0.3333333333333333,21.21,2,0,0.0,1400.0,2,0,0.0,125.0,low
37077970500,077,104,0,0.0,3.54,104,4,0.038461538461538464,3.54,104,38,0.36538461538461536,21.21,50,0,0.0,707.11,66,15,0.22727272727272727,70.71,high
37077970601,077,214,0,0.0,3.54,214,4,0.018691588785046728,3.54,214,75,0.35046728971962615,21.21,150,0,0.0,707.11,177,38,0.21468926553672316,70.71,high
37077970602,077,333,0,0.0,3.54,333,2,0.006006006006006006,3.54,333,91,0.2732732732732733,21.21,212,0,0.0,707.11,269,63,0.2342007434944238,70.71,high
37077970603,077,64,0,0.0,3.54,64,1,0.015625,3.54,65,17,0.26153846153846155,21.21,23,0,0.0,707.11,34,11,0.3235294117647059,170.0,high
37077970701,077,109,1,0.009174311926605505,3.54,109,3,0.027522935779816515,3.54,109,66,0.6055045871559633,70.0,45,1,0.022222222222222223,707.11,69,23,0.3333333333333333,170.0,high
37077970703,077,3,0,0.0,3.54,3,0,0.0,3.54,4,1,0.25,21.21,1,0,0.0,707.11,4,0,0.0,90.36,low
37079950101,079,18,0,0.0,3.54,18,1,0.05555555555555555,3.54,18,10,0.5555555555555556,65.0,5,0,0.0,707.11,10,7,0.7,505.0,medium
37079950102,079,11,0,0.0,3.54,11,0,0.0,3.54,11,1,0.09090909090909091,21.21,8,0,0.0,707.11,9,1,0.1111111111111111,70.71,medium
37079950200,079,9,0,0.0,3.54,9,0,0.0,3.54,9,3,0.3333333333333333,30.0,7,0,0.0,707.11,7,5,0.7142857142857143,1700.0,low
37079950300,079,25,0,0.0,3.54,26,2,0.07692307692307693,3.54,26,9,0.34615384615384615,21.21,10,1,0.1,707.11,15,6,0.4,110.0,medium
37081010100,081,1,0,0.0,0.71,1,1,1.0,18.0,1,0,0.0,21.21,0,0,,,0,0,,,low
37081010200,081,1,0,0.0,7.07,1,0,0.0,3.54,1,0,0.0,21.21,0,0,,,0,0,,,low
37081010300,081,6,0,0.0,0.71,6,0,0.0,3.54,6,0,0.0,21.21,0,0,,,0,0,,,low
37081010401,081,2,0,0.0,2.12,2,0,0.0,3.54,2,1,0.5,170.61,1,0,0.0,707.11,1,0,0.0,70.71,low
37081010403,081,1,0,0.0,0.71,1,0,0.0,3.54,1,0,0.0,21.21,0,0,,,0,0,,,low
37081010404,081,7,0,0.0,3.54,7,0,0.0,3.54,7,2,0.2857142857142857,21.21,7,0,0.0,707.11,7,0,0.0,70.71,low
37081010500,081,1,0,0.0,0.71,1,0,0.0,3.54,1,0,0.0,21.21,0,0,,,0,0,,,low
37081010601,081,1,0,0.0,0.71,1,0,0.0,3.54,1,0,0.0,21.21,0,0,,,0,0,,,low
37081010800,081,8,0,0.0,0.71,8,0,0.0,3.54,8,2,0.25,21.21,0,0,,,1,0,0.0,70.71,low
37081010900,081,2,0,0.0,2.12,2,0,0.0,3.54,2,0,0.0,21.21,0,0,,,1,0,0.0,70.71,low
37081011000,081,1,0,0.0,3.54,1,0,0.0,3.54,1,0,0.0,21.21,1,0,0.0,2100.0,1,0,0.0,70.71,low
37081011200,081,4,0,0.0,3.54,4,0,0.0,3.54,4,0,0.0,21.21,3,0,0.0,1100.0,4,0,0.0,70.71,low
37081011601,081,1,0,0.0,3.54,1,0,0.0,3.54,1,0,0.0,21.21,0,0,,,1,0,0.0,70.71,low
37081011602,081,1,0,0.0,0.71,1,0,0.0,3.54,1,0,0.0,21.21,0,0,,,0,0,,,low
37081011905,081,3,0,0.0,3.54,3,0,0.0,3.54,3,2,0.6666666666666666,70.0,2,0,0.0,707.11,2,1,0.5,1985.36,low
37081012504,081,3,0,0.0,0.71,3,0,0.0,3.54,3,1,0.3333333333333333,21.21,0,0,,,0,0,,,low
37081012505,081,8,0,0.0,3.54,8,0,0.0,3.54,8,3,0.375,30.61,3,0,0.0,707.11,6,1,0.16666666666666666,70.71,low
37081012508,081,9,0,0.0,0.71,9,0,0.0,3.54,9,6,0.6666666666666666,110.0,0,0,,,0,0,,,low
37081012509,081,1,0,0.0,0.71,1,0,0.0,3.54,1,0,0.0,21.21,0,0,,,0,0,,,low
37081012510,081,3,0,0.0,0.71,3,0,0.0,3.54,3,0,0.0,21.21,1,0,0.0,707.11,1,0,0.0,70.71,low
37081012511,081,3,0,0.0,3.54,3,0,0.0,3.54,3,0,0.0,21.21,2,0,0.0,1303.55,3,0,0.0,70.71,low
37081012601,081,2,0,0.0,3.89,2,0,0.0,3.54,2,0,0.0,21.21,0,0,,,0,0,,,low
37081012607,081,0,0,,,0,0,,,0,0,,,4,0,0.0,707.11,0,0,,,none
37081012609,081,4,0,0.0,2.12,4,0,0.0,3.54,4,0,0.0,21.21,1,0,0.0,707.11,1,0,0.0,140.0,low
37081012611,081,2,0,0.0,2.12,2,0,0.0,3.54,2,1,0.5,135.61,1,0,0.0,707.11,1,1,1.0,2400.0,low
37081012612,081,3,0,0.0,0.71,3,0,0.0,3.54,3,1,0.3333333333333333,21.21,0,0,,,0,0,,,low
37081012617,081,1,0,0.0,0.71,1,0,0.0,3.54,1,0,0.0,21.21,0,0,,,0,0,,,low
37081012703,081,2,0,0.0,2.12,2,0,0.0,3.54,2,0,0.0,21.21,1,0,0.0,707.11,1,0,0.0,70.71,low
37081012704,081,1,0,0.0,5.0,1,0,0.0,10.0,1,0,0.0,21.21,0,0,,,0,0,,,low
37081012706,081,1,0,0.0,0.71,1,0,0.0,3.54,1,0,0.0,21.21,0,0,,,0,0,,,low
37081012707,081,4,0,0.0,0.71,4,0,0.0,3.54,4,2,0.5,40.61,0,0,,,0,0,,,low
37081012803,081,88,0,0.0,3.54,88,2,0.022727272727272728,3.54,88,19,0.2159090909090909,21.21,42,0,0.0,1200.0,42,7,0.16666666666666666,70.71,high
37081012804,081,6,0,0.0,3.54,6,0,0.0,3.54,6,3,0.5,45.61,2,0,0.0,707.11,3,0,0.0,70.71,low
37081012805,081,9,0,0.0,0.71,9,2,0.2222222222222222,3.54,9,1,0.1111111111111111,21.21,0,0,,,0,0,,,low
37081013602,081,4,0,0.0,2.12,4,0,0.0,3.54,4,0,0.0,21.21,1,0,0.0,707.11,2,0,0.0,130.36,low
37081013900,081,1,0,0.0,3.54,1,0,0.0,3.54,1,0,0.0,21.21,0,0,,,0,0,,,low
37081014300,081,2,0,0.0,0.71,2,0,0.0,3.54,2,0,0.0,21.21,0,0,,,0,0,,,low
37081014406,081,2,0,0.0,0.71,2,0,0.0,3.54,2,0,0.0,21.21,0,0,,,0,0,,,low
37081014407,081,4,0,0.0,0.71,4,0,0.0,3.54,4,2,0.5,165.61,1,0,0.0,1400.0,0,0,,,low
37081014409,081,2,0,0.0,0.71,2,0,0.0,3.54,2,0,0.0,21.21,0,0,,,0,0,,,low
37081014411,081,5,0,0.0,3.54,5,0,0.0,3.54,5,3,0.6,70.0,5,0,0.0,707.11,5,1,0.2,70.71,low
37081014412,081,1,0,0.0,0.71,1,0,0.0,3.54,1,0,0.0,21.21,0,0,,,0,0,,,low
37081014501,081,1,0,0.0,3.54,1,0,0.0,3.54,1,0,0.0,21.21,0,0,,,1,0,0.0,70.71,low
37081014502,081,4,0,0.0,3.54,4,0,0.0,3.54,4,2,0.5,55.61,3,0,0.0,1140.0,3,1,0.3333333333333333,70.71,low
37081014503,081,2,0,0.0,3.89,2,0,0.0,3.54,2,0,0.0,21.21,0,0,,,0,0,,,low
37081015100,081,194,0,0.0,3.54,194,11,0.05670103092783505,3.54,194,47,0.2422680412371134,21.21,110,0,0.0,707.11,110,22,0.2,70.71,high
37081015200,081,170,0,0.0,3.54,170,5,0.029411764705882353,3.54,170,79,0.4647058823529412,21.21,86,0,0.0,707.11,96,24,0.25,70.71,high
37081015300,081,152,1,0.006578947368421052,3.54,152,7,0.046052631578947366,3.54,152,34,0.2236842105263158,21.21,71,0,0.0,1200.0,70,8,0.11428571428571428,70.71,high
37081015401,081,83,0,0.0,0.71,83,8,0.0963855421686747,3.54,83,16,0.1927710843373494,21.21,29,0,0.0,707.11,30,2,0.06666666666666667,70.71,high
37081015402,081,132,3,0.022727272727272728,0.71,132,25,0.1893939393939394,3.54,132,43,0.32575757575757575,21.21,47,0,0.0,707.11,37,8,0.21621621621621623,70.71,high
37081015500,081,88,0,0.0,3.27,88,10,0.11363636363636363,3.54,88,14,0.1590909090909091,21.21,32,0,0.0,707.11,36,5,0.1388888888888889,70.71,high
37081015600,081,400,1,0.0025,3.54,400,6,0.015,3.54,400,25,0.0625,21.21,240,0,0.0,707.11,252,13,0.051587301587301584,70.71,high
37081015703,081,15,0,0.0,0.71,15,0,0.0,3.54,15,1,0.06666666666666667,21.21,3,0,0.0,707.11,4,0,0.0,130.36,medium
37081015704,081,38,0,0.0,0.71,38,3,0.07894736842105263,3.54,38,4,0.10526315789473684,21.21,13,0,0.0,707.11,14,0,0.0,70.71,high
37081015705,081,2,0,0.0,3.89,2,0,0.0,3.54,2,0,0.0,21.21,0,0,,,0,0,,,low
37081015706,081,75,0,0.0,3.54,75,1,0.013333333333333334,3.54,75,4,0.05333333333333334,21.21,33,0,0.0,707.11,35,1,0.02857142857142857,70.71,high
37081015707,081,6,0,0.0,2.12,6,0,0.0,3.54,6,0,0.0,21.21,2,0,0.0,707.11,3,0,0.0,70.71,low
37081015800,081,393,6,0.015267175572519083,3.54,393,10,0.02544529262086514,3.54,393,27,0.06870229007633588,21.21,212,0,0.0,707.11,232,13,0.05603448275862069,70.71,high
37081015901,081,138,6,0.043478260869565216,3.54,138,1,0.007246376811594203,3.54,138,33,0.2391304347826087,21.21,70,0,0.0,707.11,78,19,0.24358974358974358,70.71,high
37081015902,081,185,0,0.0,3.54,185,7,0.03783783783783784,3.54,185,12,0.06486486486486487,21.21,113,0,0.0,1100.0,120,9,0.075,70.71,high
37081016003,081,193,0,0.0,3.54,193,1,0.0051813471502590676,3.54,193,9,0.046632124352331605,21.21,85,2,0.023529411764705882,707.11,94,5,0.05319148936170213,70.71,high
37081016005,081,96,0,0.0,0.71,96,6,0.0625,3.54,96,3,0.03125,21.21,29,0,0.0,1800.0,35,4,0.11428571428571428,70.71,high
37081016006,081,14,0,0.0,0.71,14,0,0.0,3.54,14,1,0.07142857142857142,21.21,5,0,0.0,3000.0,5,0,0.0,70.71,medium
37081016007,081,4,0,0.0,3.54,4,0,0.0,3.54,4,2,0.5,80.61,4,0,0.0,707.11,4,2,0.5,275.36,low
37081016008,081,19,0,0.0,3.54,19,0,0.0,3.54,19,0,0.0,21.21,19,0,0.0,707.11,13,1,0.07692307692307693,70.71,medium
37081016009,081,9,0,0.0,0.71,9,0,0.0,3.54,9,0,0.0,21.21,1,0,0.0,1500.0,1,0,0.0,70.71,low
37081016010,081,10,0,0.0,0.71,10,0,0.0,3.54,10,1,0.1,21.21,4,0,0.0,2400.0,4,0,0.0,70.71,medium
37081016011,081,3,0,0.0,3.54,3,0,0.0,3.54,3,0,0.0,21.21,1,0,0.0,707.11,1,0,0.0,70.71,low
37081016101,081,16,0,0.0,2.77,16,0,0.0,3.54,16,2,0.125,21.21,4,0,0.0,1003.55,5,0,0.0,70.71,medium
37081016102,081,5,0,0.0,3.54,5,0,0.0,3.54,5,2,0.4,21.21,4,0,0.0,707.11,4,0,0.0,70.71,low
37081016103,081,1,0,0.0,0.71,1,0,0.0,3.54,1,0,0.0,21.21,0,0,,,0,0,,,low
37081016201,081,227,0,0.0,3.54,226,6,0.02654867256637168,3.54,226,12,0.05309734513274336,21.21,78,0,0.0,1280.0,110,14,0.12727272727272726,70.71,high
37081016203,081,70,0,0.0,3.54,70,0,0.0,3.54,70,2,0.02857142857142857,21.21,34,0,0.0,1350.0,37,2,0.05405405405405406,70.71,high
37081016204,081,39,0,0.0,3.54,39,0,0.0,3.54,39,3,0.07692307692307693,21.21,20,0,0.0,707.11,21,2,0.09523809523809523,70.71,high
37081016205,081,4,0,0.0,2.12,4,1,0.25,3.54,4,0,0.0,21.21,2,0,0.0,707.11,2,0,0.0,70.71,low
37081016303,081,4,0,0.0,0.71,4,0,0.0,3.54,4,2,0.5,35.61,1,0,0.0,707.11,1,1,1.0,500.0,low
37081016304,081,7,0,0.0,3.54,7,0,0.0,3.54,7,0,0.0,21.21,4,0,0.0,707.11,4,2,0.5,215.36,low
37081016305,081,3,0,0.0,0.71,3,0,0.0,3.54,3,1,0.3333333333333333,21.21,1,0,0.0,707.11,1,0,0.0,260.0,low
37081016306,081,30,0,0.0,2.12,30,1,0.03333333333333333,3.54,30,7,0.23333333333333334,21.21,12,0,0.0,707.11,13,3,0.23076923076923078,70.71,high
37081016405,081,14,0,0.0,3.54,14,3,0.21428571428571427,3.54,14,1,0.07142857142857142,21.21,3,0,0.0,707.11,4,0,0.0,70.71,medium
37081016406,081,12,0,0.0,2.12,12,1,0.08333333333333333,3.54,12,2,0.16666666666666666,21.21,5,0,0.0,707.11,6,0,0.0,70.71,medium
37081016407,081,19,0,0.0,3.54,19,1,0.05263157894736842,3.54,19,3,0.15789473684210525,21.21,9,0,0.0,1800.0,10,2,0.2,70.71,medium
37081016408,081,10,0,0.0,2.12,10,0,0.0,3.54,10,1,0.1,21.21,4,0,0.0,3300.0,4,0,0.0,70.71,medium
37081016409,081,2,0,0.0,2.12,2,0,0.0,3.54,2,0,0.0,21.21,1,0,0.0,707.11,1,0,0.0,70.71,low
37081016410,081,21,0,0.0,0.71,21,2,0.09523809523809523,3.54,21,9,0.42857142857142855,21.21,5,0,0.0,707.11,7,3,0.42857142857142855,270.0,medium
37081016502,081,204,1,0.004901960784313725,0.71,204,6,0.029411764705882353,3.54,204,26,0.12745098039215685,21.21,42,1,0.023809523809523808,707.11,54,12,0.2222222222222222,70.71,high
37081016503,081,18,0,0.0,0.71,18,0,0.0,3.54,18,3,0.16666666666666666,21.21,5,0,0.0,2100.0,4,2,0.5,635.36,medium
37081016505,081,15,0,0.0,3.54,15,1,0.06666666666666667,3.54,15,0,0.0,21.21,5,0,0.0,1340.0,5,1,0.2,70.71,medium
37081016506,081,7,0,0.0,3.54,7,0,0.0,3.54,7,1,0.14285714285714285,21.21,2,0,0.0,1600.0,2,0,0.0,70.71,low
37081016600,081,67,0,0.0,3.54,67,1,0.014925373134328358,3.54,67,14,0.208955223880597,21.21,37,0,0.0,1100.0,41,9,0.21951219512195122,70.71,high
37081016701,081,116,0,0.0,3.54,116,8,0.06896551724137931,3.54,116,26,0.22413793103448276,21.21,67,0,0.0,707.11,66,6,0.09090909090909091,70.71,high
37081016702,081,123,0,0.0,0.71,123,5,0.04065040650406504,3.54,123,29,0.23577235772357724,21.21,40,0,0.0,707.11,47,7,0.14893617021276595,70.71,high
37081016800,081,133,0,0.0,3.54,133,4,0.03007518796992481,3.54,133,36,0.2706766917293233,21.21,60,0,0.0,707.11,64,7,0.109375,70.71,high
37081016900,081,169,0,0.0,3.54,168,9,0.05357142857142857,3.54,168,50,0.2976190476190476,21.21,66,1,0.015151515151515152,707.11,79,17,0.21518987341772153,70.71,high
37081017000,081,247,1,0.004048582995951417,3.54,247,11,0.044534412955465584,3.54,247,87,0.3522267206477733,21.21,109,0,0.0,707.11,126,28,0.2222222222222222,70.71,high
37081017100,081,247,2,0.008097165991902834,3.54,247,16,0.06477732793522267,3.54,247,61,0.24696356275303644,21.21,83,0,0.0,707.11,101,28,0.27722772277227725,70.71,high
37081017200,081,233,1,0.004291845493562232,3.54,233,4,0.017167381974248927,3.54,233,67,0.2875536480686695,21.21,112,0,0.0,707.11,127,18,0.14173228346456693,70.71,high
37083930100,083,5,0,0.0,3.54,5,0,0.0,3.54,4,1,0.25,21.21,3,0,0.0,2500.0,2,0,0.0,70.71,low
37083930300,083,1,0,0.0,0.71,1,0,0.0,3.54,1,0,0.0,21.21,0,0,,,0,0,,,low
37083930501,083,2,1,0.5,8.85,1,0,0.0,3.54,1,0,0.0,21.21,0,0,,,0,0,,,low
37083930502,083,12,0,0.0,3.54,11,0,0.0,3.54,11,1,0.09090909090909091,21.21,10,0,0.0,707.11,10,1,0.1,70.71,medium
37083930600,083,31,0,0.0,3.54,21,0,0.0,3.54,21,4,0.19047619047619047,21.21,13,0,0.0,2500.0,17,1,0.058823529411764705,70.71,high
37083930700,083,33,1,0.030303030303030304,3.54,32,0,0.0,3.54,32,5,0.15625,21.21,16,0,0.0,707.11,24,6,0.25,70.71,high
37083930800,083,40,0,0.0,3.54,39,0,0.0,3.54,39,13,0.3333333333333333,21.21,24,0,0.0,1000.0,31,4,0.12903225806451613,70.71,high
37083930900,083,15,0,0.0,3.54,15,0,0.0,3.54,15,6,0.4,21.21,6,0,0.0,707.11,8,2,0.25,95.36,medium
37083931000,083,32,0,0.0,3.54,32,0,0.0,3.54,32,7,0.21875,21.21,15,0,0.0,707.11,21,4,0.19047619047619047,70.71,high
37083931100,083,44,0,0.0,3.54,44,2,0.045454545454545456,3.54,44,19,0.4318181818181818,40.0,26,0,0.0,707.11,30,17,0.5666666666666667,360.0,high
37085070100,085,12,0,0.0,3.54,12,1,0.08333333333333333,3.54,12,1,0.08333333333333333,21.21,7,0,0.0,6300.0,11,4,0.36363636363636365,170.0,medium
37085070200,085,17,0,0.0,3.54,17,0,0.0,3.54,17,5,0.29411764705882354,21.21,5,1,0.2,5500.0,7,0,0.0,70.71,medium
37085070300,085,13,0,0.0,3.54,13,1,0.07692307692307693,3.54,13,3,0.23076923076923078,21.21,4,1,0.25,6300.0,7,5,0.7142857142857143,1200.0,medium
37085070401,085,25,0,0.0,3.54,25,2,0.08,3.54,25,16,0.64,80.0,13,0,0.0,707.11,15,7,0.4666666666666667,140.0,medium
37085070402,085,30,0,0.0,3.54,30,1,0.03333333333333333,3.54,30,13,0.43333333333333335,34.0,5,0,0.0,707.11,13,6,0.46153846153846156,70.71,high
37085070500,085,14,0,0.0,3.54,14,0,0.0,3.54,14,4,0.2857142857142857,27.61,4,0,0.0,3350.0,8,2,0.25,70.71,medium
37085070600,085,13,0,0.0,0.71,13,2,0.15384615384615385,3.54,13,6,0.46153846153846156,21.21,2,0,0.0,707.11,6,4,0.6666666666666666,580.0,medium
37085070700,085,8,0,0.0,3.54,8,0,0.0,3.54,8,3,0.375,21.21,1,0,0.0,707.11,4,1,0.25,95.36,low
37085070801,085,13,0,0.0,3.54,13,0,0.0,3.54,13,4,0.3076923076923077,21.21,4,0,0.0,707.11,6,2,0.3333333333333333,90.36,medium
37085070802,085,23,0,0.0,3.54,23,5,0.21739130434782608,3.54,23,11,0.4782608695652174,21.21,5,0,0.0,707.11,12,4,0.3333333333333333,170.0,medium
37085070901,085,3,0,0.0,0.71,3,0,0.0,3.54,3,2,0.6666666666666666,180.0,1,0,0.0,707.11,1,1,1.0,2900.0,low
37085070902,085,18,0,0.0,3.54,18,2,0.1111111111111111,3.54,18,8,0.4444444444444444,35.5,6,1,0.16666666666666666,4003.55,11,5,0.45454545454545453,237.0,medium
37085070903,085,15,1,0.06666666666666667,3.54,15,1,0.06666666666666667,3.54,15,7,0.4666666666666667,43.0,5,0,0.0,707.11,12,4,0.3333333333333333,120.0,medium
37085070904,085,9,0,0.0,0.71,9,0,0.0,3.54,9,2,0.2222222222222222,21.21,2,0,0.0,707.11,3,1,0.3333333333333333,70.71,low
37085071001,085,21,0,0.0,3.54,21,1,0.047619047619047616,3.54,21,10,0.47619047619047616,21.21,5,0,0.0,707.11,9,1,0.1111111111111111,70.71,medium
37085071002,085,24,0,0.0,3.54,24,0,0.0,3.54,24,8,0.3333333333333333,21.21,12,0,0.0,707.11,18,3,0.16666666666666666,70.71,medium
37085071101,085,13,0,0.0,3.54,13,0,0.0,3.54,13,3,0.23076923076923078,21.21,4,0,0.0,707.11,10,2,0.2,70.71,medium
37085071102,085,29,4,0.13793103448275862,3.54,29,0,0.0,3.54,29,13,0.4482758620689655,37.0,7,0,0.0,707.11,14,9,0.6428571428571429,845.0,medium
37085071201,085,9,1,0.1111111111111111,3.54,9,0,0.0,3.54,9,6,0.6666666666666666,70.0,2,0,0.0,707.11,8,5,0.625,305.0,low
37085071202,085,3,0,0.0,3.54,3,0,0.0,3.54,3,0,0.0,21.21,1,0,0.0,707.11,2,0,0.0,70.71,low
37085071203,085,1,0,0.0,0.71,1,0,0.0,3.54,1,0,0.0,21.21,0,0,,,0,0,,,low
37085071204,085,8,2,0.25,3.54,7,0,0.0,3.54,8,6,0.75,80.0,1,0,0.0,707.11,5,2,0.4,260.0,low
37085071301,085,18,0,0.0,3.54,18,1,0.05555555555555555,3.54,18,11,0.6111111111111112,165.0,5,0,0.0,707.11,9,5,0.5555555555555556,780.0,medium
37085071302,085,4,0,0.0,2.12,4,1,0.25,3.54,4,0,0.0,21.21,2,0,0.0,1653.55,2,1,0.5,460.36,low
37085071303,085,5,1,0.2,3.54,5,0,0.0,3.54,5,3,0.6,60.0,0,0,,,2,0,0.0,70.71,low
37085071401,085,6,0,0.0,3.54,6,0,0.0,3.54,6,5,0.8333333333333334,77.5,4,0,0.0,707.11,4,2,0.5,185.36,low
37085071402,085,14,0,0.0,3.54,14,0,0.0,3.54,14,5,0.35714285714285715,21.21,8,0,0.0,707.11,8,5,0.625,350.0,medium
37087920101,087,255,0,0.0,3.54,255,8,0.03137254901960784,3.54,255,25,0.09803921568627451,21.21,94,0,0.0,707.11,167,47,0.281437125748503,70.71,high
37087920102,087,339,0,0.0,3.54,339,3,0.008849557522123894,3.54,339,39,0.11504424778761062,21.21,146,4,0.0273972602739726,707.11,224,75,0.33482142857142855,125.0,high
37087920200,087,180,0,0.0,3.54,180,1,0.005555555555555556,3.54,180,27,0.15,21.21,78,0,0.0,707.11,118,36,0.3050847457627119,90.36,high
37087920300,087,33,0,0.0,3.54,33,0,0.0,3.54,33,3,0.09090909090909091,21.21,15,0,0.0,707.11,21,3,0.14285714285714285,110.0,high
37087920400,087,13,0,0.0,0.71,13,0,0.0,3.54,13,2,0.15384615384615385,21.21,4,0,0.0,863.55,4,0,0.0,70.71,medium
37087920500,087,84,0,0.0,3.54,84,1,0.011904761904761904,3.54,84,15,0.17857142857142858,21.21,33,1,0.030303030303030304,707.11,51,15,0.29411764705882354,120.0,high
37087920600,087,89,0,0.0,3.54,89,5,0.056179775280898875,3.54,89,11,0.12359550561797752,21.21,26,0,0.0,707.11,55,16,0.2909090909090909,70.71,high
37087920700,087,128,0,0.0,3.54,128,1,0.0078125,3.54,128,5,0.0390625,21.21,44,0,0.0,707.11,85,23,0.27058823529411763,70.71,high
37087920800,087,191,0,0.0,3.54,191,7,0.03664921465968586,3.54,191,11,0.05759162303664921,21.21,38,1,0.02631578947368421,707.11,85,18,0.21176470588235294,70.71,high
37087920900,087,23,0,0.0,0.71,23,0,0.0,3.54,23,3,0.13043478260869565,21.21,4,0,0.0,707.11,5,1,0.2,70.71,medium
37087921000,087,22,0,0.0,3.54,22,1,0.045454545454545456,3.54,22,2,0.09090909090909091,21.21,7,0,0.0,707.11,13,3,0.23076923076923078,70.71,medium
37087921100,087,35,0,0.0,3.54,35,1,0.02857142857142857,3.54,35,2,0.05714285714285714,21.21,9,0,0.0,707.11,19,4,0.21052631578947367,70.71,high
37087921200,087,158,0,0.0,3.54,158,3,0.0189873417721519,3.54,158,15,0.0949367088607595,21.21,35,0,0.0,707.11,61,21,0.3442622950819672,70.71,high
37087921301,087,239,0,0.0,3.54,239,7,0.029288702928870293,3.54,239,34,0.14225941422594143,21.21,73,0,0.0,707.11,131,50,0.3816793893129771,140.0,high
37087921302,087,205,0,0.0,3.54,205,4,0.01951219512195122,3.54,205,25,0.12195121951219512,21.21,70,0,0.0,707.11,113,28,0.24778761061946902,70.71,high
37089930100,089,176,0,0.0,3.54,176,8,0.045454545454545456,3.54,173,13,0.07514450867052024,21.21,116,0,0.0,707.11,134,15,0.11194029850746269,70.71,high
37089930200,089,150,0,0.0,3.54,150,5,0.03333333333333333,3.54,150,12,0.08,21.21,104,0,0.0,1500.0,107,12,0.11214953271028037,70.71,high
37089930300,089,80,0,0.0,3.54,80,2,0.025,3.54,80,4,0.05,21.21,52,0,0.0,707.11,57,10,0.17543859649122806,70.71,high
37089930401,089,55,0,0.0,3.54,55,2,0.03636363636363636,3.54,55,5,0.09090909090909091,21.21,29,0,0.0,707.11,36,3,0.08333333333333333,70.71,high
37089930402,089,106,0,0.0,3.54,106,3,0.02830188679245283,3.54,106,6,0.05660377358490566,21.21,88,0,0.0,707.11,92,11,0.11956521739130435,70.71,high
37089930501,089,102,0,0.0,0.71,102,6,0.058823529411764705,3.54,102,8,0.0784313725490196,21.21,53,0,0.0,1000.0,41,11,0.2682926829268293,70.71,high
37089930502,089,85,0,0.0,3.54,85,4,0.047058823529411764,3.54,85,6,0.07058823529411765,21.21,50,0,0.0,707.11,63,10,0.15873015873015872,70.71,high
37089930600,089,7,0,0.0,3.54,7,0,0.0,3.54,7,1,0.14285714285714285,21.21,2,0,0.0,1753.55,2,0,0.0,70.71,low
37089930701,089,56,0,0.0,3.54,56,6,0.10714285714285714,3.54,56,5,0.08928571428571429,21.21,36,0,0.0,707.11,44,7,0.1590909090909091,70.71,high
37089930702,089,102,0,0.0,3.54,102,3,0.029411764705882353,3.54,102,27,0.2647058823529412,21.21,61,0,0.0,707.11,64,8,0.125,70.71,high
37089930703,089,73,0,0.0,3.54,73,3,0.0410958904109589,3.54,73,9,0.1232876712328767,21.21,37,0,0.0,707.11,49,6,0.12244897959183673,70.71,high
37089930800,089,28,0,0.0,3.54,28,2,0.07142857142857142,3.54,28,3,0.10714285714285714,21.21,11,0,0.0,707.11,16,3,0.1875,95.36,medium
37089930900,089,20,0,0.0,0.71,20,3,0.15,3.54,20,1,0.05,21.21,6,0,0.0,1603.55,6,0,0.0,95.36,medium
37089931000,089,21,0,0.0,3.54,21,1,0.047619047619047616,3.54,21,0,0.0,21.21,16,0,0.0,707.11,10,2,0.2,70.71,medium
37089931100,089,17,0,0.0,7.07,17,2,0.11764705882352941,3.54,17,1,0.058823529411764705,21.21,1,0,0.0,707.11,1,0,0.0,270.0,medium
37089931200,089,7,0,0.0,0.71,7,0,0.0,3.54,7,0,0.0,21.21,0,0,,,1,0,0.0,70.71,low
37089931300,089,8,0,0.0,3.54,8,0,0.0,3.54,8,1,0.125,21.21,4,0,0.0,707.11,3,1,0.3333333333333333,70.71,low
37089931400,089,9,0,0.0,3.54,9,1,0.1111111111111111,3.54,9,0,0.0,21.21,5,0,0.0,2200.0,6,0,0.0,70.71,low
37089931500,089,19,1,0.05263157894736842,3.54,19,1,0.05263157894736842,3.54,19,3,0.15789473684210525,21.21,7,0,0.0,707.11,8,3,0.375,170.0,medium
37089931600,089,37,0,0.0,0.71,37,4,0.10810810810810811,3.54,37,2,0.05405405405405406,21.21,15,0,0.0,707.11,12,0,0.0,70.71,high
37089931700,089,29,0,0.0,0.71,29,4,0.13793103448275862,3.54,29,3,0.10344827586206896,21.21,4,0,0.0,707.11,11,2,0.18181818181818182,70.71,medium
37089931801,089,26,0,0.0,3.54,26,0,0.0,3.54,26,2,0.07692307692307693,21.21,17,0,0.0,707.11,16,1,0.0625,70.71,medium
37089931802,089,46,0,0.0,3.54,46,4,0.08695652173913043,3.54,46,5,0.10869565217391304,21.21,20,0,0.0,707.11,22,7,0.3181818181818182,70.71,high
37089931901,089,39,0,0.0,3.54,39,1,0.02564102564102564,3.54,39,2,0.05128205128205128,21.21,23,0,0.0,707.11,27,5,0.18518518518518517,70.71,high
37089931902,089,99,1,0.010101010101010102,3.54,99,2,0.020202020202020204,3.54,99,5,0.050505050505050504,21.21,58,0,0.0,707.11,62,10,0.16129032258064516,70.71,high
37089932000,089,100,0,0.0,3.54,100,4,0.04,3.54,100,11,0.11,21.21,58,0,0.0,707.11,65,5,0.07692307692307693,70.71,high
37091950100,091,54,0,0.0,3.54,54,1,0.018518518518518517,3.54,54,2,0.037037037037037035,21.21,35,2,0.05714285714285714,707.11,40,4,0.1,70.71,high
37091950200,091,23,0,0.0,3.54,23,0,0.0,3.54,23,3,0.13043478260869565,21.21,12,0,0.0,707.11,16,0,0.0,70.71,medium
37091950300,091,26,0,0.0,3.54,26,0,0.0,3.54,26,10,0.38461538461538464,21.21,11,0,0.0,707.11,13,0,0.0,70.71,medium
37091950401,091,4,0,0.0,3.54,4,1,0.25,3.54,4,2,0.5,45.61,2,0,0.0,707.11,3,2,0.6666666666666666,1600.0,low
37091950402,091,3,0,0.0,3.54,3,0,0.0,6.0,3,1,0.3333333333333333,21.21,0,0,,,1,0,0.0,120.0,low
37093970101,093,21,0,0.0,3.54,21,2,0.09523809523809523,3.54,21,0,0.0,21.21,11,0,0.0,1200.0,15,1,0.06666666666666667,70.71,medium
37093970102,093,22,0,0.0,3.54,22,1,0.045454545454545456,3.54,22,2,0.09090909090909091,21.21,10,0,0.0,3250.0,16,5,0.3125,70.71,medium
37093970103,093,21,0,0.0,3.54,21,1,0.047619047619047616,3.54,21,1,0.047619047619047616,21.21,13,3,0.23076923076923078,707.11,15,6,0.4,70.71,medium
37093970201,093,109,0,0.0,3.54,112,33,0.29464285714285715,3.54,109,2,0.01834862385321101,21.21,40,0,0.0,1335.0,64,6,0.09375,70.71,high
37093970202,093,53,0,0.0,3.54,53,2,0.03773584905660377,3.54,53,3,0.05660377358490566,21.21,25,0,0.0,2600.0,34,4,0.11764705882352941,70.71,high
37093970300,093,18,0,0.0,3.54,18,0,0.0,3.54,18,0,0.0,21.21,1,0,0.0,707.11,10,0,0.0,70.71,medium
37093970401,093,40,0,0.0,3.54,40,0,0.0,3.54,40,3,0.075,21.21,21,0,0.0,1030.0,27,11,0.4074074074074074,140.0,high
37093970402,093,19,0,0.0,3.54,19,0,0.0,3.54,19,4,0.21052631578947367,21.21,12,0,0.0,3250.0,14,3,0.21428571428571427,70.71,medium
37095920100,095,80,0,0.0,3.54,80,1,0.0125,3.54,80,27,0.3375,21.21,24,0,0.0,707.11,56,22,0.39285714285714285,200.0,high
37097060100,097,1,0,0.0,0.71,1,0,0.0,10.0,1,0,0.0,21.21,0,0,,,0,0,,,low
37097060200,097,2,1,0.5,7.27,2,0,0.0,3.54,2,1,0.5,70.61,1,0,0.0,707.11,2,0,0.0,135.36,low
37097060300,097,2,0,0.0,2.12,2,0,0.0,3.54,2,2,1.0,270.0,1,0,0.0,1700.0,1,0,0.0,210.0,low
37097060400,097,13,0,0.0,3.54,13,0,0.0,3.54,13,2,0.15384615384615385,21.21,8,0,0.0,1050.0,10,1,0.1,70.71,medium
37097060500,097,2,0,0.0,3.54,2,0,0.0,6.27,2,1,0.5,45.61,2,0,0.0,707.11,2,0,0.0,160.36,low
37097060601,097,2,0,0.0,0.71,2,0,0.0,3.54,2,0,0.0,21.21,0,0,,,0,0,,,low
37097060602,097,9,0,0.0,3.54,9,0,0.0,3.54,9,0,0.0,21.21,0,0,,,4,0,0.0,70.71,low
37097060603,097,10,0,0.0,3.54,10,0,0.0,3.54,10,0,0.0,21.21,4,0,0.0,853.55,4,1,0.25,105.36,medium
37097060701,097,11,0,0.0,3.54,12,0,0.0,3.54,11,1,0.09090909090909091,21.21,7,0,0.0,707.11,7,0,0.0,70.71,medium
37097060702,097,26,0,0.0,3.54,26,3,0.11538461538461539,3.54,26,4,0.15384615384615385,21.21,10,0,0.0,707.11,12,3,0.25,70.71,medium
37097060703,097,2,0,0.0,3.54,2,0,0.0,3.54,2,1,0.5,45.61,1,0,0.0,707.11,1,0,0.0,110.0,low
37097060801,097,36,0,0.0,3.54,36,0,0.0,3.54,36,8,0.2222222222222222,21.21,27,0,0.0,707.11,28,5,0.17857142857142858,70.71,high
37097060802,097,13,0,0.0,0.71,13,0,0.0,3.54,13,1,0.07692307692307693,21.21,6,0,0.0,707.11,6,0,0.0,70.71,medium
37097060901,097,54,0,0.0,3.54,54,0,0.0,3.54,54,18,0.3333333333333333,25.61,30,0,0.0,707.11,35,9,0.2571428571428571,70.71,high
37097060902,097,44,0,0.0,3.54,44,0,0.0,3.54,44,8,0.18181818181818182,21.21,31,0,0.0,707.11,32,7,0.21875,70.71,high
37097061001,097,8,0,0.0,2.12,8,0,0.0,3.54,8,0,0.0,21.21,3,0,0.0,707.11,4,1,0.25,85.36,low
37097061002,097,19,0,0.0,0.71,19,0,0.0,3.54,19,0,0.0,21.21,4,0,0.0,707.11,6,2,0.3333333333333333,175.0,medium
37097061003,097,5,0,0.0,0.71,5,0,0.0,3.54,5,0,0.0,21.21,2,0,0.0,2350.0,2,1,0.5,390.36,low
37097061101,097,36,0,0.0,3.54,36,0,0.0,3.54,36,4,0.1111111111111111,21.21,24,0,0.0,707.11,24,7,0.2916666666666667,70.71,high
37097061102,097,19,0,0.0,0.71,19,0,0.0,3.54,19,1,0.05263157894736842,21.21,6,0,0.0,707.11,6,2,0.3333333333333333,70.71,medium
37097061103,097,13,0,0.0,3.54,13,0,0.0,3.54,13,4,0.3076923076923077,21.21,6,0,0.0,707.11,7,2,0.2857142857142857,150.0,medium
37097061104,097,2,0,0.0,0.71,2,1,0.5,12.27,2,0,0.0,21.21,0,0,,,0,0,,,low
37097061201,097,48,0,0.0,3.54,48,0,0.0,3.54,48,9,0.1875,21.21,28,0,0.0,707.11,31,8,0.25806451612903225,70.71,high
37097061202,097,48,0,0.0,3.54,48,1,0.020833333333333332,3.54,48,7,0.14583333333333334,21.21,25,0,0.0,707.11,30,5,0.16666666666666666,70.71,high
37097061203,097,78,0,0.0,3.54,78,0,0.0,3.54,78,14,0.1794871794871795,21.21,37,0,0.0,707.11,52,16,0.3076923076923077,130.0,high
37097061204,097,194,0,0.0,3.54,194,1,0.005154639175257732,3.54,194,41,0.211340206185567,21.21,113,0,0.0,707.11,127,29,0.2283464566929134,70.71,high
37097061205,097,102,0,0.0,3.54,102,1,0.00980392156862745,3.54,102,25,0.24509803921568626,21.21,64,0,0.0,707.11,70,17,0.24285714285714285,70.71,high
37097061301,097,23,0,0.0,3.54,23,1,0.043478260869565216,3.54,23,0,0.0,21.21,15,0,0.0,707.11,16,0,0.0,70.71,medium
37097061302,097,146,0,0.0,3.54,146,2,0.0136986301369863,3.54,146,7,0.04794520547945205,21.21,97,0,0.0,707.11,108,17,0.1574074074074074,70.71,high
37097061303,097,64,0,0.0,3.54,64,1,0.015625,3.54,64,8,0.125,21.21,36,0,0.0,1400.0,41,5,0.12195121951219512,70.71,high
37097061304,097,28,0,0.0,3.54,28,1,0.03571428571428571,3.54,28,6,0.21428571428571427,21.21,15,0,0.0,707.11,20,5,0.25,70.71,medium
37097061401,097,174,0,0.0,3.54,174,1,0.005747126436781609,3.54,174,46,0.26436781609195403,21.21,84,1,0.011904761904761904,707.11,104,27,0.25961538461538464,70.71,high
37097061402,097,94,0,0.0,3.54,94,1,0.010638297872340425,3.54,94,12,0.1276595744680851,21.21,44,1,0.022727272727272728,707.11,61,5,0.08196721311475409,70.71,high
37097061403,097,11,0,0.0,0.71,11,0,0.0,3.54,11,0,0.0,21.21,3,0,0.0,3200.0,2,1,0.5,425.36,medium
37097061404,097,42,0,0.0,3.54,42,0,0.0,3.54,42,1,0.023809523809523808,21.21,17,0,0.0,707.11,24,1,0.041666666666666664,70.71,high
37097061405,097,69,0,0.0,3.54,69,2,0.028985507246376812,3.54,69,7,0.10144927536231885,21.21,29,0,0.0,1050.0,36,7,0.19444444444444445,70.71,high
37097061406,097,131,0,0.0,3.54,131,2,0.015267175572519083,3.54,131,17,0.1297709923664122,21.21,69,0,0.0,707.11,83,10,0.12048192771084337,70.71,high
37097061407,097,68,0,0.0,3.54,68,2,0.029411764705882353,3.54,68,1,0.014705882352941176,21.21,33,0,0.0,707.11,39,4,0.10256410256410256,70.71,high
37097061408,097,85,0,0.0,3.54,85,1,0.011764705882352941,3.54,85,34,0.4,21.21,58,1,0.017241379310344827,707.11,62,17,0.27419354838709675,70.71,high
37097061501,097,16,0,0.0,3.54,16,0,0.0,3.54,16,4,0.25,21.21,12,0,0.0,1600.0,16,9,0.5625,345.0,medium
37097061502,097,32,0,0.0,3.54,32,2,0.0625,3.54,32,7,0.21875,21.21,17,0,0.0,707.11,17,4,0.23529411764705882,70.71,high
37097061503,097,7,0,0.0,0.71,7,0,0.0,3.54,7,0,0.0,21.21,2,0,0.0,1353.55,2,0,0.0,70.71,low
37097061601,097,4,0,0.0,2.12,4,0,0.0,3.54,4,0,0.0,21.21,0,0,,,2,0,0.0,70.71,low
37097061602,097,24,0,0.0,3.54,24,0,0.0,3.54,24,3,0.125,21.21,14,0,0.0,1250.0,15,4,0.26666666666666666,70.71,medium
37099940200,099,178,0,0.0,3.54,185,2,0.010810810810810811,3.54,178,10,0.056179775280898875,21.21,53,0,0.0,707.11,114,31,0.2719298245614035,70.71,high
37099950200,099,165,0,0.0,3.54,166,6,0.03614457831325301,3.54,165,17,0.10303030303030303,21.21,69,0,0.0,707.11,123,24,0.1951219512195122,70.71,high
37099950300,099,327,0,0.0,3.54,345,6,0.017391304347826087,3.54,327,50,0.1529051987767584,21.21,68,0,0.0,707.11,161,41,0.2546583850931677,70.71,high
37099950400,099,228,0,0.0,3.54,230,4,0.017391304347826087,3.54,230,17,0.07391304347826087,21.21,70,0,0.0,707.11,151,40,0.26490066225165565,70.71,high
37099950500,099,409,0,0.0,3.54,409,10,0.02444987775061125,3.54,409,29,0.07090464547677261,21.21,110,0,0.0,707.11,236,64,0.2711864406779661,70.71,high
37099950600,099,290,0,0.0,3.54,296,10,0.033783783783783786,3.54,290,48,0.16551724137931034,21.21,54,0,0.0,707.11,152,43,0.28289473684210525,70.71,high
37099950700,099,221,0,0.0,3.54,222,6,0.02702702702702703,3.54,221,43,0.19457013574660634,21.21,61,0,0.0,707.11,134,47,0.35074626865671643,70.71,high
37099950800,099,251,0,0.0,3.54,250,4,0.016,3.54,251,9,0.035856573705179286,21.21,49,0,0.0,707.11,167,17,0.10179640718562874,70.71,high
37099950900,099,354,0,0.0,3.54,354,22,0.062146892655367235,3.54,354,17,0.0480225988700565,21.21,59,0,0.0,707.11,260,51,0.19615384615384615,70.71,high
37101040100,101,112,2,0.017857142857142856,3.54,112,2,0.017857142857142856,3.54,112,59,0.5267857142857143,50.0,22,0,0.0,707.11,45,22,0.4888888888888889,230.0,high
37101040201,101,137,1,0.0072992700729927005,3.54,137,3,0.021897810218978103,3.54,137,39,0.2846715328467153,21.21,72,3,0.041666666666666664,707.11,79,17,0.21518987341772153,70.71,high
37101040202,101,173,3,0.017341040462427744,3.54,173,3,0.017341040462427744,3.54,173,49,0.2832369942196532,21.21,75,0,0.0,707.11,95,18,0.18947368421052632,70.71,high
37101040203,101,208,1,0.004807692307692308,3.54,208,4,0.019230769230769232,3.54,208,24,0.11538461538461539,21.21,66,0,0.0,707.11,111,18,0.16216216216216217,70.71,high
37101040301,101,36,0,0.0,0.71,36,3,0.08333333333333333,3.54,36,18,0.5,45.61,12,0,0.0,707.11,10,5,0.5,250.0,high
37101040302,101,47,1,0.02127659574468085,2.0,47,1,0.02127659574468085,3.54,47,20,0.425531914893617,21.21,12,0,0.0,707.11,18,9,0.5,360.0,high
37101040400,101,34,0,0.0,3.54,34,0,0.0,3.54,34,20,0.5882352941176471,105.0,9,0,0.0,707.11,15,11,0.7333333333333333,590.0,high
37101040500,101,75,0,0.0,3.54,75,2,0.02666666666666667,3.54,75,36,0.48,40.0,31,0,0.0,707.11,35,13,0.37142857142857144,100.0,high
37101040600,101,21,1,0.047619047619047616,3.54,21,1,0.047619047619047616,3.54,21,9,0.42857142857142855,21.21,9,0,0.0,707.11,12,4,0.3333333333333333,145.36,medium
37101040700,101,11,0,0.0,3.54,11,2,0.18181818181818182,3.54,11,4,0.36363636363636365,21.21,1,0,0.0,707.11,6,3,0.5,330.36,medium
37101040800,101,4,0,0.0,4.54,4,0,0.0,3.54,4,2,0.5,250.61,0,0,,,0,0,,,low
37101040901,101,72,0,0.0,3.54,72,3,0.041666666666666664,3.54,72,14,0.19444444444444445,21.21,7,0,0.0,707.11,33,17,0.5151515151515151,340.0,high
37101040902,101,108,1,0.009259259259259259,3.54,108,3,0.027777777777777776,3.54,108,34,0.3148148148148148,21.21,16,0,0.0,707.11,48,13,0.2708333333333333,70.71,high
37101041001,101,63,0,0.0,0.71,63,0,0.0,3.54,63,16,0.25396825396825395,21.21,5,0,0.0,707.11,20,2,0.1,70.71,high
37101041002,101,100,0,0.0,0.71,100,2,0.02,3.54,100,14,0.14,21.21,15,0,0.0,707.11,28,9,0.32142857142857145,70.71,high
37101041101,101,100,0,0.0,3.54,100,4,0.04,3.54,100,14,0.14,21.21,23,0,0.0,707.11,52,15,0.28846153846153844,70.71,high
37101041102,101,78,0,0.0,0.71,78,0,0.0,3.54,78,18,0.23076923076923078,21.21,17,0,0.0,707.11,29,7,0.2413793103448276,70.71,high
37101041103,101,82,0,0.0,0.71,82,1,0.012195121951219513,3.54,82,17,0.2073170731707317,21.21,10,0,0.0,707.11,33,4,0.12121212121212122,70.71,high
37101041201,101,25,0,0.0,0.71,25,0,0.0,3.54,25,10,0.4,21.21,4,0,0.0,707.11,7,4,0.5714285714285714,590.0,medium
37101041202,101,57,1,0.017543859649122806,3.54,57,4,0.07017543859649122,3.54,57,35,0.6140350877192983,80.0,21,1,0.047619047619047616,707.11,31,15,0.4838709677419355,260.0,high
37101041300,101,106,1,0.009433962264150943,3.54,106,0,0.0,3.54,105,19,0.18095238095238095,21.21,45,5,0.1111111111111111,707.11,61,28,0.45901639344262296,220.0,high
37101041400,101,74,6,0.08108108108108109,3.54,74,2,0.02702702702702703,3.54,74,19,0.25675675675675674,21.21,31,3,0.0967741935483871,707.11,42,11,0.2619047619047619,70.71,high
37101041501,101,98,2,0.02040816326530612,3.54,98,4,0.04081632653061224,3.54,98,60,0.6122448979591837,84.5,16,0,0.0,707.11,47,17,0.3617021276595745,120.0,high
37101041502,101,81,1,0.012345679012345678,3.54,81,2,0.024691358024691357,3.54,81,34,0.41975308641975306,21.21,19,0,0.0,707.11,31,9,0.2903225806451613,70.71,high
37101041503,101,101,3,0.0297029702970297,3.54,101,4,0.039603960396039604,3.54,101,66,0.6534653465346535,90.0,20,1,0.05,707.11,35,11,0.3142857142857143,160.0,high
37103920100,103,56,0,0.0,0.71,56,0,0.0,3.54,56,3,0.05357142857142857,21.21,6,0,0.0,707.11,23,8,0.34782608695652173,70.71,high
37103920200,103,17,0,0.0,3.54,17,0,0.0,3.54,17,0,0.0,21.21,5,0,0.0,707.11,8,5,0.625,725.0,medium
37103920300,103,22,0,0.0,3.54,22,1,0.045454545454545456,3.54,22,0,0.0,21.21,13,0,0.0,707.11,16,1,0.0625,70.71,medium
37105030101,105,12,0,0.0,0.71,12,3,0.25,3.54,12,1,0.08333333333333333,21.21,0,0,,,3,1,0.3333333333333333,70.71,medium
37105030102,105,11,0,0.0,3.54,11,1,0.09090909090909091,3.54,11,1,0.09090909090909091,21.21,4,0,0.0,1603.55,7,2,0.2857142857142857,70.71,medium
37105030200,105,1,0,0.0,0.71,1,0,0.0,3.54,1,0,0.0,40.0,0,0,,,0,0,,,low
37105030300,105,4,0,0.0,0.71,4,0,0.0,3.54,4,0,0.0,21.21,0,0,,,0,0,,,low
37105030401,105,6,0,0.0,3.54,6,1,0.16666666666666666,3.54,6,1,0.16666666666666666,21.21,2,0,0.0,1998.55,5,1,0.2,70.71,low
37105030402,105,7,0,0.0,0.71,7,0,0.0,3.54,7,1,0.14285714285714285,21.21,2,0,0.0,707.11,3,0,0.0,210.0,low
37105030501,105,4,0,0.0,3.54,4,0,0.0,3.54,4,1,0.25,30.61,4,0,0.0,707.11,4,0,0.0,70.71,low
37105030502,105,4,0,0.0,3.54,4,0,0.0,3.54,4,1,0.25,21.21,1,0,0.0,707.11,3,0,0.0,70.71,low
37105030503,105,32,0,0.0,3.54,32,0,0.0,3.54,32,20,0.625,80.0,16,0,0.0,707.11,21,10,0.47619047619047616,260.0,high
37105030601,105,23,4,0.17391304347826086,5.0,23,0,0.0,3.54,23,11,0.4782608695652174,21.21,7,0,0.0,707.11,10,2,0.2,185.0,medium
37105030602,105,33,5,0.15151515151515152,3.54,33,1,0.030303030303030304,3.54,33,14,0.42424242424242425,21.21,16,0,0.0,707.11,23,8,0.34782608695652173,70.71,high
37105030701,105,99,1,0.010101010101010102,3.54,99,0,0.0,3.54,99,42,0.42424242424242425,37.0,16,0,0.0,707.11,84,42,0.5,285.0,high
37105030702,105,42,0,0.0,3.54,42,1,0.023809523809523808,3.54,42,25,0.5952380952380952,65.0,15,0,0.0,707.11,21,7,0.3333333333333333,70.71,high
37107010100,107,23,0,0.0,3.54,23,0,0.0,3.54,23,6,0.2608695652173913,21.21,10,0,0.0,707.11,13,1,0.07692307692307693,70.71,medium
37107010200,107,1,0,0.0,3.54,1,0,0.0,3.54,1,1,1.0,130.0,0,0,,,1,1,1.0,7600.0,low
37107010400,107,1,0,0.0,0.71,1,0,0.0,3.54,1,0,0.0,21.21,0,0,,,0,0,,,low
37107010500,107,1,0,0.0,3.54,1,0,0.0,3.54,1,0,0.0,21.21,0,0,,,1,0,0.0,240.0,low
37107010600,107,2,0,0.0,0.71,2,0,0.0,3.54,2,1,0.5,40.61,0,0,,,0,0,,,low
37107010700,107,6,0,0.0,3.54,6,0,0.0,3.54,6,1,0.16666666666666666,21.21,4,0,0.0,707.11,5,1,0.2,70.71,low
37107010900,107,13,0,0.0,3.54,13,0,0.0,3.54,13,6,0.46153846153846156,40.0,2,0,0.0,707.11,5,3,0.6,340.0,medium
37107011001,107,4,0,0.0,3.54,4,0,0.0,3.54,4,0,0.0,21.21,2,0,0.0,1453.55,2,1,0.5,585.36,low
37107011002,107,10,0,0.0,3.54,10,0,0.0,3.54,10,4,0.4,40.0,6,0,0.0,707.11,6,4,0.6666666666666666,965.0,medium
37107011100,107,25,0,0.0,3.54,25,1,0.04,3.54,25,7,0.28,21.21,11,2,0.18181818181818182,2200.0,15,6,0.4,70.71,medium
37107011200,107,34,0,0.0,3.54,34,0,0.0,3.54,34,8,0.23529411764705882,21.21,14,0,0.0,707.11,20,10,0.5,320.0,high
37107011300,107,25,0,0.0,3.54,25,0,0.0,3.54,25,13,0.52,50.0,10,0,0.0,707.11,11,5,0.45454545454545453,220.0,medium
37107011400,107,25,0,0.0,3.54,25,0,0.0,3.54,25,0,0.0,21.21,20,0,0.0,707.11,19,2,0.10526315789473684,70.71,medium
37109070100,109,13,2,0.15384615384615385,3.0,13,3,0.23076923076923078,3.54,13,3,0.23076923076923078,21.21,1,0,0.0,707.11,5,5,1.0,850.0,medium
37109070201,109,6,0,0.0,3.54,6,0,0.0,3.54,6,1,0.16666666666666666,21.21,2,0,0.0,2400.0,3,0,0.0,70.71,low
37109070202,109,30,3,0.1,3.54,30,2,0.06666666666666667,3.54,30,9,0.3,21.21,14,0,0.0,707.11,21,9,0.42857142857142855,200.0,high
37109070300,109,82,6,0.07317073170731707,0.71,82,1,0.012195121951219513,3.54,82,14,0.17073170731707318,21.21,13,0,0.0,707.11,19,7,0.3684210526315789,130.0,high
37109070400,109,159,23,0.14465408805031446,3.54,159,1,0.006289308176100629,3.54,159,27,0.16981132075471697,21.21,68,0,0.0,707.11,107,14,0.1308411214953271,70.71,high
37109070500,109,182,2,0.01098901098901099,3.54,182,1,0.005494505494505495,3.54,182,14,0.07692307692307693,21.21,77,1,0.012987012987012988,707.11,105,27,0.2571428571428571,70.71,high
37109070600,109,131,6,0.04580152671755725,3.54,123,0,0.0,3.54,123,10,0.08130081300813008,21.21,48,0,0.0,707.11,67,18,0.26865671641791045,70.71,high
37109070700,109,139,0,0.0,3.54,139,1,0.007194244604316547,3.54,139,12,0.08633093525179857,21.21,96,1,0.010416666666666666,707.11,109,30,0.27522935779816515,100.0,high
37109070800,109,172,9,0.05232558139534884,3.54,172,2,0.011627906976744186,3.54,172,30,0.1744186046511628,21.21,106,0,0.0,707.11,127,37,0.29133858267716534,120.0,high
37109070901,109,139,12,0.08633093525179857,3.54,139,1,0.007194244604316547,3.54,139,37,0.26618705035971224,21.21,77,0,0.0,707.11,101,34,0.33663366336633666,70.71,high
37109070902,109,279,2,0.007168458781362007,3.54,279,5,0.017921146953405017,3.54,279,46,0.16487455197132617,21.21,169,3,0.01775147928994083,707.11,220,52,0.23636363636363636,70.71,high
37109071001,109,329,4,0.0121580547112462,3.54,329,4,0.0121580547112462,3.54,330,57,0.17272727272727273,21.21,209,2,0.009569377990430622,707.11,257,39,0.1517509727626459,70.71,high
37109071002,109,159,0,0.0,3.54,159,1,0.006289308176100629,3.54,159,63,0.39622641509433965,21.21,108,4,0.037037037037037035,707.11,124,49,0.3951612903225806,175.0,high
37109071101,109,185,0,0.0,3.54,185,1,0.005405405405405406,3.54,185,34,0.1837837837837838,21.21,136,0,0.0,707.11,165,48,0.2909090909090909,70.71,high
37109071102,109,52,0,0.0,3.54,52,3,0.057692307692307696,3.54,52,1,0.019230769230769232,21.21,27,0,0.0,707.11,39,6,0.15384615384615385,70.71,high
37109071201,109,57,0,0.0,3.54,57,0,0.0,3.54,57,8,0.14035087719298245,21.21,25,0,0.0,707.11,42,3,0.07142857142857142,70.71,high
37109071202,109,20,0,0.0,3.54,20,0,0.0,3.54,20,4,0.2,21.21,8,0,0.0,707.11,11,5,0.45454545454545453,70.71,medium
37109071203,109,199,16,0.08040201005025126,3.54,199,7,0.035175879396984924,3.54,199,34,0.1708542713567839,21.21,92,2,0.021739130434782608,707.11,143,24,0.16783216783216784,70.71,high
37111970100,111,222,1,0.0045045045045045045,3.54,222,7,0.03153153153153153,3.54,222,34,0.15315315315315314,21.21,158,1,0.006329113924050633,707.11,177,37,0.20903954802259886,70.71,high
37111970200,111,134,2,0.014925373134328358,3.54,133,1,0.007518796992481203,3.54,133,28,0.21052631578947367,21.21,114,1,0.008771929824561403,707.11,110,29,0.2636363636363636,70.71,high
37111970300,111,40,0,0.0,3.54,40,0,0.0,3.54,40,3,0.075,21.21,27,0,0.0,707.11,28,4,0.14285714285714285,70.71,high
37111970400,111,7,0,0.0,0.71,7,0,0.0,3.54,7,2,0.2857142857142857,21.21,2,0,0.0,3600.0,2,0,0.0,70.71,low
37111970500,111,46,0,0.0,3.54,46,1,0.021739130434782608,3.54,46,11,0.2391304347826087,21.21,27,1,0.037037037037037035,707.11,27,8,0.2962962962962963,70.71,high
37111970600,111,96,9,0.09375,3.54,96,5,0.052083333333333336,3.54,93,17,0.1827956989247312,21.21,72,0,0.0,707.11,78,18,0.23076923076923078,70.71,high
37111970700,111,68,2,0.029411764705882353,3.54,68,6,0.08823529411764706,3.54,68,5,0.07352941176470588,21.21,52,0,0.0,707.11,55,11,0.2,70.71,high
37111970800,111,176,0,0.0,3.54,176,3,0.017045454545454544,3.54,176,9,0.05113636363636364,21.21,149,0,0.0,707.11,151,30,0.1986754966887417,70.71,high
37111970901,111,315,2,0.006349206349206349,3.54,315,21,0.06666666666666667,3.54,315,67,0.2126984126984127,21.21,265,2,0.007547169811320755,707.11,281,79,0.28113879003558717,70.71,high
37111970902,111,147,0,0.0,3.54,147,5,0.034013605442176874,3.54,147,19,0.1292517006802721,21.21,114,0,0.0,707.11,114,27,0.23684210526315788,70.71,high
37113970100,113,283,3,0.01060070671378092,3.54,287,14,0.04878048780487805,3.54,283,60,0.21201413427561838,21.21,109,0,0.0,707.11,218,88,0.4036697247706422,150.0,high
37113970200,113,341,1,0.002932551319648094,3.54,352,15,0.04261363636363636,3.54,340,46,0.13529411764705881,21.21,166,0,0.0,707.11,282,93,0.32978723404255317,85.36,high
37113970301,113,128,0,0.0,3.54,131,8,0.061068702290076333,3.54,128,19,0.1484375,21.21,48,0,0.0,707.11,104,34,0.3269230769230769,90.36,high
37113970302,113,106,0,0.0,3.54,110,9,0.08181818181818182,3.54,107,20,0.18691588785046728,21.21,40,0,0.0,707.11,78,25,0.32051282051282054,85.36,high
37113970400,113,370,0,0.0,3.54,373,14,0.03753351206434316,3.54,370,63,0.17027027027027028,21.21,153,0,0.0,707.11,280,113,0.4035714285714286,150.0,high
37113970501,113,162,0,0.0,3.54,164,14,0.08536585365853659,3.54,164,16,0.0975609756097561,21.21,50,0,0.0,707.11,108,26,0.24074074074074073,70.71,high
37113970502,113,105,0,0.0,3.54,116,8,0.06896551724137931,3.54,105,16,0.1523809523809524,21.21,51,0,0.0,707.11,91,23,0.25274725274725274,70.71,high
37113970600,113,473,0,0.0,3.54,483,24,0.049689440993788817,3.54,474,72,0.1518987341772152,21.21,212,0,0.0,707.11,355,101,0.28450704225352114,70.71,high
37113970700,113,400,0,0.0,3.54,408,27,0.0661764705882353,3.54,399,44,0.11027568922305764,21.21,168,0,0.0,707.11,318,94,0.29559748427672955,70.71,high
37115010100,115,181,1,0.0055248618784530384,0.71,181,10,0.055248618784530384,3.54,181,26,0.143646408839779,21.21,40,0,0.0,707.11,59,16,0.2711864406779661,70.71,high
37115010200,115,124,0,0.0,3.54,124,4,0.03225806451612903,3.54,124,35,0.28225806451612906,21.21,42,0,0.0,707.11,67,14,0.208955223880597,70.71,high
37115010400,115,148,0,0.0,3.54,148,7,0.0472972972972973,3.54,148,30,0.20270270270270271,21.21,59,0,0.0,707.11,90,26,0.28888888888888886,70.71,high
37115010500,115,268,0,0.0,3.54,268,17,0.06343283582089553,3.54,268,78,0.291044776119403,21.21,94,0,0.0,707.11,144,54,0.375,150.0,high
37115010600,115,289,1,0.0034602076124567475,3.54,289,18,0.06228373702422145,3.54,289,42,0.1453287197231834,21.21,91,0,0.0,707.11,150,39,0.26,70.71,high
37115010700,115,180,0,0.0,3.54,180,20,0.1111111111111111,3.54,180,38,0.2111111111111111,21.21,56,0,0.0,707.11,95,28,0.29473684210526313,70.71,high
37117970100,117,45,0,0.0,3.54,45,1,0.022222222222222223,3.54,45,2,0.044444444444444446,21.21,21,0,0.0,707.11,27,16,0.5925925925925926,390.0,high
37117970200,117,26,0,0.0,3.54,26,0,0.0,3.54,26,0,0.0,21.21,9,0,0.0,707.11,14,2,0.14285714285714285,70.71,medium
37117970300,117,6,0,0.0,2.12,6,0,0.0,3.54,6,1,0.16666666666666666,21.21,1,0,0.0,707.11,2,0,0.0,85.36,low
37117970400,117,8,0,0.0,3.54,8,1,0.125,3.54,8,1,0.125,21.21,2,0,0.0,5053.55,3,0,0.0,70.71,low
37117970500,117,39,0,0.0,3.54,39,0,0.0,3.54,40,2,0.05,21.21,16,0,0.0,707.11,22,6,0.2727272727272727,70.71,high
37117970600,117,6,0,0.0,2.12,6,0,0.0,3.54,6,0,0.0,30.61,2,0,0.0,707.11,3,0,0.0,140.0,low
37119000100,119,5,0,0.0,0.71,5,0,0.0,3.54,5,0,0.0,21.21,0,0,,,0,0,,,low
37119000600,119,2,0,0.0,3.54,2,0,0.0,3.54,2,0,0.0,21.21,2,0,0.0,707.11,2,1,0.5,345.36,low
37119001000,119,1,0,0.0,3.54,1,0,0.0,3.54,1,0,0.0,21.21,0,0,,,1,0,0.0,70.71,low
37119001400,119,1,0,0.0,3.54,1,0,0.0,3.54,1,0,0.0,21.21,1,0,0.0,707.11,1,0,0.0,70.71,low
37119001505,119,8,0,0.0,0.71,8,0,0.0,3.54,8,1,0.125,21.21,3,0,0.0,1600.0,1,0,0.0,70.71,low
37119001507,119,4,0,0.0,1.85,4,1,0.25,3.54,4,1,0.25,21.21,1,0,0.0,707.11,1,1,1.0,820.0,low
37119001508,119,15,0,0.0,0.71,15,1,0.06666666666666667,3.54,15,1,0.06666666666666667,21.21,0,0,,,4,1,0.25,70.71,medium
37119001509,119,1,0,0.0,0.71,1,0,0.0,3.54,1,0,0.0,21.21,0,0,,,0,0,,,low
37119001607,119,5,0,0.0,3.54,5,1,0.2,3.54,5,1,0.2,21.21,0,0,,,3,1,0.3333333333333333,70.71,low
37119001608,119,1,0,0.0,0.71,1,0,0.0,3.54,1,0,0.0,21.21,0,0,,,0,0,,,low
37119001609,119,9,0,0.0,0.71,9,1,0.1111111111111111,3.54,9,0,0.0,21.21,0,0,,,2,0,0.0,70.71,low
37119001701,119,1,0,0.0,0.71,1,0,0.0,3.54,1,0,0.0,21.21,0,0,,,0,0,,,low
37119001702,119,3,0,0.0,0.71,3,0,0.0,3.54,3,0,0.0,21.21,1,0,0.0,2900.0,1,1,1.0,390.0,low
37119001802,119,2,0,0.0,0.71,2,1,0.5,28.27,2,1,0.5,1465.61,0,0,,,0,0,,,low
37119001910,119,4,0,0.0,0.71,4,0,0.0,3.54,4,0,0.0,21.21,0,0,,,1,1,1.0,2200.0,low
37119001911,119,2,0,0.0,3.89,2,0,0.0,3.54,2,1,0.5,80.61,0,0,,,0,0,,,low
37119001912,119,6,0,0.0,3.54,6,1,0.16666666666666666,3.54,6,0,0.0,21.21,1,0,0.0,707.11,4,0,0.0,95.36,low
37119001914,119,4,0,0.0,0.71,4,0,0.0,3.54,4,0,0.0,21.21,0,0,,,1,0,0.0,70.71,low
37119001916,119,4,0,0.0,0.71,4,0,0.0,3.54,4,0,0.0,21.21,0,0,,,0,0,,,low
37119001917,119,11,0,0.0,3.54,11,1,0.09090909090909091,3.54,11,2,0.18181818181818182,21.21,4,0,0.0,707.11,6,1,0.16666666666666666,70.71,medium
37119001919,119,2,0,0.0,2.12,2,0,0.0,3.54,2,0,0.0,21.21,0,0,,,1,0,0.0,70.71,low
37119001920,119,2,0,0.0,3.54,2,0,0.0,3.54,2,0,0.0,21.21,0,0,,,1,1,1.0,4300.0,low
37119001921,119,3,0,0.0,0.71,3,0,0.0,3.54,3,0,0.0,21.21,0,0,,,0,0,,,low
37119001922,119,3,0,0.0,0.71,3,1,0.3333333333333333,3.54,3,1,0.3333333333333333,21.21,0,0,,,0,0,,,low
37119001923,119,3,0,0.0,0.71,3,0,0.0,3.54,3,0,0.0,21.21,0,0,,,0,0,,,low
37119002002,119,7,0,0.0,3.54,7,0,0.0,3.54,7,2,0.2857142857142857,21.21,0,0,,,4,1,0.25,70.71,low
37119002003,119,2,0,0.0,0.71,2,0,0.0,3.54,2,1,0.5,45.61,0,0,,,0,0,,,low
37119002004,119,25,0,0.0,0.71,25,0,0.0,3.54,25,2,0.08,21.21,0,0,,,7,4,0.5714285714285714,370.0,medium
37119002200,119,1,0,0.0,3.54,1,0,0.0,3.54,1,0,0.0,21.21,0,0,,,1,0,0.0,70.71,low
37119002300,119,2,0,0.0,0.71,2,0,0.0,3.54,2,0,0.0,21.21,0,0,,,0,0,,,low
37119002701,119,2,0,0.0,2.12,2,0,0.0,3.54,2,0,0.0,21.21,1,0,0.0,707.11,1,0,0.0,70.71,low
37119002702,119,4,0,0.0,3.54,4,0,0.0,3.54,4,1,0.25,30.61,0,0,,,3,1,0.3333333333333333,190.0,low
37119002800,119,4,0,0.0,0.71,4,0,0.0,3.54,4,1,0.25,21.21,0,0,,,1,1,1.0,1400.0,low
37119002903,119,17,0,0.0,3.54,17,1,0.058823529411764705,3.54,17,3,0.17647058823529413,21.21,0,0,,,9,5,0.5555555555555556,530.0,medium
37119002904,119,22,0,0.0,0.71,22,1,0.045454545454545456,3.54,22,5,0.22727272727272727,21.21,0,0,,,8,4,0.5,210.0,medium
37119002905,119,15,0,0.0,3.54,15,0,0.0,3.54,15,2,0.13333333333333333,21.21,0,0,,,9,4,0.4444444444444444,140.0,medium
37119002906,119,2,0,0.0,3.54,2,0,0.0,4.77,2,1,0.5,45.61,1,0,0.0,707.11,2,1,0.5,1635.36,low
37119003006,119,1,0,0.0,3.54,1,0,0.0,3.54,1,0,0.0,21.21,0,0,,,1,0,0.0,70.71,low
37119003007,119,23,0,0.0,3.54,23,1,0.043478260869565216,3.54,23,7,0.30434782608695654,21.21,0,0,,,12,6,0.5,285.0,medium
37119003008,119,11,0,0.0,3.54,11,0,0.0,3.54,11,5,0.45454545454545453,21.21,1,0,0.0,707.11,7,6,0.8571428571428571,370.0,medium
37119003011,119,9,0,0.0,3.54,9,0,0.0,3.54,9,3,0.3333333333333333,21.21,1,0,0.0,707.11,6,2,0.3333333333333333,100.36,low
37119003012,119,21,0,0.0,3.54,21,0,0.0,3.54,21,2,0.09523809523809523,21.21,0,0,,,7,2,0.2857142857142857,240.0,medium
37119003013,119,14,0,0.0,0.71,14,0,0.0,3.54,14,2,0.14285714285714285,21.21,0,0,,,6,2,0.3333333333333333,200.0,medium
37119003015,119,8,0,0.0,0.71,8,0,0.0,3.54,8,0,0.0,21.21,0,0,,,3,0,0.0,70.71,low
37119003016,119,7,0,0.0,3.54,7,0,0.0,3.54,7,1,0.14285714285714285,21.21,1,0,0.0,707.11,5,2,0.4,280.0,low
37119003017,119,4,0,0.0,3.54,4,0,0.0,3.54,4,3,0.75,195.0,1,0,0.0,707.11,3,1,0.3333333333333333,240.0,low
37119003018,119,1,0,0.0,3.54,1,0,0.0,3.54,1,1,1.0,70.0,0,0,,,1,0,0.0,280.0,low
37119003105,119,2,0,0.0,3.54,2,1,0.5,19.27,2,1,0.5,60.0,0,0,,,2,2,1.0,2200.0,low
37119003108,119,1,0,0.0,0.71,1,0,0.0,3.54,1,0,0.0,21.21,0,0,,,0,0,,,low
37119003201,119,1,0,0.0,0.71,1,0,0.0,3.54,1,0,0.0,21.21,0,0,,,0,0,,,low
37119003204,119,2,0,0.0,2.12,2,0,0.0,3.54,2,0,0.0,21.21,0,0,,,1,1,1.0,1200.0,low
37119003300,119,1,0,0.0,3.54,1,0,0.0,3.54,1,1,1.0,340.0,1,0,0.0,707.11,1,1,1.0,920.0,low
37119003400,119,1,0,0.0,7.07,1,0,0.0,3.54,1,0,0.0,21.21,0,0,,,0,0,,,low
37119003500,119,1,0,0.0,3.54,1,0,0.0,3.54,1,0,0.0,21.21,0,0,,,1,0,0.0,70.71,low
37119003802,119,1,0,0.0,0.71,1,0,0.0,3.54,1,0,0.0,21.21,0,0,,,0,0,,,low
37119003805,119,2,0,0.0,3.54,2,0,0.0,3.54,2,1,0.5,45.0,0,0,,,0,0,,,low
37119003807,119,1,0,0.0,0.71,1,0,0.0,3.54,1,0,0.0,21.21,0,0,,,0,0,,,low
37119003903,119,7,0,0.0,0.71,7,0,0.0,3.54,7,0,0.0,21.21,0,0,,,1,0,0.0,70.71,low
37119004000,119,5,0,0.0,0.71,5,2,0.4,6.0,5,0,0.0,21.21,0,0,,,0,0,,,low
37119004100,119,1,0,0.0,3.54,1,0,0.0,3.54,3,0,0.0,21.21,1,0,0.0,707.11,3,0,0.0,70.71,low
37119004200,119,1,0,0.0,7.07,1,0,0.0,3.54,1,0,0.0,21.21,0,0,,,0,0,,,low
37119004303,119,6,0,0.0,0.71,6,0,0.0,3.54,6,0,0.0,21.21,0,0,,,1,1,1.0,1000.0,low
37119004304,119,1,0,0.0,0.71,1,0,0.0,3.54,1,0,0.0,21.21,0,0,,,0,0,,,low
37119004305,119,2,0,0.0,0.71,2,0,0.0,3.54,2,0,0.0,21.21,0,0,,,0,0,,,low
37119005301,119,1,0,0.0,0.71,1,0,0.0,3.54,1,0,0.0,21.21,0,0,,,0,0,,,low
37119005401,119,8,0,0.0,0.71,8,1,0.125,3.54,8,2,0.25,21.21,0,0,,,0,0,,,low
37119005403,119,6,0,0.0,0.71,6,0,0.0,3.54,6,2,0.3333333333333333,21.21,0,0,,,2,1,0.5,2535.36,low
37119005404,119,6,0,0.0,0.71,6,0,0.0,3.54,6,1,0.16666666666666666,21.21,0,0,,,1,0,0.0,70.71,low
37119005508,119,4,0,0.0,3.54,4,0,0.0,3.54,4,0,0.0,21.21,0,0,,,3,1,0.3333333333333333,70.71,low
37119005510,119,4,0,0.0,0.71,4,0,0.0,3.54,4,0,0.0,21.21,0,0,,,0,0,,,low
37119005511,119,1,0,0.0,3.54,1,0,0.0,3.54,1,0,0.0,21.21,0,0,,,1,0,0.0,70.71,low
37119005512,119,4,0,0.0,3.54,4,0,0.0,3.54,4,2,0.5,55.0,0,0,,,2,2,1.0,950.0,low
37119005513,119,3,0,0.0,0.71,3,0,0.0,3.54,3,1,0.3333333333333333,21.21,0,0,,,1,1,1.0,19000.0,low
37119005514,119,1,0,0.0,0.71,1,0,0.0,3.54,1,0,0.0,21.21,0,0,,,0,0,,,low
37119005518,119,5,0,0.0,0.71,5,0,0.0,3.54,5,4,0.8,110.0,0,0,,,2,1,0.5,1660.0,low
37119005519,119,4,0,0.0,0.71,4,0,0.0,3.54,4,3,0.75,425.0,0,0,,,1,0,0.0,70.71,low
37119005520,119,2,0,0.0,2.12,2,0,0.0,3.54,2,2,1.0,130.0,0,0,,,1,0,0.0,140.0,low
37119005521,119,4,0,0.0,2.12,4,0,0.0,3.54,4,3,0.75,115.0,0,0,,,2,2,1.0,1995.0,low
37119005522,119,1,0,0.0,3.54,1,0,0.0,13.0,1,0,0.0,21.21,0,0,,,1,1,1.0,2500.0,low
37119005523,119,2,0,0.0,2.12,2,0,0.0,3.54,2,2,1.0,225.0,0,0,,,1,0,0.0,70.71,low
37119005524,119,21,0,0.0,0.71,21,0,0.0,3.54,21,3,0.14285714285714285,21.21,0,0,,,5,2,0.4,70.71,medium
37119005604,119,5,0,0.0,0.71,5,0,0.0,3.54,5,0,0.0,21.21,0,0,,,1,1,1.0,790.0,low
37119005605,119,10,0,0.0,3.54,10,1,0.1,3.54,10,0,0.0,21.21,0,0,,,6,0,0.0,70.71,medium
37119005609,119,1,0,0.0,3.54,1,0,0.0,3.54,1,1,1.0,60.0,0,0,,,1,1,1.0,1100.0,low
37119005612,119,5,0,0.0,3.54,5,1,0.2,3.54,5,1,0.2,21.21,1,0,0.0,3600.0,3,0,0.0,70.71,low
37119005613,119,11,0,0.0,3.54,11,0,0.0,3.54,11,0,0.0,21.21,0,0,,,5,0,0.0,70.71,medium
37119005614,119,4,0,0.0,3.54,4,0,0.0,5.77,4,1,0.25,26.11,0,0,,,2,1,0.5,735.36,low
37119005615,119,8,0,0.0,0.71,8,0,0.0,3.54,8,0,0.0,21.21,0,0,,,0,0,,,low
37119005616,119,9,0,0.0,0.71,9,0,0.0,3.54,9,0,0.0,21.21,2,0,0.0,707.11,3,0,0.0,70.71,low
37119005617,119,5,0,0.0,0.71,5,0,0.0,3.54,5,0,0.0,21.21,0,0,,,0,0,,,low
37119005618,119,19,0,0.0,3.54,19,0,0.0,3.54,19,5,0.2631578947368421,21.21,0,0,,,6,1,0.16666666666666666,70.71,medium
37119005619,119,12,0,0.0,0.71,12,0,0.0,3.54,12,0,0.0,21.21,0,0,,,3,0,0.0,70.71,medium
37119005620,119,32,0,0.0,0.71,32,0,0.0,3.54,32,2,0.0625,21.21,8,0,0.0,1050.0,9,2,0.2222222222222222,70.71,high
37119005621,119,24,0,0.0,0.71,24,1,0.041666666666666664,3.54,24,2,0.08333333333333333,21.21,1,0,0.0,707.11,11,1,0.09090909090909091,70.71,medium
37119005706,119,37,0,0.0,0.71,37,2,0.05405405405405406,3.54,37,7,0.1891891891891892,21.21,2,0,0.0,953.55,8,4,0.5,345.0,high
37119005709,119,17,0,0.0,0.71,17,1,0.058823529411764705,3.54,17,2,0.11764705882352941,21.21,2,0,0.0,707.11,6,2,0.3333333333333333,170.0,medium
37119005710,119,3,0,0.0,0.71,3,0,0.0,3.54,3,1,0.3333333333333333,21.21,0,0,,,0,0,,,low
37119005711,119,42,0,0.0,0.71,42,1,0.023809523809523808,3.54,42,1,0.023809523809523808,21.21,6,0,0.0,707.11,10,1,0.1,70.71,high
37119005712,119,56,1,0.017857142857142856,0.71,56,1,0.017857142857142856,3.54,56,5,0.08928571428571429,21.21,0,0,,,11,1,0.09090909090909091,70.71,high
37119005713,119,79,0,0.0,0.71,79,3,0.0379746835443038,3.54,79,3,0.0379746835443038,21.21,2,0,0.0,1103.55,24,4,0.16666666666666666,70.71,high
37119005714,119,158,0,0.0,1.35,158,2,0.012658227848101266,3.54,157,28,0.17834394904458598,21.21,8,0,0.0,707.11,65,15,0.23076923076923078,70.71,high
37119005715,119,186,1,0.005376344086021506,3.54,184,8,0.043478260869565216,3.54,184,43,0.23369565217391305,21.21,13,0,0.0,707.11,101,20,0.19801980198019803,70.71,high
37119005717,119,14,0,0.0,3.54,14,0,0.0,3.54,14,1,0.07142857142857142,21.21,0,0,,,7,1,0.14285714285714285,70.71,medium
37119005811,119,3,0,0.0,3.54,3,0,0.0,3.54,3,0,0.0,21.21,0,0,,,3,0,0.0,70.71,low
37119005812,119,13,0,0.0,0.71,13,0,0.0,3.54,13,1,0.07692307692307693,21.21,0,0,,,4,2,0.5,555.0,medium
37119005815,119,9,0,0.0,3.54,9,1,0.1111111111111111,3.54,9,0,0.0,21.21,0,0,,,5,1,0.2,70.71,low
37119005816,119,3,0,0.0,3.54,3,0,0.0,3.54,3,2,0.6666666666666666,100.0,0,0,,,1,1,1.0,3200.0,low
37119005817,119,7,0,0.0,3.54,7,0,0.0,3.54,7,1,0.14285714285714285,21.21,0,0,,,4,1,0.25,155.36,low
37119005823,119,55,0,0.0,0.71,54,1,0.018518518518518517,3.54,54,4,0.07407407407407407,21.21,0,0,,,18,3,0.16666666666666666,70.71,high
37119005824,119,2,0,0.0,2.12,2,0,0.0,3.54,2,0,0.0,21.21,0,0,,,1,0,0.0,70.71,low
37119005825,119,8,0,0.0,2.12,8,1,0.125,3.54,8,1,0.125,21.21,2,0,0.0,707.11,4,0,0.0,70.71,low
37119005826,119,0,0,,,0,0,,,0,0,,,1,0,0.0,2100.0,0,0,,,none
37119005829,119,1,0,0.0,3.54,1,0,0.0,3.54,1,1,1.0,310.0,0,0,,,1,0,0.0,110.0,low
37119005831,119,3,0,0.0,0.71,3,0,0.0,3.54,3,0,0.0,21.21,0,0,,,1,0,0.0,70.71,low
37119005832,119,1,0,0.0,0.71,1,0,0.0,3.54,1,0,0.0,21.21,0,0,,,0,0,,,low
37119005833,119,22,0,0.0,0.71,22,1,0.045454545454545456,3.54,22,2,0.09090909090909091,21.21,0,0,,,3,0,0.0,70.71,medium
37119005834,119,4,0,0.0,3.54,4,0,0.0,3.54,4,0,0.0,21.21,1,0,0.0,1300.0,2,0,0.0,70.71,low
37119005835,119,7,0,0.0,3.54,7,0,0.0,3.54,7,2,0.2857142857142857,21.21,0,0,,,3,1,0.3333333333333333,70.71,low
37119005836,119,2,0,0.0,0.71,2,0,0.0,3.54,2,0,0.0,21.21,0,0,,,0,0,,,low
37119005837,119,13,0,0.0,0.71,13,0,0.0,3.54,13,0,0.0,21.21,1,0,0.0,707.11,3,0,0.0,70.71,medium
37119005838,119,17,0,0.0,3.54,17,0,0.0,3.54,17,3,0.17647058823529413,21.21,0,0,,,6,1,0.16666666666666666,70.71,medium
37119005839,119,2,0,0.0,2.12,2,1,0.5,10.27,2,1,0.5,140.61,0,0,,,0,0,,,low
37119005841,119,8,0,0.0,3.54,8,0,0.0,3.54,8,1,0.125,21.21,0,0,,,4,1,0.25,170.36,low
37119005842,119,1,0,0.0,3.54,1,0,0.0,3.54,1,1,1.0,650.0,0,0,,,1,1,1.0,980.0,low
37119005843,119,5,0,0.0,3.54,5,1,0.2,3.54,5,1,0.2,21.21,0,0,,,3,1,0.3333333333333333,70.71,low
37119005844,119,3,0,0.0,3.54,3,1,0.3333333333333333,3.54,3,0,0.0,21.21,0,0,,,3,0,0.0,70.71,low
37119005845,119,2,0,0.0,3.54,2,1,0.5,10.27,2,0,0.0,21.21,0,0,,,1,0,0.0,70.71,low
37119005846,119,10,0,0.0,3.54,10,0,0.0,3.54,10,5,0.5,70.0,0,0,,,6,3,0.5,395.0,medium
37119005847,119,73,0,0.0,0.71,73,3,0.0410958904109589,3.54,73,2,0.0273972602739726,21.21,0,0,,,21,5,0.23809523809523808,70.71,high
37119005848,119,50,1,0.02,0.71,50,1,0.02,3.54,50,4,0.08,21.21,1,0,0.0,707.11,12,3,0.25,70.71,high
37119005906,119,100,0,0.0,3.54,99,2,0.020202020202020204,3.54,99,15,0.15151515151515152,21.21,1,0,0.0,1100.0,42,7,0.16666666666666666,70.71,high
37119005907,119,32,0,0.0,0.71,32,0,0.0,3.54,32,6,0.1875,21.21,0,0,,,7,1,0.14285714285714285,110.0,high
37119005908,119,74,0,0.0,3.54,74,1,0.013513513513513514,3.54,74,12,0.16216216216216217,21.21,2,0,0.0,953.55,33,6,0.18181818181818182,70.71,high
37119005909,119,7,0,0.0,3.54,7,0,0.0,3.54,7,3,0.42857142857142855,30.0,0,0,,,4,0,0.0,70.71,low
37119005910,119,2,0,0.0,0.71,2,0,0.0,3.54,2,0,0.0,21.21,0,0,,,0,0,,,low
37119005911,119,158,0,0.0,2.12,158,4,0.02531645569620253,3.54,158,17,0.10759493670886076,21.21,0,0,,,63,11,0.1746031746031746,70.71,high
37119005912,119,10,0,0.0,0.71,10,1,0.1,3.54,10,2,0.2,21.21,0,0,,,0,0,,,medium
37119005913,119,3,0,0.0,3.54,3,0,0.0,3.54,3,1,0.3333333333333333,21.21,0,0,,,2,2,1.0,640.0,low
37119005915,119,3,0,0.0,0.71,3,0,0.0,3.54,3,1,0.3333333333333333,21.21,0,0,,,1,0,0.0,220.0,low
37119005917,119,7,0,0.0,0.71,7,0,0.0,3.54,7,0,0.0,21.21,0,0,,,2,0,0.0,180.36,low
37119005918,119,7,0,0.0,3.54,7,0,0.0,3.54,7,2,0.2857142857142857,21.21,0,0,,,5,1,0.2,70.71,low
37119006005,119,21,0,0.0,3.54,21,0,0.0,3.54,21,3,0.14285714285714285,21.21,0,0,,,7,0,0.0,70.71,medium
37119006006,119,16,0,0.0,3.54,16,0,0.0,3.54,16,0,0.0,21.21,0,0,,,9,0,0.0,70.71,medium
37119006007,119,13,0,0.0,3.54,13,0,0.0,3.54,13,3,0.23076923076923078,21.21,0,0,,,6,3,0.5,255.0,medium
37119006008,119,5,0,0.0,0.71,5,0,0.0,3.54,5,1,0.2,21.21,0,0,,,2,2,1.0,765.0,low
37119006009,119,6,0,0.0,0.71,6,0,0.0,3.54,6,1,0.16666666666666666,21.21,0,0,,,2,0,0.0,70.71,low
37119006010,119,3,0,0.0,0.71,3,0,0.0,3.54,3,1,0.3333333333333333,21.21,0,0,,,0,0,,,low
37119006103,119,33,0,0.0,3.54,33,4,0.12121212121212122,3.54,33,2,0.06060606060606061,21.21,0,0,,,16,2,0.125,70.71,high
37119006104,119,30,0,0.0,3.54,30,0,0.0,3.54,30,5,0.16666666666666666,21.21,0,0,,,11,3,0.2727272727272727,70.71,high
37119006105,119,10,0,0.0,0.71,10,0,0.0,3.54,10,2,0.2,21.21,0,0,,,1,0,0.0,70.71,medium
37119006107,119,13,0,0.0,0.71,13,1,0.07692307692307693,3.54,13,5,0.38461538461538464,21.21,3,0,0.0,707.11,4,2,0.5,400.0,medium
37119006108,119,11,0,0.0,0.71,11,1,0.09090909090909091,3.54,11,1,0.09090909090909091,21.21,0,0,,,2,0,0.0,70.71,medium
37119006109,119,12,0,0.0,2.12,12,0,0.0,3.54,12,1,0.08333333333333333,21.21,1,0,0.0,1100.0,4,1,0.25,140.36,medium
37119006203,119,37,0,0.0,0.71,37,2,0.05405405405405406,3.54,38,0,0.0,21.21,0,0,,,14,3,0.21428571428571427,70.71,high
37119006204,119,74,0,0.0,0.71,73,1,0.0136986301369863,3.54,73,4,0.0547945205479452,21.21,2,0,0.0,4050.0,17,0,0.0,70.71,high
37119006208,119,1,0,0.0,3.54,1,0,0.0,3.54,1,0,0.0,21.21,0,0,,,1,0,0.0,70.71,low
37119006209,119,1,0,0.0,3.54,1,0,0.0,3.54,1,0,0.0,21.21,0,0,,,1,0,0.0,70.71,low
37119006210,119,12,0,0.0,3.54,12,0,0.0,3.54,12,2,0.16666666666666666,21.21,0,0,,,8,0,0.0,70.71,medium
37119006212,119,8,0,0.0,2.12,8,0,0.0,3.54,8,0,0.0,21.21,0,0,,,4,0,0.0,70.71,low
37119006213,119,58,0,0.0,3.27,58,2,0.034482758620689655,3.54,58,2,0.034482758620689655,21.21,2,0,0.0,707.11,23,2,0.08695652173913043,70.71,high
37119006214,119,4,0,0.0,3.54,4,0,0.0,3.54,4,0,0.0,21.21,0,0,,,2,0,0.0,70.71,low
37119006215,119,48,0,0.0,0.71,48,1,0.020833333333333332,3.54,48,4,0.08333333333333333,21.21,3,0,0.0,707.11,21,4,0.19047619047619047,70.71,high
37119006302,119,46,0,0.0,0.71,46,0,0.0,3.54,46,9,0.1956521739130435,21.21,1,0,0.0,707.11,17,4,0.23529411764705882,70.71,high
37119006303,119,2,0,0.0,2.12,2,0,0.0,3.54,2,1,0.5,240.61,0,0,,,1,0,0.0,70.71,low
37119006304,119,105,0,0.0,3.54,105,1,0.009523809523809525,3.54,106,21,0.19811320754716982,21.21,1,0,0.0,707.11,56,19,0.3392857142857143,135.0,high
37119006403,119,13,0,0.0,3.54,13,0,0.0,3.54,13,2,0.15384615384615385,21.21,0,0,,,7,1,0.14285714285714285,70.71,medium
37119006404,119,114,0,0.0,3.54,112,1,0.008928571428571428,3.54,112,13,0.11607142857142858,21.21,3,0,0.0,707.11,57,10,0.17543859649122806,70.71,high
37119006405,119,10,0,0.0,3.54,10,1,0.1,3.54,10,2,0.2,21.21,0,0,,,7,1,0.14285714285714285,70.71,medium
37119006406,119,8,0,0.0,0.71,8,0,0.0,3.54,8,2,0.25,21.21,2,0,0.0,707.11,2,0,0.0,110.36,low
37119980100,119,3,0,0.0,2.0,3,0,0.0,3.54,3,1,0.3333333333333333,21.21,0,0,,,0,0,,,low
37119980200,119,2,0,0.0,3.54,2,0,0.0,3.54,2,2,1.0,218.0,0,0,,,2,1,0.5,380.0,low
37121950100,121,123,0,0.0,3.54,123,3,0.024390243902439025,3.54,123,13,0.10569105691056911,21.21,86,0,0.0,707.11,95,31,0.3263157894736842,120.0,high
37121950200,121,190,0,0.0,3.54,190,4,0.021052631578947368,3.54,190,37,0.19473684210526315,21.21,106,0,0.0,707.11,126,43,0.3412698412698413,105.0,high
37121950300,121,89,0,0.0,3.54,89,2,0.02247191011235955,3.54,89,24,0.2696629213483146,21.21,50,0,0.0,707.11,65,21,0.3230769230769231,120.0,high
37121950400,121,162,5,0.030864197530864196,3.54,162,5,0.030864197530864196,3.54,162,37,0.22839506172839505,21.21,100,0,0.0,707.11,122,36,0.29508196721311475,100.0,high
37123960100,123,70,1,0.014285714285714285,3.54,70,2,0.02857142857142857,3.54,70,24,0.34285714285714286,21.21,29,0,0.0,707.11,35,11,0.3142857142857143,70.71,high
37123960200,123,110,2,0.01818181818181818,3.54,110,9,0.08181818181818182,3.54,116,37,0.31896551724137934,21.21,37,0,0.0,707.11,56,6,0.10714285714285714,70.71,high
37123960300,123,147,18,0.12244897959183673,3.54,147,5,0.034013605442176874,3.54,147,38,0.2585034013605442,21.21,75,0,0.0,707.11,91,19,0.2087912087912088,70.71,high
37123960401,123,23,1,0.043478260869565216,3.54,23,1,0.043478260869565216,3.54,22,6,0.2727272727272727,21.21,4,0,0.0,707.11,7,2,0.2857142857142857,70.71,medium
37123960402,123,79,15,0.189873417721519,3.54,79,4,0.05063291139240506,3.54,79,12,0.1518987341772152,21.21,22,2,0.09090909090909091,707.11,29,5,0.1724137931034483,70.71,high
37123960500,123,147,8,0.05442176870748299,3.54,147,23,0.1564625850340136,3.54,147,30,0.20408163265306123,21.21,40,1,0.025,707.11,69,8,0.11594202898550725,70.71,high
37125950100,125,61,7,0.11475409836065574,3.54,61,0,0.0,3.54,61,21,0.3442622950819672,21.21,26,0,0.0,707.11,36,7,0.19444444444444445,70.71,high
37125950200,125,81,1,0.012345679012345678,3.54,81,1,0.012345679012345678,3.54,81,33,0.4074074074074074,21.21,35,2,0.05714285714285714,707.11,51,13,0.2549019607843137,70.71,high
37125950301,125,136,2,0.014705882352941176,3.54,137,16,0.11678832116788321,3.54,136,41,0.3014705882352941,21.21,55,3,0.05454545454545454,707.11,70,16,0.22857142857142856,70.71,high
37125950302,125,102,2,0.0196078431372549,3.54,102,17,0.16666666666666666,3.54,102,16,0.1568627450980392,21.21,40,3,0.075,707.11,51,12,0.23529411764705882,70.71,high
37125950401,125,139,10,0.07194244604316546,3.54,139,1,0.007194244604316547,3.54,139,66,0.4748201438848921,40.0,54,0,0.0,707.11,72,22,0.3055555555555556,70.71,high
37125950402,125,122,15,0.12295081967213115,3.54,121,4,0.03305785123966942,3.54,121,71,0.5867768595041323,65.0,51,0,0.0,707.11,74,38,0.5135135135135135,300.0,high
37125950501,125,87,0,0.0,3.54,87,3,0.034482758620689655,3.54,87,65,0.7471264367816092,90.0,38,0,0.0,707.11,57,23,0.40350877192982454,240.0,high
37125950502,125,139,0,0.0,3.54,140,3,0.02142857142857143,3.54,141,74,0.524822695035461,68.0,39,0,0.0,707.11,79,20,0.25316455696202533,100.0,high
37125950601,125,27,0,0.0,3.54,27,2,0.07407407407407407,3.54,27,1,0.037037037037037035,21.21,9,0,0.0,707.11,14,3,0.21428571428571427,70.71,medium
37125950602,125,62,4,0.06451612903225806,3.54,62,3,0.04838709677419355,3.54,62,20,0.3225806451612903,21.21,21,0,0.0,707.11,32,11,0.34375,120.0,high
37125950701,125,21,0,0.0,3.54,23,2,0.08695652173913043,3.54,23,1,0.043478260869565216,21.21,8,0,0.0,1253.55,11,1,0.09090909090909091,70.71,medium
37125950702,125,20,0,0.0,3.54,20,4,0.2,3.54,20,1,0.05,21.21,1,0,0.0,707.11,6,0,0.0,70.71,medium
37125950801,125,23,0,0.0,3.54,23,1,0.043478260869565216,3.54,23,2,0.08695652173913043,21.21,9,0,0.0,707.11,14,0,0.0,70.71,medium
37125950802,125,51,0,0.0,0.71,52,7,0.1346153846153846,3.54,51,10,0.19607843137254902,21.21,11,0,0.0,1800.0,16,2,0.125,70.71,high
37125950900,125,2,0,0.0,2.12,2,1,0.5,16.0,5,0,0.0,21.21,1,0,0.0,707.11,4,0,0.0,70.71,low
37125951000,125,86,0,0.0,3.54,87,10,0.11494252873563218,3.54,87,16,0.1839080459770115,21.21,25,0,0.0,2100.0,49,9,0.1836734693877551,70.71,high
37125951100,125,64,0,0.0,3.54,68,8,0.11764705882352941,3.54,67,2,0.029850746268656716,21.21,18,0,0.0,868.55,32,5,0.15625,70.71,high
37125951200,125,57,0,0.0,3.54,57,3,0.05263157894736842,3.54,57,5,0.08771929824561403,21.21,33,0,0.0,1100.0,38,5,0.13157894736842105,70.71,high
37127010200,127,5,0,0.0,2.0,5,1,0.2,3.54,5,1,0.2,21.21,0,0,,,1,0,0.0,70.71,low
37127010300,127,25,0,0.0,3.54,25,1,0.04,3.54,25,8,0.32,21.21,8,1,0.125,2100.0,11,4,0.36363636363636365,150.0,medium
37127010502,127,8,1,0.125,3.54,8,0,0.0,3.54,8,2,0.25,21.21,4,0,0.0,1745.0,5,0,0.0,70.71,low
37127010503,127,20,0,0.0,3.54,20,1,0.05,3.54,20,1,0.05,21.21,16,0,0.0,953.55,16,2,0.125,70.71,medium
37127010504,127,15,0,0.0,3.54,15,1,0.06666666666666667,3.54,15,10,0.6666666666666666,70.0,8,0,0.0,707.11,8,4,0.5,300.0,medium
37127010601,127,1,0,0.0,3.54,1,0,0.0,3.54,1,1,1.0,70.0,1,0,0.0,707.11,1,0,0.0,70.71,low
37127010602,127,5,0,0.0,3.54,5,0,0.0,3.54,5,1,0.2,40.0,1,0,0.0,707.11,2,1,0.5,310.36,low
37127010700,127,79,0,0.0,3.54,79,0,0.0,3.54,79,32,0.4050632911392405,21.21,53,1,0.018867924528301886,707.11,54,6,0.1111111111111111,70.71,high
37127010800,127,475,2,0.004210526315789474,3.54,475,14,0.029473684210526315,3.54,475,126,0.26526315789473687,21.21,328,2,0.006097560975609756,1500.0,349,67,0.19197707736389685,70.71,high
37127010900,127,234,1,0.004273504273504274,3.54,234,5,0.021367521367521368,3.54,234,57,0.24358974358974358,21.21,130,2,0.015384615384615385,707.11,161,25,0.15527950310559005,70.71,high
37127011000,127,151,0,0.0,3.54,151,3,0.019867549668874173,3.54,151,41,0.271523178807947,21.21,76,1,0.013157894736842105,707.11,93,28,0.3010752688172043,70.71,high
37127011101,127,232,0,0.0,3.54,232,10,0.04310344827586207,3.54,232,53,0.22844827586206898,21.21,152,0,0.0,707.11,148,20,0.13513513513513514,70.71,high
37127011102,127,122,0,0.0,3.54,122,7,0.05737704918032787,3.54,122,23,0.1885245901639344,21.21,69,1,0.014492753623188406,1200.0,80,12,0.15,70.71,high
37127011200,127,188,0,0.0,0.71,188,10,0.05319148936170213,3.54,188,58,0.30851063829787234,21.21,50,1,0.02,707.11,67,15,0.22388059701492538,70.71,high
37127011300,127,165,9,0.05454545454545454,3.54,165,3,0.01818181818181818,3.54,165,74,0.4484848484848485,40.0,71,0,0.0,707.11,81,20,0.24691358024691357,70.71,high
37127011400,127,221,20,0.09049773755656108,3.54,221,2,0.00904977375565611,3.54,223,109,0.48878923766816146,40.0,79,0,0.0,707.11,95,36,0.37894736842105264,120.0,high
37127011500,127,312,2,0.00641025641025641,3.54,312,14,0.04487179487179487,3.54,312,69,0.22115384615384615,21.21,193,0,0.0,707.11,239,53,0.2217573221757322,70.71,high
37129010200,129,4,0,0.0,3.54,4,0,0.0,3.54,4,0,0.0,21.21,0,0,,,4,0,0.0,70.71,low
37129010300,129,3,0,0.0,0.71,3,0,0.0,3.54,3,2,0.6666666666666666,70.0,1,0,0.0,707.11,1,1,1.0,680.0,low
37129010400,129,2,0,0.0,1.35,2,1,0.5,22.77,2,0,0.0,21.21,0,0,,,0,0,,,low
37129010600,129,0,0,,,2,0,0.0,3.54,2,0,0.0,21.21,0,0,,,2,0,0.0,70.71,none
37129011000,129,2,0,0.0,0.71,2,0,0.0,4.77,2,0,0.0,21.21,0,0,,,0,0,,,low
37129011200,129,2,0,0.0,0.71,2,0,0.0,4.77,2,0,0.0,21.21,0,0,,,0,0,,,low
37129011300,129,2,1,0.5,6.77,2,0,0.0,3.54,2,0,0.0,21.21,0,0,,,2,0,0.0,70.71,low
37129011400,129,1,0,0.0,3.54,1,0,0.0,3.54,1,0,0.0,21.21,0,0,,,1,0,0.0,70.71,low
37129011500,129,448,3,0.006696428571428571,2.0,442,12,0.027149321266968326,3.54,454,194,0.42731277533039647,40.0,165,0,0.0,707.11,205,152,0.7414634146341463,950.0,high
37129011603,129,124,0,0.0,3.54,122,3,0.02459016393442623,3.54,122,55,0.45081967213114754,40.0,31,1,0.03225806451612903,707.11,53,29,0.5471698113207547,390.0,high
37129011605,129,11,0,0.0,0.71,11,0,0.0,3.54,11,1,0.09090909090909091,21.21,4,0,0.0,707.11,5,1,0.2,70.71,medium
37129011606,129,47,0,0.0,0.71,46,1,0.021739130434782608,3.54,46,6,0.13043478260869565,21.21,18,0,0.0,707.11,19,13,0.6842105263157895,1100.0,high
37129011607,129,53,0,0.0,0.71,52,2,0.038461538461538464,3.54,51,19,0.37254901960784315,21.21,11,0,0.0,707.11,15,9,0.6,420.0,high
37129011608,129,76,0,0.0,0.71,76,0,0.0,3.54,76,38,0.5,45.0,24,0,0.0,707.11,32,26,0.8125,2500.0,high
37129011701,129,9,0,0.0,3.54,10,0,0.0,3.54,9,1,0.1111111111111111,21.21,0,0,,,7,0,0.0,70.71,low
37129011703,129,8,0,0.0,3.54,8,1,0.125,3.54,8,0,0.0,21.21,4,0,0.0,707.11,4,4,1.0,1300.0,low
37129011705,129,379,9,0.023746701846965697,3.54,376,5,0.013297872340425532,3.54,376,147,0.39095744680851063,21.21,197,0,0.0,707.11,203,80,0.39408866995073893,70.71,high
37129011800,129,1,0,0.0,0.71,1,0,0.0,3.54,1,0,0.0,21.21,0,0,,,0,0,,,low
37129011902,129,10,0,0.0,0.71,10,0,0.0,3.54,10,5,0.5,35.61,3,0,0.0,707.11,3,3,1.0,2100.0,medium
37129011903,129,1,0,0.0,3.54,1,0,0.0,7.0,1,0,0.0,21.21,0,0,,,1,1,1.0,1200.0,low
37129012001,129,24,0,0.0,0.71,24,1,0.041666666666666664,3.54,24,6,0.25,21.21,3,0,0.0,707.11,4,2,0.5,660.0,medium
37129012004,129,61,0,0.0,3.54,61,0,0.0,3.54,61,2,0.03278688524590164,21.21,34,0,0.0,707.11,36,7,0.19444444444444445,70.71,high
37129012007,129,1,0,0.0,3.54,1,0,0.0,3.54,1,0,0.0,34.0,1,0,0.0,707.11,1,0,0.0,120.0,low
37129012008,129,24,0,0.0,0.71,24,0,0.0,3.54,24,7,0.2916666666666667,21.21,8,0,0.0,707.11,8,3,0.375,145.0,medium
37129012009,129,5,0,0.0,0.71,5,1,0.2,3.54,5,1,0.2,21.21,0,0,,,0,0,,,low
37129012010,129,4,0,0.0,3.54,5,0,0.0,3.54,5,1,0.2,21.21,3,0,0.0,707.11,4,2,0.5,310.36,low
37129012101,129,21,0,0.0,0.71,20,0,0.0,3.54,20,4,0.2,21.21,2,0,0.0,707.11,3,0,0.0,180.0,medium
37129012103,129,29,0,0.0,0.71,29,1,0.034482758620689655,3.54,31,3,0.0967741935483871,21.21,11,0,0.0,707.11,13,4,0.3076923076923077,270.0,medium
37129012104,129,247,0,0.0,0.71,245,1,0.004081632653061225,3.54,245,15,0.061224489795918366,21.21,82,0,0.0,707.11,98,16,0.16326530612244897,70.71,high
37129012105,129,171,0,0.0,0.71,171,6,0.03508771929824561,3.54,171,9,0.05263157894736842,21.21,58,0,0.0,707.11,72,8,0.1111111111111111,70.71,high
37129012201,129,5,0,0.0,3.54,5,0,0.0,3.54,5,1,0.2,21.21,0,0,,,5,2,0.4,70.71,low
37129012202,129,7,0,0.0,3.54,7,0,0.0,3.54,11,3,0.2727272727272727,21.21,0,0,,,11,1,0.09090909090909091,70.71,low
37129012203,129,6,0,0.0,3.54,6,0,0.0,3.54,6,0,0.0,21.21,0,0,,,6,1,0.16666666666666666,70.71,low
37129012300,129,317,15,0.0473186119873817,3.0,306,7,0.02287581699346405,3.54,302,65,0.2152317880794702,21.21,103,0,0.0,707.11,127,46,0.36220472440944884,170.0,high
37129980100,129,3,0,0.0,3.54,90,3,0.03333333333333333,3.54,3,0,0.0,21.21,0,0,,,3,0,0.0,70.71,low
37131920100,131,168,0,0.0,3.54,168,2,0.011904761904761904,3.54,168,48,0.2857142857142857,21.21,39,2,0.05128205128205128,707.11,83,22,0.26506024096385544,70.71,high
37131920200,131,33,0,0.0,3.54,33,0,0.0,3.54,33,5,0.15151515151515152,21.21,8,0,0.0,707.11,22,6,0.2727272727272727,130.0,high
37131920300,131,142,0,0.0,3.54,142,6,0.04225352112676056,3.54,142,38,0.2676056338028169,21.21,38,3,0.07894736842105263,1800.0,78,32,0.41025641025641024,125.0,high
37131920401,131,57,7,0.12280701754385964,3.54,57,0,0.0,3.54,57,10,0.17543859649122806,21.21,18,1,0.05555555555555555,853.55,38,6,0.15789473684210525,70.71,high
37131920402,131,46,0,0.0,3.54,46,1,0.021739130434782608,3.54,46,2,0.043478260869565216,21.21,10,0,0.0,707.11,23,6,0.2608695652173913,70.71,high
37133000102,133,18,0,0.0,3.54,18,0,0.0,3.54,18,3,0.16666666666666666,21.21,11,0,0.0,707.11,12,11,0.9166666666666666,830.0,medium
37133000103,133,14,0,0.0,3.54,14,0,0.0,3.54,14,1,0.07142857142857142,21.21,11,0,0.0,707.11,11,10,0.9090909090909091,1300.0,medium
37133000201,133,41,1,0.024390243902439025,3.54,41,1,0.024390243902439025,3.54,41,3,0.07317073170731707,21.21,32,0,0.0,707.11,36,16,0.4444444444444444,210.0,high
37133000202,133,11,0,0.0,3.54,11,0,0.0,3.54,11,3,0.2727272727272727,21.21,8,0,0.0,707.11,9,4,0.4444444444444444,220.0,medium
37133000301,133,20,0,0.0,3.54,20,0,0.0,3.54,20,7,0.35,40.0,11,0,0.0,707.11,12,5,0.4166666666666667,195.0,medium
37133000302,133,33,0,0.0,3.54,33,3,0.09090909090909091,3.54,33,17,0.5151515151515151,50.0,16,0,0.0,707.11,15,10,0.6666666666666666,640.0,high
37133000401,133,29,0,0.0,3.54,29,1,0.034482758620689655,3.54,29,15,0.5172413793103449,50.0,21,0,0.0,707.11,22,13,0.5909090909090909,810.0,medium
37133000402,133,7,0,0.0,3.54,7,0,0.0,3.54,7,5,0.7142857142857143,60.0,5,0,0.0,707.11,5,4,0.8,3250.0,low
37133000600,133,0,0,,,0,0,,,0,0,,,0,0,,,0,0,,,none
37133001101,133,14,0,0.0,3.54,14,0,0.0,3.54,14,2,0.14285714285714285,21.21,10,0,0.0,707.11,9,2,0.2222222222222222,70.71,medium
37133001102,133,6,0,0.0,0.71,6,0,0.0,3.54,6,0,0.0,21.21,1,0,0.0,707.11,1,0,0.0,100.0,low
37133001200,133,6,0,0.0,2.12,6,0,0.0,3.54,6,2,0.3333333333333333,21.21,3,0,0.0,707.11,3,1,0.3333333333333333,190.0,low
37133001300,133,2,0,0.0,3.54,2,0,0.0,3.54,2,0,0.0,21.21,1,0,0.0,707.11,2,2,1.0,860.0,low
37133001800,133,7,0,0.0,3.54,7,0,0.0,3.54,7,0,0.0,21.21,0,0,,,5,0,0.0,70.71,low
37133002100,133,1,0,0.0,3.54,1,0,0.0,3.54,1,0,0.0,21.21,0,0,,,1,0,0.0,70.71,low
37133002300,133,5,0,0.0,3.54,5,0,0.0,3.54,5,1,0.2,30.0,1,0,0.0,707.11,4,3,0.75,1005.0,low
37133002500,133,3,0,0.0,3.54,3,0,0.0,3.54,3,0,0.0,21.21,2,0,0.0,707.11,2,2,1.0,730.0,low
37133002600,133,6,0,0.0,0.71,6,1,0.16666666666666666,3.54,6,0,0.0,21.21,0,0,,,0,0,,,low
37133002800,133,11,0,0.0,3.54,11,0,0.0,3.54,11,1,0.09090909090909091,21.21,8,0,0.0,707.11,8,5,0.625,570.0,medium
37135010701,135,388,3,0.007731958762886598,3.54,388,9,0.023195876288659795,3.54,388,132,0.3402061855670103,21.21,155,0,0.0,707.11,189,44,0.2328042328042328,70.71,high
37135010703,135,3,0,0.0,3.0,3,0,0.0,3.54,3,2,0.6666666666666666,380.0,1,0,0.0,707.11,1,0,0.0,70.71,low
37135010704,135,290,2,0.006896551724137931,3.54,290,10,0.034482758620689655,3.54,290,63,0.21724137931034482,21.21,92,0,0.0,707.11,127,25,0.1968503937007874,70.71,high
37135010705,135,6,0,0.0,0.71,6,0,0.0,3.54,6,1,0.16666666666666666,21.21,2,0,0.0,707.11,2,0,0.0,115.36,low
37135010706,135,33,0,0.0,3.54,33,1,0.030303030303030304,3.54,33,5,0.15151515151515152,21.21,11,0,0.0,707.11,18,2,0.1111111111111111,70.71,high
37135010801,135,728,0,0.0,3.54,737,23,0.031207598371777476,3.54,728,201,0.2760989010989011,21.21,326,0,0.0,707.11,368,103,0.2798913043478261,70.71,high
37135010802,135,575,6,0.010434782608695653,3.54,580,12,0.020689655172413793,3.54,575,173,0.3008695652173913,21.21,268,0,0.0,707.11,302,56,0.18543046357615894,70.71,high
37135010901,135,906,1,0.0011037527593818985,3.54,906,23,0.025386313465783666,3.54,906,260,0.2869757174392936,21.21,380,1,0.002631578947368421,707.11,463,81,0.17494600431965443,70.71,high
37135010902,135,244,0,0.0,3.54,244,12,0.04918032786885246,3.54,244,76,0.3114754098360656,21.21,97,0,0.0,707.11,118,21,0.17796610169491525,70.71,high
37135011000,135,166,0,0.0,3.54,166,6,0.03614457831325301,3.54,164,24,0.14634146341463414,21.21,70,1,0.014285714285714285,707.11,93,14,0.15053763440860216,70.71,high
37135011101,135,294,0,0.0,3.54,294,10,0.034013605442176874,3.54,294,90,0.30612244897959184,21.21,133,0,0.0,707.11,155,45,0.2903225806451613,70.71,high
37135011102,135,426,10,0.023474178403755867,3.54,426,6,0.014084507042253521,3.54,427,115,0.2693208430913349,21.21,191,2,0.010471204188481676,707.11,236,42,0.17796610169491525,70.71,high
37135011202,135,1275,45,0.03529411764705882,3.54,1271,36,0.02832415420928403,3.54,1268,354,0.27917981072555204,21.21,400,3,0.0075,707.11,551,135,0.24500907441016334,70.71,high
37135011203,135,964,13,0.013485477178423237,3.54,978,15,0.015337423312883436,3.54,963,374,0.3883696780893043,21.21,372,3,0.008064516129032258,707.11,464,105,0.22629310344827586,70.71,high
37135011204,135,668,11,0.016467065868263474,3.54,668,24,0.03592814371257485,3.54,668,232,0.3473053892215569,21.21,234,0,0.0,707.11,316,68,0.21518987341772153,70.71,high
37135011205,135,30,0,0.0,2.5,30,1,0.03333333333333333,3.54,30,13,0.43333333333333335,40.0,10,0,0.0,707.11,12,3,0.25,70.71,high
37135011300,135,3,0,0.0,3.54,3,0,0.0,3.54,3,0,0.0,21.21,1,0,0.0,707.11,3,0,0.0,70.71,low
37135011400,135,11,0,0.0,3.54,11,0,0.0,3.54,11,3,0.2727272727272727,21.21,5,0,0.0,1960.0,6,1,0.16666666666666666,70.71,medium
37135011500,135,17,0,0.0,3.54,17,0,0.0,3.54,17,7,0.4117647058823529,21.21,15,0,0.0,707.11,15,4,0.26666666666666666,70.71,medium
37135011601,135,1,0,0.0,0.71,1,0,0.0,9.0,1,1,1.0,50.0,0,0,,,0,0,,,low
37135011602,135,8,0,0.0,5.3,8,0,0.0,3.54,5,0,0.0,21.21,1,0,0.0,707.11,1,0,0.0,70.71,low
37135011700,135,8,0,0.0,3.54,8,0,0.0,3.54,8,2,0.25,21.21,5,0,0.0,707.11,7,1,0.14285714285714285,70.71,low
37135011800,135,4,0,0.0,0.71,4,1,0.25,3.54,4,0,0.0,21.21,0,0,,,0,0,,,low
37135011901,135,22,0,0.0,3.54,22,0,0.0,3.54,22,8,0.36363636363636365,21.21,5,0,0.0,707.11,13,7,0.5384615384615384,1600.0,medium
37135011902,135,4,0,0.0,2.12,4,0,0.0,3.54,4,2,0.5,45.61,2,0,0.0,707.11,2,0,0.0,70.71,low
37135012100,135,9,0,0.0,3.54,9,0,0.0,3.54,9,5,0.5555555555555556,50.0,5,0,0.0,707.11,6,1,0.16666666666666666,155.0,low
37135012201,135,144,0,0.0,3.54,144,3,0.020833333333333332,3.54,144,12,0.08333333333333333,21.21,61,0,0.0,707.11,81,9,0.1111111111111111,70.71,high
37135012202,135,35,0,0.0,3.54,35,0,0.0,3.54,35,10,0.2857142857142857,21.21,6,0,0.0,1150.0,8,1,0.125,70.71,high
37137950101,137,45,0,0.0,3.54,45,0,0.0,3.54,45,3,0.06666666666666667,21.21,25,0,0.0,707.11,31,11,0.3548387096774194,70.71,high
37137950102,137,32,0,0.0,3.54,32,0,0.0,3.54,32,11,0.34375,21.21,17,0,0.0,707.11,23,9,0.391304347826087,240.0,high
37137950201,137,62,0,0.0,3.54,62,3,0.04838709677419355,3.54,62,11,0.1774193548387097,21.21,44,0,0.0,707.11,45,14,0.3111111111111111,130.0,high
37137950202,137,36,0,0.0,3.54,36,0,0.0,3.54,36,9,0.25,21.21,9,0,0.0,707.11,30,8,0.26666666666666666,70.71,high
37139960100,139,3,0,0.0,0.71,3,0,0.0,3.54,3,0,0.0,21.21,0,0,,,1,0,0.0,70.71,low
37139960200,139,2,0,0.0,0.71,2,0,0.0,3.54,2,0,0.0,21.21,0,0,,,0,0,,,low
37139960400,139,1,0,0.0,3.54,1,0,0.0,11.0,1,1,1.0,90.0,0,0,,,1,0,0.0,70.71,low
37139960501,139,2,0,0.0,3.54,2,0,0.0,3.54,2,2,1.0,350.0,1,0,0.0,707.11,2,1,0.5,875.0,low
37139960502,139,2,0,0.0,3.54,2,0,0.0,3.54,2,1,0.5,90.61,1,0,0.0,707.11,2,0,0.0,140.36,low
37139960503,139,13,0,0.0,3.54,13,0,0.0,3.54,13,13,1.0,140.0,11,0,0.0,707.11,11,11,1.0,930.0,medium
37139960600,139,23,0,0.0,3.54,23,0,0.0,3.54,23,5,0.21739130434782608,21.21,5,0,0.0,707.11,23,5,0.21739130434782608,70.71,medium
37139960701,139,7,0,0.0,3.54,7,0,0.0,3.54,7,3,0.42857142857142855,21.21,4,0,0.0,707.11,6,2,0.3333333333333333,135.36,low
37139960702,139,1,0,0.0,3.54,1,0,0.0,3.54,1,0,0.0,40.0,1,0,0.0,707.11,1,1,1.0,1600.0,low
37141920101,141,1,0,0.0,3.54,1,0,0.0,3.54,1,0,0.0,21.21,1,0,0.0,707.11,1,1,1.0,420.0,low
37141920102,141,4,0,0.0,3.54,4,0,0.0,3.54,4,0,0.0,21.21,3,0,0.0,707.11,4,2,0.5,290.0,low
37141920103,141,114,0,0.0,3.54,114,0,0.0,3.54,114,13,0.11403508771929824,21.21,84,0,0.0,707.11,92,68,0.7391304347826086,820.0,high
37141920201,141,170,0,0.0,3.54,170,0,0.0,3.54,170,12,0.07058823529411765,21.21,137,0,0.0,707.11,148,75,0.5067567567567568,300.0,high
37141920202,141,142,0,0.0,3.54,142,2,0.014084507042253521,3.54,142,34,0.23943661971830985,21.21,89,0,0.0,707.11,108,70,0.6481481481481481,435.0,high
37141920203,141,130,0,0.0,3.54,130,3,0.023076923076923078,3.54,130,55,0.4230769230769231,40.0,101,0,0.0,707.11,113,83,0.7345132743362832,970.0,high
37141920204,141,159,0,0.0,3.54,159,1,0.006289308176100629,3.54,159,39,0.24528301886792453,21.21,136,0,0.0,707.11,148,96,0.6486486486486487,540.0,high
37141920300,141,202,0,0.0,3.54,202,0,0.0,3.54,202,34,0.16831683168316833,21.21,146,0,0.0,707.11,162,53,0.3271604938271605,145.0,high
37141920401,141,53,0,0.0,3.54,53,2,0.03773584905660377,3.54,53,9,0.16981132075471697,21.21,36,0,0.0,707.11,39,12,0.3076923076923077,70.71,high
37141920402,141,78,0,0.0,3.54,78,2,0.02564102564102564,3.54,78,7,0.08974358974358974,21.21,51,0,0.0,707.11,57,10,0.17543859649122806,70.71,high
37141920403,141,95,0,0.0,3.54,95,2,0.021052631578947368,3.54,95,19,0.2,21.21,58,0,0.0,707.11,65,23,0.35384615384615387,140.0,high
37141920501,141,193,0,0.0,3.54,193,1,0.0051813471502590676,3.54,193,21,0.10880829015544041,21.21,139,0,0.0,707.11,145,28,0.19310344827586207,70.71,high
37141920502,141,74,1,0.013513513513513514,3.54,74,1,0.013513513513513514,3.54,74,3,0.04054054054054054,21.21,52,0,0.0,707.11,62,18,0.2903225806451613,70.71,high
37141920601,141,107,0,0.0,3.54,107,0,0.0,3.54,107,22,0.205607476635514,21.21,77,0,0.0,707.11,88,38,0.4318181818181818,135.0,high
37141920602,141,92,0,0.0,3.54,92,0,0.0,3.54,92,37,0.40217391304347827,40.0,63,0,0.0,707.11,67,54,0.8059701492537313,930.0,high
37143920100,143,28,0,0.0,3.54,28,0,0.0,3.54,28,23,0.8214285714285714,245.0,24,0,0.0,707.11,25,24,0.96,2500.0,medium
37143920201,143,18,1,0.05555555555555555,3.54,18,0,0.0,3.54,18,12,0.6666666666666666,85.0,11,0,0.0,707.11,16,15,0.9375,2450.0,medium
37143920202,143,6,0,0.0,3.54,6,1,0.16666666666666666,3.54,6,5,0.8333333333333334,230.0,5,0,0.0,707.11,6,5,0.8333333333333334,2450.0,low
37145920100,145,347,12,0.0345821325648415,3.54,347,6,0.01729106628242075,3.54,347,130,0.3746397694524496,21.21,202,1,0.0049504950495049506,707.11,241,56,0.23236514522821577,70.71,high
37145920200,145,437,0,0.0,3.54,437,16,0.036613272311212815,3.54,437,164,0.37528604118993136,21.21,224,1,0.004464285714285714,707.11,317,88,0.277602523659306,70.71,high
37145920300,145,51,1,0.0196078431372549,3.54,51,1,0.0196078431372549,3.54,51,9,0.17647058823529413,21.21,19,0,0.0,707.11,25,6,0.24,70.71,high
37145920400,145,12,0,0.0,3.54,12,2,0.16666666666666666,3.54,12,5,0.4166666666666667,40.0,5,0,0.0,707.11,7,1,0.14285714285714285,70.71,medium
37145920500,145,409,21,0.05134474327628362,3.54,408,10,0.024509803921568627,3.54,408,154,0.37745098039215685,21.21,195,0,0.0,707.11,262,67,0.25572519083969464,70.71,high
37145920601,145,260,0,0.0,3.54,260,13,0.05,3.54,260,96,0.36923076923076925,21.21,129,0,0.0,707.11,161,46,0.2857142857142857,100.0,high
37145920602,145,288,11,0.03819444444444445,3.54,287,8,0.027874564459930314,3.54,288,119,0.4131944444444444,21.21,163,1,0.006134969325153374,707.11,203,65,0.32019704433497537,70.71,high
37147000100,147,2,0,0.0,3.54,2,0,0.0,3.54,2,1,0.5,35.61,0,0,,,2,1,0.5,495.36,low
37147000301,147,2,0,0.0,3.89,2,0,0.0,3.54,2,0,0.0,21.21,0,0,,,0,0,,,low
37147000400,147,1,0,0.0,7.07,1,0,0.0,3.54,1,0,0.0,21.21,0,0,,,0,0,,,low
37147000501,147,2,0,0.0,2.12,2,0,0.0,3.54,2,1,0.5,35.61,1,0,0.0,707.11,1,1,1.0,550.0,low
37147000502,147,2,0,0.0,2.12,2,0,0.0,3.54,2,0,0.0,25.61,1,0,0.0,707.11,1,1,1.0,350.0,low
37147000601,147,4,0,0.0,2.12,4,0,0.0,4.77,4,1,0.25,21.21,2,0,0.0,707.11,2,1,0.5,530.36,low
37147000602,147,1,0,0.0,3.54,1,0,0.0,3.54,1,0,0.0,21.21,1,0,0.0,707.11,1,0,0.0,70.71,low
37147000603,147,3,0,0.0,3.54,3,0,0.0,3.54,3,1,0.3333333333333333,21.21,2,0,0.0,707.11,2,2,1.0,2500.0,low
37147000701,147,1,0,0.0,3.54,1,0,0.0,3.54,1,1,1.0,50.0,0,0,,,1,1,1.0,920.0,low
37147000800,147,3,0,0.0,3.54,3,0,0.0,3.54,3,0,0.0,21.21,2,0,0.0,707.11,2,0,0.0,120.36,low
37147000900,147,45,0,0.0,3.54,45,0,0.0,3.54,45,2,0.044444444444444446,21.21,24,0,0.0,707.11,25,8,0.32,70.71,high
37147001001,147,3,0,0.0,3.54,3,0,0.0,3.54,3,0,0.0,21.21,2,0,0.0,707.11,2,0,0.0,70.71,low
37147001002,147,4,0,0.0,3.54,4,0,0.0,3.54,4,0,0.0,21.21,2,0,0.0,707.11,3,1,0.3333333333333333,170.0,low
37147001003,147,5,0,0.0,3.54,5,0,0.0,3.54,5,0,0.0,21.21,1,0,0.0,707.11,4,1,0.25,70.71,low
37147001100,147,20,0,0.0,3.54,20,1,0.05,3.54,20,1,0.05,21.21,12,0,0.0,707.11,13,6,0.46153846153846156,260.0,medium
37147001200,147,22,0,0.0,3.54,22,0,0.0,3.54,22,2,0.09090909090909091,21.21,14,0,0.0,707.11,15,2,0.13333333333333333,150.0,medium
37147001301,147,4,0,0.0,3.54,4,0,0.0,3.54,4,1,0.25,21.21,1,0,0.0,707.11,3,1,0.3333333333333333,70.71,low
37147001302,147,5,0,0.0,3.54,5,0,0.0,3.54,5,0,0.0,21.21,1,0,0.0,707.11,3,0,0.0,70.71,low
37147001303,147,2,0,0.0,3.54,2,0,0.0,3.54,2,1,0.5,65.61,2,0,0.0,707.11,2,1,0.5,1500.0,low
37147001401,147,5,0,0.0,3.54,5,0,0.0,3.54,5,1,0.2,21.21,0,0,,,2,0,0.0,70.71,low
37147001402,147,17,0,0.0,3.54,17,0,0.0,3.54,17,2,0.11764705882352941,21.21,7,0,0.0,707.11,12,4,0.3333333333333333,135.36,medium
37147001500,147,12,0,0.0,3.54,12,0,0.0,3.54,12,0,0.0,21.21,6,0,0.0,707.11,6,0,0.0,95.36,medium
37147001600,147,9,0,0.0,3.54,9,0,0.0,3.54,9,5,0.5555555555555556,50.0,8,0,0.0,707.11,8,5,0.625,670.0,low
37147001700,147,16,0,0.0,3.54,16,0,0.0,3.54,16,8,0.5,40.61,6,0,0.0,707.11,8,6,0.75,545.0,medium
37147001800,147,11,0,0.0,2.5,11,0,0.0,3.54,7,3,0.42857142857142855,21.21,2,0,0.0,707.11,5,0,0.0,70.71,medium
37147001900,147,18,0,0.0,3.54,18,0,0.0,3.54,18,11,0.6111111111111112,60.0,12,0,0.0,707.11,16,9,0.5625,310.0,medium
37147002001,147,2,0,0.0,3.54,2,0,0.0,3.54,2,0,0.0,21.21,2,0,0.0,707.11,2,2,1.0,585.0,low
37147002002,147,42,0,0.0,3.54,42,1,0.023809523809523808,3.54,42,0,0.0,21.21,28,0,0.0,707.11,30,8,0.26666666666666666,140.0,high
37149920101,149,46,0,0.0,3.54,46,1,0.021739130434782608,3.54,46,11,0.2391304347826087,21.21,26,0,0.0,707.11,32,7,0.21875,70.71,high
37149920103,149,88,0,0.0,3.54,88,3,0.03409090909090909,3.54,88,10,0.11363636363636363,21.21,48,0,0.0,707.11,62,11,0.1774193548387097,70.71,high
37149920104,149,63,0,0.0,3.54,63,5,0.07936507936507936,3.54,63,7,0.1111111111111111,21.21,20,0,0.0,707.11,37,6,0.16216216216216217,70.71,high
37149920200,149,141,0,0.0,3.54,147,6,0.04081632653061224,3.54,141,18,0.1276595744680851,21.21,77,0,0.0,707.11,111,23,0.2072072072072072,70.71,high
37149920301,149,15,0,0.0,3.54,15,0,0.0,3.54,15,0,0.0,21.21,7,0,0.0,707.11,14,1,0.07142857142857142,70.71,medium
37149920303,149,17,0,0.0,3.54,17,0,0.0,3.54,17,1,0.058823529411764705,21.21,8,0,0.0,707.11,9,1,0.1111111111111111,70.71,medium
37149920304,149,25,0,0.0,3.54,25,1,0.04,3.54,25,9,0.36,21.21,9,0,0.0,707.11,14,5,0.35714285714285715,185.0,medium
37151030100,151,28,0,0.0,3.54,28,1,0.03571428571428571,3.54,28,10,0.35714285714285715,21.21,12,0,0.0,707.11,15,7,0.4666666666666667,250.0,medium
37151030201,151,10,1,0.1,3.54,10,0,0.0,3.54,10,1,0.1,21.21,1,0,0.0,707.11,5,0,0.0,70.71,medium
37151030202,151,25,0,0.0,3.54,25,0,0.0,3.54,25,8,0.32,21.21,9,0,0.0,707.11,10,3,0.3,130.36,medium
37151030301,151,29,0,0.0,3.54,29,1,0.034482758620689655,3.54,29,13,0.4482758620689655,40.0,7,0,0.0,707.11,17,7,0.4117647058823529,200.0,medium
37151030302,151,18,0,0.0,3.27,18,0,0.0,3.54,18,5,0.2777777777777778,21.21,3,0,0.0,707.11,5,0,0.0,70.71,medium
37151030400,151,4,0,0.0,2.12,4,0,0.0,3.54,4,0,0.0,21.21,2,0,0.0,707.11,2,0,0.0,70.71,low
37151030502,151,119,4,0.03361344537815126,3.54,119,3,0.025210084033613446,3.54,119,25,0.21008403361344538,21.21,27,0,0.0,707.11,52,8,0.15384615384615385,70.71,high
37151030503,151,203,7,0.034482758620689655,3.54,203,9,0.04433497536945813,3.54,203,60,0.2955665024630542,21.21,93,1,0.010752688172043012,707.11,107,29,0.27102803738317754,70.71,high
37151030504,151,40,2,0.05,3.54,40,0,0.0,3.54,40,8,0.2,21.21,19,0,0.0,707.11,30,9,0.3,70.71,high
37151030600,151,425,65,0.15294117647058825,3.54,412,9,0.021844660194174758,3.54,412,61,0.14805825242718446,21.21,80,0,0.0,707.11,150,26,0.17333333333333334,70.71,high
37151030700,151,190,19,0.1,3.54,190,2,0.010526315789473684,3.54,190,38,0.2,21.21,59,1,0.01694915254237288,707.11,96,17,0.17708333333333334,70.71,high
37151030801,151,254,13,0.051181102362204724,3.54,252,17,0.06746031746031746,3.54,252,64,0.25396825396825395,21.21,81,1,0.012345679012345678,707.11,112,20,0.17857142857142858,70.71,high
37151030802,151,170,3,0.01764705882352941,3.54,172,5,0.029069767441860465,3.54,170,49,0.28823529411764703,21.21,68,0,0.0,707.11,95,20,0.21052631578947367,70.71,high
37151030900,151,175,7,0.04,3.54,179,13,0.07262569832402235,3.54,175,65,0.37142857142857144,21.21,63,6,0.09523809523809523,707.11,95,19,0.2,70.71,high
37151031000,151,167,0,0.0,3.54,168,6,0.03571428571428571,3.54,172,69,0.4011627906976744,21.21,53,0,0.0,707.11,101,34,0.33663366336633666,70.71,high
37151031100,151,141,3,0.02127659574468085,3.54,141,2,0.014184397163120567,3.54,141,54,0.3829787234042553,21.21,43,0,0.0,707.11,76,25,0.32894736842105265,70.71,high
37151031200,151,117,0,0.0,3.54,117,0,0.0,3.54,117,27,0.23076923076923078,21.21,73,2,0.0273972602739726,707.11,89,20,0.2247191011235955,70.71,high
37151031303,151,21,0,0.0,0.71,21,0,0.0,3.54,21,6,0.2857142857142857,21.21,4,0,0.0,707.11,9,4,0.4444444444444444,70.71,medium
37151031304,151,103,1,0.009708737864077669,2.0,103,1,0.009708737864077669,3.54,103,20,0.1941747572815534,21.21,23,2,0.08695652173913043,1200.0,38,8,0.21052631578947367,70.71,high
37151031305,151,85,1,0.011764705882352941,3.54,85,2,0.023529411764705882,3.54,85,20,0.23529411764705882,21.21,31,0,0.0,707.11,45,7,0.15555555555555556,70.71,high
37151031306,151,179,0,0.0,3.54,179,5,0.027932960893854747,3.54,179,46,0.2569832402234637,21.21,67,1,0.014925373134328358,707.11,92,20,0.21739130434782608,70.71,high
37151031400,151,73,0,0.0,3.54,73,0,0.0,3.54,73,24,0.3287671232876712,21.21,30,1,0.03333333333333333,707.11,36,9,0.25,70.71,high
37151031501,151,14,0,0.0,3.54,14,0,0.0,3.54,14,1,0.07142857142857142,21.21,4,0,0.0,1200.0,9,1,0.1111111111111111,70.71,medium
37151031503,151,6,0,0.0,2.12,6,0,0.0,3.54,6,1,0.16666666666666666,21.21,0,0,,,3,1,0.3333333333333333,70.71,low
37151031504,151,3,0,0.0,0.71,3,0,0.0,3.54,3,0,0.0,21.21,0,0,,,0,0,,,low
37151031505,151,4,0,0.0,0.71,4,0,0.0,3.54,4,2,0.5,60.0,1,0,0.0,707.11,1,1,1.0,3300.0,low
37151031601,151,16,0,0.0,0.71,16,0,0.0,3.54,16,2,0.125,21.21,0,0,,,4,0,0.0,70.71,medium
37153970100,153,76,0,0.0,3.54,76,7,0.09210526315789473,3.54,76,15,0.19736842105263158,21.21,53,7,0.1320754716981132,1700.0,53,9,0.16981132075471697,70.71,high
37153970200,153,99,14,0.1414141414141414,3.54,98,7,0.07142857142857142,3.54,98,43,0.4387755102040816,25.61,81,12,0.14814814814814814,707.11,67,22,0.3283582089552239,70.71,high
37153970300,153,25,0,0.0,3.54,25,2,0.08,3.54,25,13,0.52,90.0,13,0,0.0,707.11,13,3,0.23076923076923078,70.71,medium
37153970400,153,8,0,0.0,3.54,8,1,0.125,3.54,8,4,0.5,65.61,3,0,0.0,707.11,4,3,0.75,1355.0,low
37153970500,153,2,0,0.0,0.71,2,0,0.0,7.77,2,2,1.0,190.0,0,0,,,0,0,,,low
37153970600,153,5,0,0.0,3.54,5,0,0.0,3.54,5,0,0.0,21.21,1,0,0.0,707.11,3,1,0.3333333333333333,110.0,low
37153970700,153,7,0,0.0,3.54,7,0,0.0,3.54,7,2,0.2857142857142857,21.21,2,0,0.0,707.11,4,0,0.0,70.71,low
37153970800,153,75,1,0.013333333333333334,3.54,75,1,0.013333333333333334,3.54,75,35,0.4666666666666667,40.0,50,5,0.1,707.11,56,17,0.30357142857142855,70.71,high
37153970900,153,32,0,0.0,0.71,32,10,0.3125,3.54,32,3,0.09375,21.21,9,0,0.0,707.11,11,1,0.09090909090909091,70.71,high
37153971000,153,67,0,0.0,0.71,67,6,0.08955223880597014,3.54,67,2,0.029850746268656716,21.21,17,0,0.0,707.11,12,0,0.0,70.71,high
37153971100,153,128,0,0.0,3.54,128,3,0.0234375,3.54,128,5,0.0390625,21.21,94,4,0.0425531914893617,1000.0,94,7,0.07446808510638298,70.71,high
37155960101,155,5,0,0.0,0.71,5,0,0.0,3.54,5,2,0.4,21.21,3,0,0.0,3700.0,2,1,0.5,645.0,low
37155960102,155,11,0,0.0,0.71,11,0,0.0,3.54,11,0,0.0,21.21,3,0,0.0,707.11,4,2,0.5,295.0,medium
37155960201,155,18,0,0.0,3.54,18,0,0.0,3.54,18,2,0.1111111111111111,21.21,10,0,0.0,707.11,14,8,0.5714285714285714,550.0,medium
37155960202,155,10,0,0.0,0.71,10,0,0.0,3.54,10,1,0.1,21.21,3,0,0.0,1000.0,4,1,0.25,105.36,medium
37155960300,155,12,0,0.0,3.54,12,1,0.08333333333333333,3.54,12,0,0.0,21.21,3,0,0.0,3200.0,9,3,0.3333333333333333,150.0,medium
37155960401,155,15,0,0.0,3.54,15,0,0.0,3.54,15,1,0.06666666666666667,21.21,5,1,0.2,3820.0,8,4,0.5,410.36,medium
37155960402,155,9,0,0.0,3.54,9,1,0.1111111111111111,3.54,9,2,0.2222222222222222,21.21,5,1,0.2,7900.0,6,1,0.16666666666666666,105.36,low
37155960501,155,5,0,0.0,0.71,5,0,0.0,3.54,5,0,0.0,21.21,1,0,0.0,707.11,2,1,0.5,1935.0,low
37155960502,155,2,0,0.0,0.71,2,0,0.0,3.54,2,0,0.0,21.21,0,0,,,0,0,,,low
37155960503,155,3,0,0.0,0.71,3,0,0.0,3.54,3,1,0.3333333333333333,21.21,0,0,,,0,0,,,low
37155960600,155,10,0,0.0,3.54,11,0,0.0,3.54,10,0,0.0,21.21,3,0,0.0,2000.0,7,3,0.42857142857142855,70.71,medium
37155960701,155,5,0,0.0,3.54,5,0,0.0,3.54,5,0,0.0,21.21,3,1,0.3333333333333333,707.11,5,1,0.2,120.0,low
37155960702,155,1,0,0.0,7.07,2,1,0.5,29.77,1,0,0.0,21.21,0,0,,,1,1,1.0,310.0,low
37155960802,155,2,0,0.0,7.07,2,0,0.0,3.54,2,0,0.0,21.21,0,0,,,0,0,,,low
37155960900,155,0,0,,,1,0,0.0,3.54,0,0,,,0,0,,,1,0,0.0,70.71,none
37155961000,155,1,0,0.0,0.71,1,0,0.0,3.54,1,0,0.0,21.21,0,0,,,0,0,,,low
37155961100,155,4,0,0.0,3.54,4,2,0.5,17.77,4,0,0.0,21.21,3,0,0.0,707.11,4,3,0.75,1080.0,low
37155961301,155,3,0,0.0,3.54,3,0,0.0,3.54,3,0,0.0,21.21,3,0,0.0,707.11,3,2,0.6666666666666666,1200.0,low
37155961302,155,4,0,0.0,3.54,4,0,0.0,3.54,4,0,0.0,21.21,0,0,,,3,3,1.0,1100.0,low
37155961400,155,7,0,0.0,0.71,7,0,0.0,3.54,7,1,0.14285714285714285,21.21,1,0,0.0,707.11,3,2,0.6666666666666666,410.0,low
37155961500,155,4,0,0.0,2.12,4,0,0.0,3.54,7,1,0.14285714285714285,21.21,1,0,0.0,707.11,5,1,0.2,70.71,low
37155961601,155,9,0,0.0,3.54,9,0,0.0,3.54,9,0,0.0,21.21,2,0,0.0,707.11,5,2,0.4,170.0,low
37155961602,155,5,0,0.0,3.54,5,0,0.0,3.54,5,1,0.2,21.21,1,0,0.0,8600.0,2,1,0.5,1335.0,low
37155961700,155,3,0,0.0,3.54,3,0,0.0,3.54,3,1,0.3333333333333333,21.21,0,0,,,2,2,1.0,1135.0,low
37155961801,155,12,0,0.0,1.35,12,0,0.0,3.54,12,1,0.08333333333333333,21.21,2,0,0.0,2103.55,4,4,1.0,2000.0,medium
37155961802,155,12,0,0.0,3.54,12,0,0.0,3.54,12,3,0.25,21.21,4,0,0.0,707.11,6,3,0.5,355.0,medium
37155961900,155,11,0,0.0,3.54,11,0,0.0,3.54,15,0,0.0,21.21,2,0,0.0,707.11,9,5,0.5555555555555556,600.0,medium
37155962001,155,7,0,0.0,3.54,7,0,0.0,3.54,7,1,0.14285714285714285,21.21,1,0,0.0,2600.0,4,2,0.5,210.36,low
37155962002,155,5,0,0.0,3.54,5,1,0.2,3.54,5,0,0.0,21.21,2,0,0.0,928.55,4,0,0.0,95.36,low
37157040101,157,54,2,0.037037037037037035,3.54,54,2,0.037037037037037035,3.54,54,16,0.2962962962962963,21.21,45,0,0.0,1300.0,32,16,0.5,285.0,high
37157040102,157,50,2,0.04,3.54,50,0,0.0,3.54,50,20,0.4,25.61,28,0,0.0,707.11,24,7,0.2916666666666667,120.0,high
37157040200,157,5,0,0.0,3.54,5,0,0.0,3.54,5,1,0.2,21.21,2,0,0.0,707.11,3,1,0.3333333333333333,70.71,low
37157040300,157,8,0,0.0,3.54,8,0,0.0,3.54,8,1,0.125,21.21,4,0,0.0,707.11,8,1,0.125,70.71,low
37157040400,157,15,0,0.0,3.54,15,1,0.06666666666666667,3.54,15,4,0.26666666666666666,21.21,10,0,0.0,707.11,10,3,0.3,130.0,medium
37157040501,157,7,0,0.0,0.71,7,1,0.14285714285714285,3.54,7,2,0.2857142857142857,21.21,2,0,0.0,1500.0,2,0,0.0,105.36,low
37157040502,157,3,0,0.0,0.71,3,0,0.0,3.54,3,0,0.0,21.21,8,0,0.0,707.11,0,0,,,low
37157040601,157,46,0,0.0,3.54,46,3,0.06521739130434782,3.54,46,21,0.45652173913043476,40.0,38,0,0.0,707.11,30,7,0.23333333333333334,135.0,high
37157040602,157,41,3,0.07317073170731707,3.54,41,0,0.0,3.54,41,12,0.2926829268292683,21.21,17,0,0.0,707.11,25,1,0.04,70.71,high
37157040700,157,62,1,0.016129032258064516,3.54,62,2,0.03225806451612903,3.54,62,27,0.43548387096774194,21.21,31,0,0.0,707.11,34,10,0.29411764705882354,70.71,high
37157040800,157,2,0,0.0,3.54,2,0,0.0,3.54,2,1,0.5,125.61,2,0,0.0,707.11,2,1,0.5,5035.36,low
37157040900,157,23,1,0.043478260869565216,3.54,23,0,0.0,3.54,23,6,0.2608695652173913,21.21,14,0,0.0,707.11,19,0,0.0,70.71,medium
37157041001,157,115,7,0.06086956521739131,3.54,115,2,0.017391304347826087,3.54,115,26,0.22608695652173913,21.21,82,0,0.0,707.11,87,27,0.3103448275862069,100.0,high
37157041002,157,144,4,0.027777777777777776,3.54,144,2,0.013888888888888888,3.54,144,38,0.2638888888888889,21.21,84,0,0.0,707.11,104,28,0.2692307692307692,70.71,high
37157041100,157,60,2,0.03333333333333333,3.54,60,0,0.0,3.54,60,8,0.13333333333333333,21.21,32,0,0.0,707.11,35,3,0.08571428571428572,70.71,high
37157041200,157,23,0,0.0,3.54,23,0,0.0,3.54,23,3,0.13043478260869565,21.21,19,0,0.0,3600.0,10,1,0.1,70.71,medium
37157041300,157,116,0,0.0,3.54,116,2,0.017241379310344827,3.54,116,20,0.1724137931034483,21.21,107,5,0.04672897196261682,1400.0,55,12,0.21818181818181817,70.71,high
37157041400,157,15,0,0.0,3.54,15,0,0.0,3.54,15,2,0.13333333333333333,21.21,9,0,0.0,707.11,12,1,0.08333333333333333,70.71,medium
37157041500,157,29,0,0.0,3.54,29,1,0.034482758620689655,3.54,29,2,0.06896551724137931,21.21,6,0,0.0,707.11,18,1,0.05555555555555555,70.71,medium
37157041601,157,71,3,0.04225352112676056,3.54,71,0,0.0,3.54,71,13,0.18309859154929578,21.21,50,1,0.02,707.11,41,10,0.24390243902439024,70.71,high
37157041602,157,97,0,0.0,3.54,97,3,0.030927835051546393,3.54,97,10,0.10309278350515463,21.21,55,3,0.05454545454545454,707.11,56,2,0.03571428571428571,70.71,high
37159050201,159,30,0,0.0,0.71,30,2,0.06666666666666667,3.54,30,13,0.43333333333333335,21.21,9,0,0.0,707.11,8,2,0.25,95.36,high
37159050202,159,14,0,0.0,3.54,14,0,0.0,3.54,14,1,0.07142857142857142,21.21,9,0,0.0,2300.0,8,1,0.125,70.71,medium
37159050300,159,3,0,0.0,3.54,3,0,0.0,3.54,3,0,0.0,30.0,2,0,0.0,2000.0,2,0,0.0,70.71,low
37159050400,159,2,0,0.0,2.12,2,1,0.5,15.77,2,1,0.5,570.61,1,0,0.0,1300.0,1,0,0.0,70.71,low
37159050500,159,5,0,0.0,2.0,5,1,0.2,3.54,5,3,0.6,90.0,0,0,,,1,1,1.0,9400.0,low
37159050700,159,8,1,0.125,3.54,8,2,0.25,3.54,8,0,0.0,21.21,1,0,0.0,2500.0,5,2,0.4,70.71,low
37159050800,159,15,0,0.0,3.54,15,0,0.0,3.54,15,6,0.4,21.21,6,0,0.0,707.11,8,2,0.25,70.71,medium
37159050901,159,211,1,0.004739336492890996,3.54,211,4,0.018957345971563982,3.54,211,46,0.21800947867298578,21.21,74,0,0.0,707.11,114,25,0.21929824561403508,70.71,high
37159050903,159,203,1,0.0049261083743842365,3.54,206,6,0.02912621359223301,3.54,206,54,0.2621359223300971,21.21,79,1,0.012658227848101266,707.11,105,15,0.14285714285714285,70.71,high
37159050904,159,121,15,0.12396694214876033,3.54,121,3,0.024793388429752067,3.54,121,54,0.4462809917355372,21.21,36,1,0.027777777777777776,707.11,62,21,0.3387096774193548,90.36,high
37159051001,159,184,4,0.021739130434782608,3.54,184,5,0.02717391304347826,3.54,184,24,0.13043478260869565,21.21,73,1,0.0136986301369863,1100.0,85,10,0.11764705882352941,70.71,high
37159051002,159,99,0,0.0,3.54,99,8,0.08080808080808081,3.54,99,22,0.2222222222222222,21.21,35,0,0.0,1400.0,46,12,0.2608695652173913,70.71,high
37159051101,159,196,0,0.0,3.54,196,4,0.02040816326530612,3.54,196,39,0.1989795918367347,21.21,84,0,0.0,707.11,93,11,0.11827956989247312,70.71,high
37159051102,159,98,0,0.0,3.54,98,4,0.04081632653061224,3.54,98,13,0.1326530612244898,21.21,34,0,0.0,707.11,46,7,0.15217391304347827,70.71,high
37159051201,159,69,0,0.0,3.54,69,4,0.057971014492753624,3.54,69,2,0.028985507246376812,21.21,16,0,0.0,707.11,19,2,0.10526315789473684,70.71,high
37159051202,159,100,0,0.0,0.71,100,0,0.0,3.54,100,7,0.07,21.21,16,0,0.0,707.11,29,4,0.13793103448275862,70.71,high
37159051204,159,25,0,0.0,0.71,25,1,0.04,3.54,25,1,0.04,21.21,5,0,0.0,1200.0,8,1,0.125,70.71,medium
37159051301,159,71,1,0.014084507042253521,3.54,72,2,0.027777777777777776,3.54,71,9,0.1267605633802817,21.21,20,0,0.0,707.11,39,5,0.1282051282051282,70.71,high
37159051302,159,99,0,0.0,3.54,99,2,0.020202020202020204,3.54,99,7,0.0707070707070707,21.21,34,0,0.0,1400.0,52,5,0.09615384615384616,70.71,high
37159051303,159,42,1,0.023809523809523808,0.71,42,2,0.047619047619047616,3.54,42,3,0.07142857142857142,21.21,10,0,0.0,2100.0,13,0,0.0,70.71,high
37159051400,159,79,0,0.0,3.54,79,0,0.0,3.54,79,21,0.26582278481012656,21.21,37,0,0.0,707.11,47,12,0.2553191489361702,70.71,high
37159051501,159,9,0,0.0,0.71,9,0,0.0,3.54,9,0,0.0,21.21,1,0,0.0,707.11,3,1,0.3333333333333333,70.71,low
37159051502,159,57,0,0.0,3.54,57,1,0.017543859649122806,3.54,57,10,0.17543859649122806,21.21,38,0,0.0,2600.0,37,5,0.13513513513513514,70.71,high
37159051600,159,43,0,0.0,0.71,43,0,0.0,3.54,44,7,0.1590909090909091,21.21,15,0,0.0,1700.0,14,2,0.14285714285714285,70.71,high
37159051700,159,95,0,0.0,3.54,95,1,0.010526315789473684,3.54,95,12,0.12631578947368421,21.21,30,1,0.03333333333333333,707.11,37,3,0.08108108108108109,70.71,high
37159051801,159,97,0,0.0,3.54,97,1,0.010309278350515464,3.54,97,31,0.31958762886597936,21.21,49,0,0.0,707.11,59,14,0.23728813559322035,70.71,high
37159051802,159,162,0,0.0,3.54,162,3,0.018518518518518517,3.54,162,14,0.08641975308641975,21.21,76,0,0.0,1300.0,90,15,0.16666666666666666,70.71,high
37159051901,159,116,0,0.0,3.54,116,2,0.017241379310344827,3.54,116,7,0.0603448275862069,21.21,48,0,0.0,707.11,59,7,0.11864406779661017,70.71,high
37159051902,159,115,0,0.0,3.54,115,3,0.02608695652173913,3.54,116,7,0.0603448275862069,21.21,65,3,0.046153846153846156,707.11,64,7,0.109375,70.71,high
37159052000,159,6,0,0.0,0.71,6,0,0.0,3.54,6,1,0.16666666666666666,21.21,1,0,0.0,1400.0,1,0,0.0,290.0,low
37161960100,161,151,3,0.019867549668874173,3.54,151,2,0.013245033112582781,3.54,151,26,0.17218543046357615,21.21,106,1,0.009433962264150943,707.11,114,31,0.2719298245614035,70.71,high
37161960200,161,218,0,0.0,3.54,218,5,0.022935779816513763,3.54,218,39,0.17889908256880735,21.21,168,0,0.0,707.11,181,37,0.20441988950276244,70.71,high
37161960300,161,144,1,0.006944444444444444,3.54,144,2,0.013888888888888888,3.54,144,41,0.2847222222222222,21.21,106,0,0.0,707.11,120,46,0.38333333333333336,120.0,high
37161960400,161,41,0,0.0,3.54,41,1,0.024390243902439025,3.54,41,3,0.07317073170731707,21.21,16,0,0.0,707.11,20,5,0.25,120.0,high
37161960500,161,40,0,0.0,3.54,40,1,0.025,3.54,40,3,0.075,21.21,22,0,0.0,707.11,27,1,0.037037037037037035,70.71,high
37161960600,161,15,0,0.0,2.5,15,0,0.0,3.54,15,2,0.13333333333333333,21.21,6,0,0.0,707.11,7,1,0.14285714285714285,190.0,medium
37161960700,161,13,1,0.07692307692307693,3.54,13,0,0.0,3.54,14,2,0.14285714285714285,21.21,4,0,0.0,707.11,8,2,0.25,70.71,medium
37161960800,161,5,0,0.0,3.54,5,0,0.0,3.54,5,1,0.2,21.21,1,0,0.0,707.11,3,0,0.0,70.71,low
37161960900,161,10,0,0.0,3.54,10,0,0.0,3.54,10,0,0.0,21.21,8,0,0.0,903.55,6,1,0.16666666666666666,140.0,medium
37161961000,161,48,0,0.0,3.54,48,1,0.020833333333333332,3.54,48,10,0.20833333333333334,21.21,28,0,0.0,707.11,30,8,0.26666666666666666,70.71,high
37161961101,161,22,1,0.045454545454545456,3.54,22,1,0.045454545454545456,3.54,22,10,0.45454545454545453,40.0,12,0,0.0,1098.55,14,6,0.42857142857142855,140.36,medium
37161961102,161,21,0,0.0,3.54,21,2,0.09523809523809523,3.54,21,13,0.6190476190476191,70.0,8,2,0.25,707.11,13,6,0.46153846153846156,150.0,medium
37161961200,161,56,2,0.03571428571428571,3.54,56,3,0.05357142857142857,3.54,56,15,0.26785714285714285,21.21,37,0,0.0,707.11,44,15,0.3409090909090909,70.71,high
37163970100,163,216,1,0.004629629629629629,3.54,216,1,0.004629629629629629,3.54,216,59,0.27314814814814814,21.21,104,1,0.009615384615384616,707.11,138,77,0.5579710144927537,410.0,high
37163970200,163,188,0,0.0,3.54,188,7,0.03723404255319149,3.54,188,20,0.10638297872340426,21.21,67,6,0.08955223880597014,707.11,112,40,0.35714285714285715,120.0,high
37163970301,163,78,0,0.0,3.54,78,2,0.02564102564102564,3.54,78,18,0.23076923076923078,21.21,34,3,0.08823529411764706,4315.0,44,7,0.1590909090909091,70.71,high
37163970302,163,127,0,0.0,3.54,127,6,0.047244094488188976,3.54,127,11,0.08661417322834646,21.21,46,5,0.10869565217391304,2000.0,77,35,0.45454545454545453,280.0,high
37163970400,163,143,1,0.006993006993006993,3.54,143,5,0.03496503496503497,3.54,143,14,0.0979020979020979,21.21,67,1,0.014925373134328358,1900.0,80,24,0.3,115.0,high
37163970500,163,131,0,0.0,3.54,131,3,0.022900763358778626,3.54,135,19,0.14074074074074075,21.21,68,14,0.20588235294117646,4500.0,81,20,0.24691358024691357,70.71,high
37163970600,163,26,0,0.0,0.71,26,1,0.038461538461538464,3.54,26,7,0.2692307692307692,21.21,8,0,0.0,707.11,10,7,0.7,785.0,medium
37163970700,163,48,0,0.0,3.54,48,0,0.0,3.54,48,15,0.3125,25.61,22,0,0.0,707.11,26,19,0.7307692307692307,1350.0,high
37163970800,163,121,0,0.0,3.54,121,2,0.01652892561983471,3.54,122,51,0.4180327868852459,35.5,32,2,0.0625,707.11,48,29,0.6041666666666666,475.0,high
37163970900,163,122,0,0.0,3.54,122,3,0.02459016393442623,3.54,122,27,0.22131147540983606,21.21,63,3,0.047619047619047616,707.11,74,41,0.5540540540540541,380.0,high
37163971000,163,201,0,0.0,3.54,201,4,0.01990049751243781,3.54,201,78,0.3880597014925373,21.21,91,8,0.08791208791208792,707.11,105,43,0.4095238095238095,180.0,high
37165010101,165,24,0,0.0,3.54,24,3,0.125,3.54,24,4,0.16666666666666666,21.21,4,0,0.0,707.11,9,4,0.4444444444444444,70.71,medium
37165010102,165,23,0,0.0,3.54,23,0,0.0,3.54,23,0,0.0,21.21,8,0,0.0,707.11,12,5,0.4166666666666667,115.0,medium
37165010200,165,4,0,0.0,3.54,4,0,0.0,3.54,4,1,0.25,30.61,3,0,0.0,707.11,4,2,0.5,870.0,low
37165010300,165,3,0,0.0,3.54,3,0,0.0,6.0,3,0,0.0,21.21,2,0,0.0,1603.55,2,1,0.5,320.36,low
37165010400,165,47,0,0.0,3.54,47,1,0.02127659574468085,3.54,47,6,0.1276595744680851,21.21,24,2,0.08333333333333333,1545.0,35,11,0.3142857142857143,150.0,high
37165010500,165,64,0,0.0,3.54,64,7,0.109375,3.54,64,3,0.046875,21.21,30,1,0.03333333333333333,1800.0,40,4,0.1,70.71,high
37165010600,165,103,0,0.0,3.54,101,5,0.04950495049504951,3.54,101,6,0.0594059405940594,21.21,59,0,0.0,707.11,71,8,0.11267605633802817,70.71,high
37167930101,167,82,4,0.04878048780487805,3.54,82,2,0.024390243902439025,3.54,82,37,0.45121951219512196,21.21,40,1,0.025,707.11,48,14,0.2916666666666667,90.36,high
37167930102,167,81,11,0.13580246913580246,3.54,81,3,0.037037037037037035,3.54,81,12,0.14814814814814814,21.21,41,1,0.024390243902439025,707.11,51,6,0.11764705882352941,70.71,high
37167930200,167,161,56,0.34782608695652173,5.0,155,3,0.01935483870967742,3.54,155,48,0.3096774193548387,21.21,40,0,0.0,707.11,47,15,0.3191489361702128,70.71,high
37167930300,167,26,0,0.0,3.54,25,1,0.04,3.54,25,12,0.48,39.0,9,0,0.0,707.11,13,4,0.3076923076923077,120.0,medium
37167930500,167,56,7,0.125,3.54,56,2,0.03571428571428571,3.54,56,8,0.14285714285714285,21.21,25,4,0.16,1500.0,33,6,0.18181818181818182,70.71,high
37167930700,167,146,7,0.04794520547945205,3.54,146,1,0.00684931506849315,3.54,146,51,0.3493150684931507,21.21,79,1,0.012658227848101266,707.11,93,15,0.16129032258064516,70.71,high
37167930801,167,43,1,0.023255813953488372,3.54,43,0,0.0,3.54,43,15,0.3488372093023256,21.21,26,0,0.0,707.11,33,6,0.18181818181818182,70.71,high
37167930802,167,149,15,0.10067114093959731,3.54,149,2,0.013422818791946308,3.54,149,86,0.5771812080536913,67.0,59,0,0.0,707.11,70,24,0.34285714285714286,70.71,high
37167930900,167,124,12,0.0967741935483871,3.54,124,2,0.016129032258064516,3.54,124,71,0.5725806451612904,105.0,69,0,0.0,707.11,97,34,0.35051546391752575,120.0,high
37167931000,167,198,67,0.3383838383838384,3.54,178,5,0.028089887640449437,3.54,177,72,0.4067796610169492,21.21,51,0,0.0,707.11,60,19,0.31666666666666665,160.0,high
37167931100,167,178,49,0.2752808988764045,3.54,166,3,0.018072289156626505,3.54,158,19,0.12025316455696203,21.21,27,1,0.037037037037037035,1400.0,39,3,0.07692307692307693,70.71,high
37167931201,167,2,0,0.0,3.54,2,0,0.0,3.54,2,2,1.0,570.0,1,0,0.0,707.11,2,2,1.0,1025.0,low
37167931202,167,32,1,0.03125,3.54,32,0,0.0,3.54,32,18,0.5625,70.0,14,0,0.0,707.11,19,7,0.3684210526315789,100.0,high
37169070100,169,221,0,0.0,3.54,221,5,0.02262443438914027,3.54,221,62,0.28054298642533937,21.21,156,0,0.0,707.11,184,48,0.2608695652173913,70.71,high
37169070200,169,124,0,0.0,3.54,124,6,0.04838709677419355,3.54,124,56,0.45161290322580644,40.0,74,0,0.0,707.11,102,40,0.39215686274509803,170.0,high
37169070300,169,190,0,0.0,3.54,190,4,0.021052631578947368,3.54,190,63,0.33157894736842103,21.21,131,0,0.0,707.11,150,51,0.34,115.0,high
37169070400,169,153,0,0.0,3.54,153,4,0.026143790849673203,3.54,153,60,0.39215686274509803,21.21,114,0,0.0,707.11,128,41,0.3203125,140.0,high
37169070501,169,17,0,0.0,3.54,17,1,0.058823529411764705,3.54,17,6,0.35294117647058826,21.21,7,0,0.0,1700.0,10,3,0.3,130.36,medium
37169070503,169,9,0,0.0,3.54,9,1,0.1111111111111111,3.54,9,5,0.5555555555555556,50.0,5,0,0.0,707.11,5,1,0.2,180.0,low
37169070504,169,36,0,0.0,3.54,37,2,0.05405405405405406,3.54,36,13,0.3611111111111111,30.0,25,0,0.0,707.11,32,10,0.3125,70.71,high
37169070600,169,129,2,0.015503875968992248,3.54,129,3,0.023255813953488372,3.54,129,58,0.4496124031007752,30.0,82,0,0.0,707.11,100,36,0.36,120.0,high
37169070700,169,94,0,0.0,3.54,94,1,0.010638297872340425,3.54,94,16,0.1702127659574468,21.21,59,1,0.01694915254237288,707.11,71,10,0.14084507042253522,70.71,high
37171930101,171,26,0,0.0,3.54,26,0,0.0,3.54,26,11,0.4230769230769231,25.61,17,0,0.0,707.11,18,4,0.2222222222222222,145.0,medium
37171930102,171,117,0,0.0,3.54,117,5,0.042735042735042736,3.54,117,44,0.37606837606837606,21.21,50,0,0.0,707.11,60,21,0.35,115.0,high
37171930201,171,34,0,0.0,3.54,34,1,0.029411764705882353,3.54,34,10,0.29411764705882354,21.21,10,0,0.0,853.55,15,7,0.4666666666666667,150.0,high
37171930202,171,46,0,0.0,3.54,46,1,0.021739130434782608,3.54,46,20,0.43478260869565216,25.61,14,0,0.0,707.11,18,8,0.4444444444444444,185.0,high
37171930301,171,21,0,0.0,3.54,21,0,0.0,3.54,21,5,0.23809523809523808,21.21,7,0,0.0,707.11,9,3,0.3333333333333333,180.0,medium
37171930302,171,5,0,0.0,7.07,5,0,0.0,3.54,5,1,0.2,21.21,0,0,,,0,0,,,low
37171930400,171,3,0,0.0,0.71,3,0,0.0,3.54,3,0,0.0,21.21,0,0,,,0,0,,,low
37171930501,171,42,0,0.0,0.71,42,1,0.023809523809523808,3.54,42,6,0.14285714285714285,21.21,7,0,0.0,707.11,11,2,0.18181818181818182,70.71,high
37171930502,171,21,0,0.0,0.71,21,1,0.047619047619047616,3.54,21,3,0.14285714285714285,21.21,3,0,0.0,707.11,4,0,0.0,70.71,medium
37171930600,171,56,0,0.0,1.6,56,5,0.08928571428571429,3.54,56,15,0.26785714285714285,21.21,12,1,0.08333333333333333,707.11,21,11,0.5238095238095238,400.0,high
37171930700,171,61,0,0.0,3.54,61,1,0.01639344262295082,3.54,61,9,0.14754098360655737,21.21,16,0,0.0,707.11,26,3,0.11538461538461539,70.71,high
37171930801,171,94,0,0.0,3.54,94,3,0.031914893617021274,3.54,94,12,0.1276595744680851,21.21,40,0,0.0,707.11,51,8,0.1568627450980392,70.71,high
37171930802,171,128,0,0.0,3.54,128,7,0.0546875,3.54,128,73,0.5703125,68.0,65,0,0.0,707.11,86,38,0.4418604651162791,195.0,high
37171930901,171,27,0,0.0,3.54,27,1,0.037037037037037035,3.54,27,7,0.25925925925925924,21.21,9,0,0.0,707.11,15,4,0.26666666666666666,70.71,medium
37171930902,171,30,0,0.0,3.54,30,2,0.06666666666666667,3.54,30,6,0.2,21.21,10,0,0.0,707.11,13,2,0.15384615384615385,70.71,high
37171931001,171,36,0,0.0,0.71,36,2,0.05555555555555555,3.54,36,14,0.3888888888888889,21.21,7,0,0.0,707.11,9,4,0.4444444444444444,70.71,high
37171931002,171,63,0,0.0,3.54,63,2,0.031746031746031744,3.54,63,26,0.4126984126984127,40.0,21,0,0.0,707.11,33,16,0.48484848484848486,290.0,high
37171931003,171,73,2,0.0273972602739726,3.54,73,5,0.0684931506849315,3.54,73,17,0.2328767123287671,21.21,27,0,0.0,707.11,45,20,0.4444444444444444,200.0,high
37171931101,171,64,0,0.0,3.54,64,0,0.0,3.54,64,22,0.34375,21.21,35,1,0.02857142857142857,707.11,38,19,0.5,265.0,high
37171931102,171,98,0,0.0,3.54,98,3,0.030612244897959183,3.54,98,31,0.3163265306122449,21.21,47,0,0.0,707.11,56,21,0.375,125.0,high
37171931103,171,41,0,0.0,3.54,41,2,0.04878048780487805,3.54,41,10,0.24390243902439024,21.21,20,1,0.05,707.11,25,6,0.24,70.71,high
37171931200,171,85,0,0.0,3.54,85,7,0.08235294117647059,3.54,85,40,0.47058823529411764,40.0,26,0,0.0,707.11,41,20,0.4878048780487805,270.0,high
37173940100,173,17,0,0.0,3.54,17,1,0.058823529411764705,3.54,17,1,0.058823529411764705,21.21,9,0,0.0,707.11,10,3,0.3,70.71,medium
37173960200,173,71,0,0.0,3.54,71,1,0.014084507042253521,3.54,71,8,0.11267605633802817,21.21,21,0,0.0,707.11,34,13,0.38235294117647056,110.0,high
37173960301,173,256,0,0.0,3.54,264,2,0.007575757575757576,3.54,256,39,0.15234375,21.21,86,0,0.0,707.11,145,44,0.30344827586206896,70.71,high
37173960302,173,152,1,0.006578947368421052,3.54,152,5,0.03289473684210526,3.54,152,12,0.07894736842105263,21.21,57,0,0.0,707.11,85,25,0.29411764705882354,70.71,high
37173980200,173,4,0,0.0,3.54,4,0,0.0,3.54,4,0,0.0,21.21,2,0,0.0,707.11,4,0,0.0,70.71,low
37175960100,175,66,2,0.030303030303030304,3.54,66,1,0.015151515151515152,3.54,66,10,0.15151515151515152,21.21,50,0,0.0,707.11,49,9,0.1836734693877551,70.71,high
37175960200,175,42,1,0.023809523809523808,3.54,42,1,0.023809523809523808,3.54,42,8,0.19047619047619047,21.21,19,0,0.0,707.11,23,4,0.17391304347826086,70.71,high
37175960300,175,62,0,0.0,3.54,62,4,0.06451612903225806,3.54,64,8,0.125,21.21,41,0,0.0,707.11,37,5,0.13513513513513514,70.71,high
37175960401,175,134,0,0.0,3.54,134,0,0.0,3.54,134,11,0.08208955223880597,21.21,79,0,0.0,707.11,86,9,0.10465116279069768,70.71,high
37175960402,175,95,0,0.0,3.54,95,1,0.010526315789473684,3.54,96,7,0.07291666666666667,21.21,63,0,0.0,707.11,76,11,0.14473684210526316,70.71,high
37175960500,175,104,11,0.10576923076923077,3.54,104,8,0.07692307692307693,3.54,104,15,0.14423076923076922,21.21,60,0,0.0,707.11,63,12,0.19047619047619047,70.71,high
37175960600,175,77,0,0.0,3.54,77,0,0.0,3.54,77,9,0.11688311688311688,21.21,40,0,0.0,707.11,47,9,0.19148936170212766,70.71,high
37177960100,177,29,0,0.0,3.54,29,5,0.1724137931034483,3.54,29,12,0.41379310344827586,35.0,15,0,0.0,707.11,27,17,0.6296296296296297,552.0,medium
37179020100,179,541,199,0.3678373382624769,3.54,539,11,0.02040816326530612,3.54,540,254,0.4703703703703704,21.21,129,3,0.023255813953488372,707.11,212,63,0.2971698113207547,70.71,high
37179020202,179,182,102,0.5604395604395604,13.0,182,6,0.03296703296703297,3.54,182,75,0.41208791208791207,21.21,63,2,0.031746031746031744,707.11,90,10,0.1111111111111111,70.71,high
37179020203,179,105,20,0.19047619047619047,3.54,103,2,0.019417475728155338,3.54,103,54,0.5242718446601942,60.0,21,0,0.0,707.11,42,13,0.30952380952380953,70.71,high
37179020204,179,389,160,0.41131105398457585,3.54,388,9,0.023195876288659795,3.54,387,175,0.45219638242894056,21.21,121,2,0.01652892561983471,707.11,176,68,0.38636363636363635,110.0,high
37179020305,179,22,3,0.13636363636363635,3.54,21,1,0.047619047619047616,3.54,21,13,0.6190476190476191,310.0,8,0,0.0,707.11,9,2,0.2222222222222222,70.71,medium
37179020306,179,73,7,0.0958904109589041,3.54,73,1,0.0136986301369863,3.54,73,17,0.2328767123287671,21.21,66,0,0.0,707.11,68,11,0.16176470588235295,70.71,high
37179020307,179,42,10,0.23809523809523808,3.54,42,1,0.023809523809523808,3.54,42,11,0.2619047619047619,21.21,9,0,0.0,707.11,15,1,0.06666666666666667,70.71,high
37179020308,179,33,5,0.15151515151515152,3.54,33,0,0.0,3.54,33,12,0.36363636363636365,21.21,7,0,0.0,707.11,16,4,0.25,95.36,high
37179020309,179,19,2,0.10526315789473684,3.0,19,0,0.0,3.54,19,12,0.631578947368421,290.0,2,0,0.0,707.11,5,3,0.6,350.0,medium
37179020310,179,6,0,0.0,1.35,6,0,0.0,3.54,6,3,0.5,35.61,0,0,,,2,0,0.0,135.36,low
37179020311,179,16,1,0.0625,3.54,16,0,0.0,3.54,16,9,0.5625,75.0,6,0,0.0,707.11,7,1,0.14285714285714285,70.71,medium
37179020312,179,21,6,0.2857142857142857,3.54,21,0,0.0,3.54,21,10,0.47619047619047616,40.0,8,0,0.0,1303.55,8,4,0.5,275.0,medium
37179020313,179,6,1,0.16666666666666666,3.54,6,0,0.0,3.54,6,1,0.16666666666666666,21.21,1,0,0.0,707.11,2,1,0.5,500.0,low
37179020314,179,20,2,0.1,3.54,20,0,0.0,3.54,20,3,0.15,21.21,6,0,0.0,707.11,11,3,0.2727272727272727,70.71,medium
37179020315,179,64,4,0.0625,0.71,64,2,0.03125,3.54,64,17,0.265625,21.21,10,0,0.0,707.11,20,3,0.15,70.71,high
37179020316,179,36,21,0.5833333333333334,11.0,36,0,0.0,3.54,36,4,0.1111111111111111,21.21,7,0,0.0,707.11,13,1,0.07692307692307693,70.71,high
37179020317,179,9,5,0.5555555555555556,12.0,9,0,0.0,3.54,9,4,0.4444444444444444,30.0,4,0,0.0,707.11,4,1,0.25,70.71,low
37179020401,179,53,10,0.18867924528301888,3.54,53,1,0.018867924528301886,3.54,53,29,0.5471698113207547,80.0,22,0,0.0,707.11,31,12,0.3870967741935484,160.0,high
37179020403,179,30,19,0.6333333333333333,15.0,30,1,0.03333333333333333,3.54,30,12,0.4,40.0,6,0,0.0,707.11,10,2,0.2,70.71,high
37179020404,179,16,4,0.25,3.02,16,0,0.0,3.54,16,8,0.5,35.61,1,0,0.0,707.11,6,1,0.16666666666666666,70.71,medium
37179020501,179,27,12,0.4444444444444444,7.0,27,1,0.037037037037037035,3.54,27,8,0.2962962962962963,21.21,9,0,0.0,1700.0,11,3,0.2727272727272727,70.71,medium
37179020502,179,52,8,0.15384615384615385,3.77,52,2,0.038461538461538464,3.54,52,18,0.34615384615384615,21.21,9,1,0.1111111111111111,707.11,17,2,0.11764705882352941,70.71,high
37179020601,179,47,21,0.44680851063829785,7.0,47,1,0.02127659574468085,3.54,47,18,0.3829787234042553,21.21,14,1,0.07142857142857142,707.11,20,5,0.25,70.71,high
37179020602,179,93,25,0.26881720430107525,3.54,92,2,0.021739130434782608,3.54,92,23,0.25,21.21,18,0,0.0,973.55,36,5,0.1388888888888889,70.71,high
37179020701,179,84,39,0.4642857142857143,9.0,84,2,0.023809523809523808,3.54,84,23,0.27380952380952384,21.21,18,1,0.05555555555555555,953.55,29,4,0.13793103448275862,70.71,high
37179020702,179,139,53,0.381294964028777,5.0,139,2,0.014388489208633094,3.54,139,46,0.33093525179856115,21.21,43,0,0.0,707.11,68,9,0.1323529411764706,70.71,high
37179020800,179,160,58,0.3625,3.54,159,6,0.03773584905660377,3.54,159,102,0.6415094339622641,170.0,47,2,0.0425531914893617,707.11,82,30,0.36585365853658536,165.0,high
37179020901,179,280,93,0.33214285714285713,4.0,276,8,0.028985507246376812,3.54,275,107,0.3890909090909091,21.21,63,0,0.0,707.11,121,24,0.19834710743801653,70.71,high
37179020902,179,261,25,0.09578544061302682,3.54,261,8,0.03065134099616858,3.54,261,85,0.32567049808429116,21.21,101,1,0.009900990099009901,707.11,156,32,0.20512820512820512,70.71,high
37179021004,179,254,17,0.06692913385826772,3.54,252,4,0.015873015873015872,3.54,252,70,0.2777777777777778,21.21,122,0,0.0,707.11,149,38,0.2550335570469799,70.71,high
37179021005,179,170,22,0.12941176470588237,3.54,170,1,0.0058823529411764705,3.54,169,45,0.26627218934911245,21.21,83,5,0.060240963855421686,707.11,98,15,0.15306122448979592,70.71,high
37179021006,179,88,0,0.0,1.35,88,0,0.0,3.54,88,20,0.22727272727272727,21.21,20,0,0.0,707.11,32,5,0.15625,70.71,high
37179021007,179,217,0,0.0,3.54,217,2,0.009216589861751152,3.54,217,37,0.17050691244239632,21.21,96,1,0.010416666666666666,707.11,109,18,0.1651376146788991,70.71,high
37179021008,179,184,12,0.06521739130434782,3.54,184,4,0.021739130434782608,3.54,184,43,0.23369565217391305,21.21,41,1,0.024390243902439025,707.11,64,11,0.171875,70.71,high
37179021009,179,14,0,0.0,3.54,14,0,0.0,3.54,14,3,0.21428571428571427,21.21,4,0,0.0,1353.55,4,1,0.25,70.71,medium
37179021010,179,525,3,0.005714285714285714,0.71,525,4,0.007619047619047619,3.54,525,59,0.11238095238095239,21.21,93,1,0.010752688172043012,707.11,201,20,0.09950248756218906,70.71,high
37179021011,179,203,16,0.07881773399014778,3.54,203,0,0.0,3.54,202,35,0.17326732673267325,21.21,44,0,0.0,707.11,91,7,0.07692307692307693,70.71,high
37179021012,179,98,8,0.08163265306122448,3.54,98,2,0.02040816326530612,3.54,98,15,0.15306122448979592,21.21,16,0,0.0,707.11,36,1,0.027777777777777776,70.71,high
37179021013,179,30,2,0.06666666666666667,3.54,30,1,0.03333333333333333,3.54,30,4,0.13333333333333333,21.21,9,0,0.0,707.11,16,5,0.3125,70.71,high
37179021014,179,107,0,0.0,3.54,107,2,0.018691588785046728,3.54,107,10,0.09345794392523364,21.21,42,0,0.0,707.11,52,10,0.19230769230769232,70.71,high
37179021015,179,438,8,0.0182648401826484,3.54,438,12,0.0273972602739726,3.54,438,75,0.17123287671232876,21.21,161,0,0.0,707.11,214,35,0.16355140186915887,70.71,high
37181960100,181,65,0,0.0,3.54,65,1,0.015384615384615385,3.54,65,26,0.4,21.21,27,0,0.0,707.11,39,6,0.15384615384615385,70.71,high
37181960200,181,71,0,0.0,3.54,71,3,0.04225352112676056,3.54,71,24,0.3380281690140845,21.21,36,0,0.0,707.11,48,9,0.1875,70.71,high
37181960300,181,79,0,0.0,3.54,79,3,0.0379746835443038,3.54,79,20,0.25316455696202533,21.21,23,0,0.0,707.11,42,7,0.16666666666666666,70.71,high
37181960400,181,9,0,0.0,0.71,9,0,0.0,3.54,9,1,0.1111111111111111,21.21,2,0,0.0,1403.55,3,0,0.0,70.71,low
37181960500,181,11,0,0.0,3.54,11,0,0.0,3.54,11,4,0.36363636363636365,21.21,9,0,0.0,707.11,9,2,0.2222222222222222,70.71,medium
37181960600,181,1,0,0.0,7.07,1,0,0.0,3.54,1,0,0.0,21.21,0,0,,,0,0,,,low
37181960800,181,8,0,0.0,2.12,8,1,0.125,3.54,8,3,0.375,21.21,3,0,0.0,707.11,4,1,0.25,70.71,low
37181960900,181,75,0,0.0,3.54,75,5,0.06666666666666667,3.54,75,28,0.37333333333333335,21.21,27,0,0.0,707.11,36,16,0.4444444444444444,95.36,high
37181961000,181,68,0,0.0,3.54,68,0,0.0,3.54,68,18,0.2647058823529412,21.21,30,0,0.0,1200.0,47,9,0.19148936170212766,70.71,high
37183050100,183,34,0,0.0,3.54,34,3,0.08823529411764706,3.54,34,3,0.08823529411764706,21.21,2,0,0.0,707.11,14,4,0.2857142857142857,125.0,high
37183050400,183,3,0,0.0,0.71,3,0,0.0,3.54,3,0,0.0,21.21,0,0,,,0,0,,,low
37183050500,183,2,0,0.0,0.71,2,1,0.5,32.77,2,1,0.5,130.61,0,0,,,0,0,,,low
37183050700,183,4,0,0.0,0.71,4,0,0.0,3.54,4,0,0.0,21.21,0,0,,,0,0,,,low
37183050800,183,4,0,0.0,0.71,4,0,0.0,3.54,4,0,0.0,21.21,0,0,,,0,0,,,low
37183051000,183,1,0,0.0,7.07,1,0,0.0,3.54,1,0,0.0,21.21,0,0,,,0,0,,,low
37183051101,183,1,0,0.0,0.71,1,0,0.0,3.54,1,0,0.0,21.21,0,0,,,0,0,,,low
37183051102,183,1,0,0.0,0.71,1,0,0.0,3.54,1,0,0.0,21.21,0,0,,,0,0,,,low
37183051200,183,3,0,0.0,3.54,3,0,0.0,3.54,3,0,0.0,21.21,2,0,0.0,707.11,2,0,0.0,70.71,low
37183051400,183,1,0,0.0,3.54,1,0,0.0,3.54,1,1,1.0,70.0,0,0,,,1,0,0.0,70.71,low
37183051501,183,4,0,0.0,0.71,4,1,0.25,3.54,4,1,0.25,21.21,0,0,,,1,0,0.0,70.71,low
37183051502,183,7,0,0.0,0.71,7,0,0.0,3.54,7,1,0.14285714285714285,21.21,0,0,,,1,0,0.0,110.0,low
37183051600,183,9,0,0.0,7.07,9,0,0.0,3.54,9,2,0.2222222222222222,21.21,0,0,,,1,1,1.0,3100.0,low
37183051700,183,5,0,0.0,0.71,5,1,0.2,3.54,5,0,0.0,21.21,0,0,,,0,0,,,low
37183051800,183,13,0,0.0,0.71,13,0,0.0,3.54,13,1,0.07692307692307693,21.21,0,0,,,0,0,,,medium
37183051900,183,1,0,0.0,3.54,1,0,0.0,3.54,1,0,0.0,21.21,0,0,,,1,0,0.0,180.0,low
37183052001,183,9,0,0.0,3.54,13,0,0.0,3.54,9,0,0.0,21.21,0,0,,,4,0,0.0,70.71,low
37183052002,183,1,0,0.0,0.71,1,0,0.0,8.0,1,0,0.0,21.21,0,0,,,0,0,,,low
37183052101,183,3,0,0.0,0.71,4,0,0.0,3.54,3,0,0.0,21.21,0,0,,,0,0,,,low
37183052102,183,3,0,0.0,0.71,3,0,0.0,3.54,3,0,0.0,21.21,0,0,,,1,0,0.0,180.0,low
37183052301,183,4,0,0.0,3.54,4,0,0.0,3.54,5,2,0.4,21.21,0,0,,,3,1,0.3333333333333333,70.71,low
37183052302,183,1,0,0.0,0.71,1,0,0.0,3.54,1,0,0.0,21.21,0,0,,,0,0,,,low
37183052401,183,16,0,0.0,2.0,16,0,0.0,3.54,16,6,0.375,21.21,2,0,0.0,1053.55,6,1,0.16666666666666666,70.71,medium
37183052404,183,7,0,0.0,0.71,7,0,0.0,3.54,7,4,0.5714285714285714,150.0,0,0,,,0,0,,,low
37183052406,183,14,0,0.0,0.71,14,0,0.0,3.54,14,5,0.35714285714285715,21.21,0,0,,,1,0,0.0,70.71,medium
37183052407,183,1,0,0.0,0.71,1,0,0.0,3.54,1,0,0.0,21.21,0,0,,,0,0,,,low
37183052408,183,1,0,0.0,9.0,1,0,0.0,3.54,1,1,1.0,330.0,0,0,,,0,0,,,low
37183052503,183,34,0,0.0,3.54,36,1,0.027777777777777776,3.54,17,2,0.11764705882352941,21.21,0,0,,,5,0,0.0,70.71,high
37183052504,183,5,0,0.0,0.71,5,0,0.0,3.54,5,2,0.4,21.21,0,0,,,0,0,,,low
37183052505,183,7,0,0.0,0.71,7,0,0.0,3.54,7,5,0.7142857142857143,100.0,0,0,,,0,0,,,low
37183052506,183,1,0,0.0,0.71,1,0,0.0,3.54,1,0,0.0,21.21,0,0,,,0,0,,,low
37183052507,183,4,0,0.0,0.71,4,3,0.75,42.5,4,1,0.25,21.21,0,0,,,0,0,,,low
37183052601,183,5,0,0.0,0.71,5,1,0.2,3.54,5,2,0.4,21.21,0,0,,,1,0,0.0,70.71,low
37183052602,183,17,0,0.0,3.54,17,0,0.0,3.54,17,0,0.0,21.21,0,0,,,14,2,0.14285714285714285,70.71,medium
37183052603,183,3,0,0.0,0.71,8,0,0.0,3.54,3,0,0.0,21.21,0,0,,,1,0,0.0,70.71,low
37183052701,183,3,0,0.0,3.54,3,0,0.0,3.54,3,0,0.0,21.21,1,0,0.0,707.11,1,0,0.0,70.71,low
37183052704,183,2,0,0.0,2.12,2,0,0.0,3.54,2,0,0.0,21.21,0,0,,,1,0,0.0,70.71,low
37183052705,183,4,0,0.0,0.71,4,1,0.25,7.27,4,2,0.5,35.61,0,0,,,0,0,,,low
37183052706,183,24,0,0.0,0.71,24,2,0.08333333333333333,3.54,24,2,0.08333333333333333,21.21,0,0,,,4,0,0.0,70.71,medium
37183052707,183,24,0,0.0,0.71,24,0,0.0,3.54,24,1,0.041666666666666664,21.21,0,0,,,5,0,0.0,70.71,medium
37183052801,183,10,0,0.0,1.35,10,0,0.0,3.54,10,4,0.4,30.61,1,0,0.0,707.11,2,0,0.0,90.36,medium
37183052802,183,19,0,0.0,0.71,19,2,0.10526315789473684,3.54,19,1,0.05263157894736842,21.21,0,0,,,4,0,0.0,160.0,medium
37183052803,183,9,0,0.0,0.71,9,0,0.0,3.54,9,1,0.1111111111111111,21.21,1,0,0.0,707.11,1,0,0.0,70.71,low
37183052806,183,16,0,0.0,0.71,16,1,0.0625,3.54,16,1,0.0625,21.21,2,0,0.0,3150.0,3,2,0.6666666666666666,820.0,medium
37183052807,183,26,0,0.0,0.71,26,2,0.07692307692307693,3.54,26,6,0.23076923076923078,21.21,0,0,,,4,2,0.5,860.0,medium
37183052808,183,12,0,0.0,0.71,12,2,0.16666666666666666,3.54,12,3,0.25,21.21,1,0,0.0,5100.0,3,2,0.6666666666666666,400.0,medium
37183052809,183,8,0,0.0,0.71,8,0,0.0,3.54,8,1,0.125,21.21,0,0,,,2,0,0.0,130.36,low
37183052901,183,15,1,0.06666666666666667,0.71,15,1,0.06666666666666667,3.54,15,3,0.2,21.21,0,0,,,3,0,0.0,70.71,medium
37183052902,183,25,0,0.0,0.71,25,1,0.04,3.54,25,14,0.56,60.0,0,0,,,7,1,0.14285714285714285,160.0,medium
37183052903,183,22,0,0.0,0.71,22,2,0.09090909090909091,3.54,22,6,0.2727272727272727,21.21,0,0,,,4,3,0.75,780.0,medium
37183052904,183,31,0,0.0,0.71,31,0,0.0,3.54,31,10,0.3225806451612903,21.21,0,0,,,5,1,0.2,210.0,high
37183053003,183,11,0,0.0,0.71,11,0,0.0,3.54,11,0,0.0,21.21,0,0,,,1,1,1.0,1500.0,medium
37183053004,183,7,0,0.0,0.71,7,0,0.0,3.54,7,1,0.14285714285714285,21.21,1,0,0.0,1100.0,2,0,0.0,85.36,low
37183053005,183,45,0,0.0,0.71,44,0,0.0,3.54,44,12,0.2727272727272727,21.21,0,0,,,8,0,0.0,70.71,high
37183053006,183,21,0,0.0,0.71,21,0,0.0,3.54,21,5,0.23809523809523808,21.21,0,0,,,4,3,0.75,635.0,medium
37183053007,183,94,3,0.031914893617021274,0.71,85,5,0.058823529411764705,3.54,85,19,0.2235294117647059,21.21,0,0,,,14,8,0.5714285714285714,650.0,high
37183053008,183,125,0,0.0,0.71,127,3,0.023622047244094488,3.54,123,27,0.21951219512195122,21.21,1,0,0.0,707.11,23,7,0.30434782608695654,70.71,high
37183053009,183,50,0,0.0,0.71,50,5,0.1,3.54,50,14,0.28,21.21,3,0,0.0,707.11,13,6,0.46153846153846156,130.0,high
37183053105,183,4,0,0.0,2.12,4,0,0.0,3.54,4,3,0.75,325.0,0,0,,,1,1,1.0,600.0,low
37183053106,183,13,0,0.0,0.71,13,0,0.0,3.54,13,5,0.38461538461538464,21.21,0,0,,,3,1,0.3333333333333333,200.0,medium
37183053107,183,16,0,0.0,0.71,16,0,0.0,3.54,16,8,0.5,50.0,0,0,,,2,0,0.0,70.71,medium
37183053108,183,51,0,0.0,0.71,51,1,0.0196078431372549,3.54,51,28,0.5490196078431373,150.0,0,0,,,11,5,0.45454545454545453,160.0,high
37183053109,183,50,0,0.0,0.71,48,2,0.041666666666666664,3.54,48,19,0.3958333333333333,21.21,2,0,0.0,707.11,11,5,0.45454545454545453,220.0,high
37183053110,183,28,0,0.0,0.71,28,0,0.0,3.54,28,4,0.14285714285714285,21.21,0,0,,,5,2,0.4,70.71,medium
37183053111,183,36,0,0.0,0.71,36,1,0.027777777777777776,3.54,36,13,0.3611111111111111,21.21,1,0,0.0,707.11,9,6,0.6666666666666666,500.0,high
37183053201,183,53,0,0.0,0.71,53,2,0.03773584905660377,3.54,53,20,0.37735849056603776,21.21,1,0,0.0,707.11,9,2,0.2222222222222222,70.71,high
37183053202,183,15,0,0.0,0.71,15,0,0.0,3.54,15,9,0.6,90.0,0,0,,,4,3,0.75,895.0,medium
37183053203,183,1,0,0.0,3.54,1,0,0.0,3.54,1,0,0.0,21.21,0,0,,,1,0,0.0,70.71,low
37183053204,183,1,0,0.0,0.71,1,0,0.0,3.54,1,0,0.0,21.21,0,0,,,0,0,,,low
37183053205,183,7,0,0.0,0.71,7,0,0.0,3.54,7,7,1.0,280.0,2,0,0.0,707.11,2,1,0.5,4885.36,low
37183053206,183,16,0,0.0,2.12,16,0,0.0,3.54,16,7,0.4375,21.21,1,0,0.0,707.11,8,4,0.5,350.0,medium
37183053207,183,20,0,0.0,2.25,20,0,0.0,3.54,20,2,0.1,21.21,1,0,0.0,707.11,7,2,0.2857142857142857,70.71,medium
37183053405,183,5,1,0.2,0.71,5,0,0.0,3.54,5,2,0.4,21.21,0,0,,,0,0,,,low
37183053408,183,4,0,0.0,0.71,4,1,0.25,3.54,4,1,0.25,21.21,0,0,,,0,0,,,low
37183053409,183,10,0,0.0,0.71,10,0,0.0,3.54,10,4,0.4,21.21,0,0,,,1,0,0.0,70.71,medium
37183053410,183,4,0,0.0,2.35,4,0,0.0,3.54,4,2,0.5,35.61,0,0,,,0,0,,,low
37183053411,183,9,0,0.0,0.71,9,0,0.0,3.54,9,5,0.5555555555555556,60.0,0,0,,,3,0,0.0,70.71,low
37183053412,183,22,0,0.0,0.71,22,1,0.045454545454545456,3.54,22,9,0.4090909090909091,21.21,1,0,0.0,707.11,4,0,0.0,70.71,medium
37183053413,183,34,0,0.0,0.71,34,1,0.029411764705882353,3.54,34,16,0.47058823529411764,30.61,3,0,0.0,707.11,10,1,0.1,70.71,high
37183053414,183,2,0,0.0,2.12,2,1,0.5,14.77,2,0,0.0,30.61,1,0,0.0,707.11,1,1,1.0,340.0,low
37183053415,183,3,0,0.0,0.71,3,0,0.0,3.54,3,1,0.3333333333333333,21.21,0,0,,,0,0,,,low
37183053416,183,6,0,0.0,0.71,6,0,0.0,3.54,6,0,0.0,21.21,0,0,,,1,0,0.0,70.71,low
37183053417,183,15,0,0.0,0.71,15,2,0.13333333333333333,3.54,15,1,0.06666666666666667,21.21,0,0,,,1,0,0.0,70.71,medium
37183053418,183,3,0,0.0,7.07,3,0,0.0,3.54,3,1,0.3333333333333333,21.21,0,0,,,0,0,,,low
37183053419,183,1,0,0.0,3.54,1,0,0.0,3.54,1,0,0.0,21.21,0,0,,,1,1,1.0,410.0,low
37183053420,183,5,0,0.0,0.71,5,0,0.0,3.54,5,2,0.4,30.0,0,0,,,1,0,0.0,250.0,low
37183053421,183,22,0,0.0,0.71,22,0,0.0,3.54,22,9,0.4090909090909091,21.21,0,0,,,2,1,0.5,735.36,medium
37183053422,183,2,0,0.0,2.12,2,0,0.0,3.54,2,0,0.0,21.21,0,0,,,1,0,0.0,230.0,low
37183053423,183,7,1,0.14285714285714285,2.0,7,1,0.14285714285714285,3.54,7,6,0.8571428571428571,70.0,0,0,,,0,0,,,low
37183053425,183,3,0,0.0,0.71,3,0,0.0,3.54,3,0,0.0,21.21,0,0,,,0,0,,,low
37183053505,183,5,0,0.0,0.71,5,0,0.0,3.54,5,2,0.4,21.21,1,0,0.0,707.11,1,0,0.0,70.71,low
37183053506,183,5,0,0.0,0.71,5,1,0.2,3.54,5,0,0.0,21.21,0,0,,,0,0,,,low
37183053507,183,2,0,0.0,0.71,2,0,0.0,3.54,2,1,0.5,40.61,0,0,,,0,0,,,low
37183053509,183,3,0,0.0,3.54,3,0,0.0,3.54,3,1,0.3333333333333333,21.21,1,0,0.0,707.11,3,1,0.3333333333333333,170.0,low
37183053512,183,4,0,0.0,2.12,4,0,0.0,3.54,4,1,0.25,21.21,0,0,,,2,0,0.0,70.71,low
37183053513,183,1,0,0.0,0.71,1,0,0.0,3.54,1,0,0.0,21.21,0,0,,,0,0,,,low
37183053518,183,2,0,0.0,0.71,2,0,0.0,3.54,2,2,1.0,180.0,0,0,,,0,0,,,low
37183053519,183,2,0,0.0,2.12,2,0,0.0,6.27,2,0,0.0,21.21,0,0,,,1,0,0.0,70.71,low
37183053520,183,1,0,0.0,3.54,1,0,0.0,3.54,1,0,0.0,21.21,0,0,,,1,0,0.0,70.71,low
37183053521,183,34,0,0.0,3.54,35,1,0.02857142857142857,3.54,22,6,0.2727272727272727,21.21,0,0,,,6,1,0.16666666666666666,70.71,high
37183053522,183,1,0,0.0,0.71,1,0,0.0,3.54,1,0,0.0,21.21,0,0,,,0,0,,,low
37183053525,183,1,0,0.0,0.71,1,0,0.0,6.0,1,0,0.0,21.21,0,0,,,0,0,,,low
37183053601,183,1,0,0.0,0.71,1,0,0.0,3.54,1,0,0.0,21.21,0,0,,,0,0,,,low
37183053603,183,3,0,0.0,0.71,3,0,0.0,3.54,3,2,0.6666666666666666,290.0,1,0,0.0,707.11,1,0,0.0,70.71,low
37183053609,183,1,0,0.0,0.71,1,0,0.0,3.54,1,0,0.0,21.21,0,0,,,0,0,,,low
37183053707,183,2,0,0.0,0.71,2,0,0.0,3.54,2,0,0.0,21.21,0,0,,,0,0,,,low
37183053709,183,31,0,0.0,0.71,31,0,0.0,3.54,31,9,0.2903225806451613,21.21,0,0,,,8,2,0.25,120.36,high
37183053711,183,4,0,0.0,0.71,4,0,0.0,3.54,4,0,0.0,21.21,0,0,,,0,0,,,low
37183053712,183,2,0,0.0,0.71,2,1,0.5,17.27,2,1,0.5,35.61,0,0,,,0,0,,,low
37183053713,183,1,0,0.0,3.54,1,0,0.0,3.54,1,0,0.0,21.21,0,0,,,1,0,0.0,170.0,low
37183053714,183,3,0,0.0,3.54,3,0,0.0,3.54,3,0,0.0,21.21,0,0,,,1,0,0.0,150.0,low
37183053715,183,7,0,0.0,0.71,7,0,0.0,3.54,7,1,0.14285714285714285,21.21,0,0,,,0,0,,,low
37183053716,183,1,0,0.0,0.71,1,0,0.0,3.54,1,1,1.0,70.0,0,0,,,0,0,,,low
37183053717,183,1,0,0.0,3.54,1,0,0.0,3.54,1,0,0.0,21.21,1,0,0.0,707.11,1,0,0.0,110.0,low
37183053718,183,2,0,0.0,2.12,2,0,0.0,3.54,2,0,0.0,30.61,0,0,,,1,0,0.0,70.71,low
37183053719,183,4,0,0.0,3.54,4,0,0.0,3.54,4,0,0.0,21.21,0,0,,,2,1,0.5,245.36,low
37183053720,183,47,0,0.0,0.71,47,2,0.0425531914893617,3.54,48,4,0.08333333333333333,21.21,1,0,0.0,1900.0,8,2,0.25,90.36,high
37183053721,183,15,0,0.0,0.71,15,0,0.0,3.54,15,1,0.06666666666666667,21.21,0,0,,,2,0,0.0,70.71,medium
37183053722,183,2,0,0.0,3.54,2,0,0.0,7.77,2,1,0.5,35.61,0,0,,,1,1,1.0,1600.0,low
37183053724,183,1,0,0.0,0.71,1,0,0.0,3.54,1,0,0.0,21.21,0,0,,,0,0,,,low
37183053725,183,8,0,0.0,0.71,8,0,0.0,3.54,8,3,0.375,30.61,0,0,,,1,0,0.0,240.0,low
37183053726,183,5,0,0.0,0.71,5,0,0.0,3.54,5,1,0.2,21.21,0,0,,,0,0,,,low
37183053803,183,24,0,0.0,0.71,24,2,0.08333333333333333,3.54,24,2,0.08333333333333333,21.21,2,1,0.5,5853.55,6,1,0.16666666666666666,85.36,medium
37183053804,183,32,0,0.0,0.71,32,2,0.0625,3.54,32,1,0.03125,21.21,1,0,0.0,707.11,6,1,0.16666666666666666,70.71,high
37183053805,183,13,0,0.0,0.71,13,2,0.15384615384615385,3.54,13,6,0.46153846153846156,40.0,0,0,,,1,0,0.0,70.71,medium
37183053806,183,23,0,0.0,3.54,23,0,0.0,3.54,23,6,0.2608695652173913,21.21,7,0,0.0,707.11,12,1,0.08333333333333333,100.36,medium
37183053807,183,24,0,0.0,0.71,24,3,0.125,3.54,24,5,0.20833333333333334,21.21,2,0,0.0,3600.0,5,1,0.2,70.71,medium
37183053808,183,48,0,0.0,0.71,48,1,0.020833333333333332,3.54,48,5,0.10416666666666667,21.21,1,0,0.0,707.11,14,3,0.21428571428571427,85.36,high
37183053900,183,87,0,0.0,0.71,86,0,0.0,3.54,87,15,0.1724137931034483,21.21,1,0,0.0,707.11,36,7,0.19444444444444445,70.71,high
37183054001,183,8,0,0.0,3.54,8,2,0.25,3.54,8,1,0.125,21.21,0,0,,,4,2,0.5,255.0,low
37183054004,183,6,0,0.0,2.12,6,0,0.0,3.54,6,2,0.3333333333333333,21.21,0,0,,,3,1,0.3333333333333333,120.0,low
37183054006,183,4,0,0.0,0.71,4,0,0.0,3.54,4,0,0.0,21.21,0,0,,,1,0,0.0,70.71,low
37183054007,183,6,0,0.0,0.71,6,1,0.16666666666666666,3.54,6,1,0.16666666666666666,21.21,0,0,,,1,0,0.0,70.71,low
37183054008,183,1,0,0.0,0.71,1,0,0.0,3.54,1,0,0.0,21.21,0,0,,,0,0,,,low
37183054011,183,3,0,0.0,0.71,3,0,0.0,3.54,3,2,0.6666666666666666,50.0,0,0,,,1,1,1.0,5430.0,low
37183054012,183,5,0,0.0,0.71,5,0,0.0,3.54,5,1,0.2,21.21,0,0,,,2,0,0.0,70.71,low
37183054013,183,9,0,0.0,0.71,9,0,0.0,3.54,9,1,0.1111111111111111,21.21,0,0,,,0,0,,,low
37183054014,183,1,0,0.0,3.54,1,0,0.0,3.54,1,0,0.0,21.21,0,0,,,1,0,0.0,70.71,low
37183054015,183,12,0,0.0,0.71,12,0,0.0,3.54,12,0,0.0,21.21,0,0,,,5,0,0.0,70.71,medium
37183054016,183,2,0,0.0,3.54,2,0,0.0,4.77,2,0,0.0,21.21,0,0,,,2,2,1.0,1400.0,low
37183054104,183,16,0,0.0,0.71,16,0,0.0,3.54,16,3,0.1875,21.21,1,0,0.0,4700.0,2,1,0.5,285.0,medium
37183054105,183,51,0,0.0,3.54,51,1,0.0196078431372549,3.54,51,6,0.11764705882352941,21.21,0,0,,,22,4,0.18181818181818182,70.71,high
37183054106,183,23,0,0.0,0.71,26,0,0.0,3.54,23,4,0.17391304347826086,21.21,2,0,0.0,707.11,3,1,0.3333333333333333,140.0,medium
37183054108,183,10,0,0.0,0.71,10,0,0.0,3.54,10,0,0.0,21.21,0,0,,,0,0,,,medium
37183054109,183,36,0,0.0,0.71,36,2,0.05555555555555555,3.54,36,2,0.05555555555555555,21.21,0,0,,,8,2,0.25,70.71,high
37183054110,183,44,0,0.0,0.71,44,0,0.0,3.54,44,7,0.1590909090909091,21.21,0,0,,,10,2,0.2,70.71,high
37183054111,183,26,0,0.0,0.71,26,1,0.038461538461538464,3.54,26,6,0.23076923076923078,21.21,0,0,,,7,0,0.0,70.71,medium
37183054112,183,2,0,0.0,3.54,2,0,0.0,3.54,2,0,0.0,30.61,0,0,,,2,1,0.5,225.36,low
37183054113,183,62,0,0.0,3.54,62,1,0.016129032258064516,3.54,62,12,0.1935483870967742,21.21,1,0,0.0,1700.0,38,4,0.10526315789473684,70.71,high
37183054114,183,12,0,0.0,0.71,12,0,0.0,3.54,12,3,0.25,21.21,0,0,,,2,2,1.0,1350.0,medium
37183054115,183,8,0,0.0,0.71,8,0,0.0,3.54,8,1,0.125,21.21,0,0,,,2,0,0.0,70.71,low
37183054203,183,26,0,0.0,0.71,26,3,0.11538461538461539,3.54,26,9,0.34615384615384615,21.21,1,0,0.0,707.11,5,3,0.6,440.0,medium
37183054204,183,2,0,0.0,0.71,2,0,0.0,3.54,2,0,0.0,21.21,0,0,,,0,0,,,low
37183054205,183,6,0,0.0,2.12,6,1,0.16666666666666666,3.54,6,0,0.0,21.21,1,0,0.0,707.11,3,1,0.3333333333333333,70.71,low
37183054206,183,8,0,0.0,2.12,8,0,0.0,3.54,8,2,0.25,21.21,4,0,0.0,707.11,4,0,0.0,70.71,low
37183054207,183,1,0,0.0,0.71,1,0,0.0,3.54,1,0,0.0,21.21,0,0,,,0,0,,,low
37183054208,183,41,0,0.0,3.54,41,0,0.0,3.54,41,5,0.12195121951219512,21.21,26,0,0.0,707.11,34,6,0.17647058823529413,70.71,high
37183054209,183,17,0,0.0,0.71,17,1,0.058823529411764705,3.54,17,3,0.17647058823529413,21.21,0,0,,,6,0,0.0,70.71,medium
37183054210,183,43,0,0.0,0.71,43,0,0.0,3.54,43,6,0.13953488372093023,21.21,1,0,0.0,5900.0,17,1,0.058823529411764705,70.71,high
37183054211,183,41,0,0.0,3.54,41,0,0.0,3.54,41,19,0.4634146341463415,40.0,22,0,0.0,707.11,28,6,0.21428571428571427,115.0,high
37183054301,183,84,0,0.0,3.54,84,3,0.03571428571428571,3.54,84,15,0.17857142857142858,21.21,9,0,0.0,707.11,38,7,0.18421052631578946,70.71,high
37183054302,183,18,0,0.0,0.71,18,0,0.0,3.54,18,1,0.05555555555555555,21.21,1,0,0.0,4400.0,4,0,0.0,70.71,medium
37183054402,183,17,0,0.0,0.71,17,2,0.11764705882352941,3.54,17,4,0.23529411764705882,21.21,0,0,,,4,1,0.25,105.36,medium
37183054403,183,30,0,0.0,0.71,30,1,0.03333333333333333,3.54,30,5,0.16666666666666666,21.21,1,0,0.0,1700.0,10,2,0.2,70.71,high
37183054404,183,15,0,0.0,0.71,15,0,0.0,3.54,15,2,0.13333333333333333,21.21,3,0,0.0,1000.0,4,0,0.0,70.71,medium
37183054500,183,12,0,0.0,0.71,12,0,0.0,3.54,12,3,0.25,21.21,0,0,,,1,0,0.0,70.71,medium
37185950101,185,108,0,0.0,3.54,108,3,0.027777777777777776,3.54,108,21,0.19444444444444445,21.21,15,0,0.0,707.11,61,12,0.19672131147540983,70.71,high
37185950102,185,70,0,0.0,0.71,70,5,0.07142857142857142,3.54,66,19,0.2878787878787879,21.21,7,0,0.0,707.11,26,5,0.19230769230769232,70.71,high
37185950103,185,20,0,0.0,3.54,20,0,0.0,3.54,20,6,0.3,21.21,3,0,0.0,707.11,17,4,0.23529411764705882,70.71,medium
37185950200,185,43,0,0.0,3.54,43,0,0.0,3.54,43,16,0.37209302325581395,21.21,11,0,0.0,707.11,23,6,0.2608695652173913,70.71,high
37185950300,185,25,0,0.0,3.54,25,0,0.0,3.54,25,11,0.44,21.21,3,0,0.0,707.11,9,5,0.5555555555555556,410.0,medium
37185950400,185,26,0,0.0,3.54,26,1,0.038461538461538464,3.54,26,11,0.4230769230769231,21.21,8,0,0.0,707.11,16,5,0.3125,145.0,medium
37187950100,187,42,0,0.0,3.54,42,0,0.0,3.54,42,20,0.47619047619047616,41.5,10,0,0.0,707.11,31,10,0.3225806451612903,70.71,high
37187950200,187,21,0,0.0,3.54,21,1,0.047619047619047616,3.54,21,2,0.09523809523809523,21.21,13,0,0.0,707.11,15,8,0.5333333333333333,330.0,medium
37187950300,187,39,0,0.0,3.54,39,1,0.02564102564102564,3.54,39,6,0.15384615384615385,21.21,17,0,0.0,707.11,28,12,0.42857142857142855,190.0,high
37189920100,189,114,0,0.0,3.54,114,4,0.03508771929824561,3.54,114,16,0.14035087719298245,21.21,32,0,0.0,707.11,62,8,0.12903225806451613,70.71,high
37189920200,189,105,1,0.009523809523809525,3.54,105,3,0.02857142857142857,3.54,105,12,0.11428571428571428,21.21,43,1,0.023255813953488372,707.11,58,13,0.22413793103448276,70.71,high
37189920300,189,55,1,0.01818181818181818,3.54,55,2,0.03636363636363636,3.54,55,2,0.03636363636363636,21.21,17,0,0.0,1900.0,34,6,0.17647058823529413,70.71,high
37189920400,189,107,1,0.009345794392523364,3.54,107,4,0.037383177570093455,3.54,107,8,0.07476635514018691,21.21,25,0,0.0,1100.0,60,12,0.2,70.71,high
37189920500,189,12,0,0.0,3.54,12,0,0.0,3.54,12,1,0.08333333333333333,21.21,2,0,0.0,707.11,6,0,0.0,105.36,medium
37189920601,189,45,1,0.022222222222222223,3.54,45,2,0.044444444444444446,3.54,45,1,0.022222222222222223,21.21,16,0,0.0,707.11,27,7,0.25925925925925924,70.71,high
37189920602,189,86,1,0.011627906976744186,3.54,86,4,0.046511627906976744,3.54,86,14,0.16279069767441862,21.21,17,0,0.0,707.11,58,9,0.15517241379310345,70.71,high
37189920701,189,63,2,0.031746031746031744,3.54,63,3,0.047619047619047616,3.54,63,16,0.25396825396825395,21.21,16,0,0.0,707.11,48,8,0.16666666666666666,70.71,high
37189920702,189,109,1,0.009174311926605505,3.54,109,5,0.045871559633027525,3.54,109,10,0.09174311926605505,21.21,23,0,0.0,707.11,66,11,0.16666666666666666,70.71,high
37189920703,189,137,1,0.0072992700729927005,3.54,137,9,0.06569343065693431,3.54,137,8,0.058394160583941604,21.21,20,0,0.0,707.11,79,7,0.08860759493670886,70.71,high
37189920800,189,71,1,0.014084507042253521,3.54,71,1,0.014084507042253521,3.54,71,8,0.11267605633802817,21.21,16,0,0.0,707.11,55,8,0.14545454545454545,70.71,high
37189920900,189,157,15,0.09554140127388536,3.54,145,4,0.027586206896551724,3.54,145,8,0.05517241379310345,21.21,46,0,0.0,707.11,97,11,0.1134020618556701,70.71,high
37189921000,189,16,1,0.0625,3.54,16,0,0.0,3.54,16,1,0.0625,21.21,6,0,0.0,707.11,12,4,0.3333333333333333,70.71,medium
37191000101,191,28,1,0.03571428571428571,3.54,28,0,0.0,3.54,28,10,0.35714285714285715,21.21,12,0,0.0,707.11,15,6,0.4,70.71,medium
37191000102,191,20,0,0.0,3.54,20,0,0.0,3.54,20,7,0.35,21.21,12,0,0.0,707.11,14,7,0.5,260.0,medium
37191000200,191,7,0,0.0,3.54,7,0,0.0,3.54,7,1,0.14285714285714285,21.21,5,1,0.2,707.11,6,2,0.3333333333333333,70.71,low
37191000302,191,22,0,0.0,2.77,22,1,0.045454545454545456,3.54,22,8,0.36363636363636365,21.21,7,0,0.0,707.11,10,7,0.7,1615.0,medium
37191000303,191,21,0,0.0,3.54,21,1,0.047619047619047616,3.54,21,5,0.23809523809523808,21.21,7,0,0.0,707.11,10,7,0.7,1120.0,medium
37191000304,191,23,0,0.0,3.54,23,0,0.0,3.54,23,7,0.30434782608695654,30.0,13,0,0.0,707.11,14,11,0.7857142857142857,1175.0,medium
37191000401,191,99,1,0.010101010101010102,3.54,99,12,0.12121212121212122,3.54,99,19,0.1919191919191919,21.21,52,0,0.0,707.11,62,47,0.7580645161290323,735.0,high
37191000402,191,12,0,0.0,3.54,12,0,0.0,3.54,13,1,0.07692307692307693,21.21,6,1,0.16666666666666666,707.11,11,7,0.6363636363636364,580.0,medium
37191000601,191,3,0,0.0,0.71,3,0,0.0,3.54,3,2,0.6666666666666666,50.0,1,1,1.0,11600.0,1,1,1.0,1300.0,low
37191000602,191,52,0,0.0,3.54,53,6,0.11320754716981132,3.54,52,8,0.15384615384615385,21.21,36,0,0.0,707.11,41,32,0.7804878048780488,1000.0,high
37191000800,191,29,0,0.0,3.54,29,3,0.10344827586206896,3.54,29,7,0.2413793103448276,30.0,9,0,0.0,707.11,24,14,0.5833333333333334,745.0,medium
37191000901,191,24,0,0.0,3.54,24,0,0.0,3.54,24,4,0.16666666666666666,40.0,13,0,0.0,707.11,18,13,0.7222222222222222,1300.0,medium
37191000902,191,48,0,0.0,3.54,48,1,0.020833333333333332,3.54,48,13,0.2708333333333333,21.21,33,4,0.12121212121212122,707.11,31,21,0.6774193548387096,780.0,high
37191001000,191,52,0,0.0,3.54,52,2,0.038461538461538464,3.54,52,9,0.17307692307692307,21.21,24,1,0.041666666666666664,707.11,28,23,0.8214285714285714,1100.0,high
37191001101,191,36,0,0.0,3.54,36,1,0.027777777777777776,3.54,36,10,0.2777777777777778,21.21,16,0,0.0,707.11,26,8,0.3076923076923077,110.0,high
37191001102,191,18,0,0.0,3.54,18,1,0.05555555555555555,3.54,18,6,0.3333333333333333,25.61,3,0,0.0,707.11,11,4,0.36363636363636365,70.71,medium
37191001200,191,9,0,0.0,3.54,9,0,0.0,3.54,9,3,0.3333333333333333,21.21,3,0,0.0,707.11,3,2,0.6666666666666666,350.0,low
37191001301,191,18,0,0.0,3.54,18,0,0.0,3.54,18,4,0.2222222222222222,40.0,12,0,0.0,707.11,13,9,0.6923076923076923,600.0,medium
37191001302,191,14,0,0.0,0.71,14,0,0.0,3.54,14,5,0.35714285714285715,21.21,3,0,0.0,707.11,3,3,1.0,780.0,medium
37191001400,191,4,0,0.0,2.12,4,0,0.0,3.54,4,0,0.0,21.21,2,0,0.0,707.11,2,2,1.0,580.0,low
37191001500,191,3,0,0.0,0.71,3,0,0.0,3.54,3,3,1.0,60.0,0,0,,,0,0,,,low
37191001900,191,4,0,0.0,2.12,4,0,0.0,3.54,4,2,0.5,35.61,2,0,0.0,707.11,2,2,1.0,640.0,low
37191002000,191,1,0,0.0,0.71,1,0,0.0,3.54,1,0,0.0,21.21,0,0,,,0,0,,,low
37193960100,193,107,0,0.0,3.54,107,2,0.018691588785046728,3.54,107,44,0.411214953271028,21.21,63,0,0.0,707.11,67,26,0.3880597014925373,176.0,high
37193960200,193,87,0,0.0,3.54,87,0,0.0,3.54,87,44,0.5057471264367817,50.0,63,0,0.0,707.11,65,19,0.2923076923076923,110.0,high
37193960300,193,11,0,0.0,3.54,11,0,0.0,3.54,11,4,0.36363636363636365,21.21,8,0,0.0,1500.0,8,1,0.125,70.71,medium
37193960400,193,71,0,0.0,3.54,71,2,0.028169014084507043,3.54,71,12,0.16901408450704225,21.21,57,0,0.0,707.11,60,11,0.18333333333333332,70.71,high
37193960500,193,1,0,0.0,3.54,1,0,0.0,3.54,1,0,0.0,21.21,1,0,0.0,707.11,1,0,0.0,70.71,low
37193960600,193,3,0,0.0,3.54,3,0,0.0,3.54,3,0,0.0,21.21,2,0,0.0,707.11,2,0,0.0,85.36,low
37193960700,193,2,0,0.0,3.54,2,0,0.0,3.54,2,1,0.5,55.61,2,0,0.0,707.11,2,0,0.0,100.36,low
37193960801,193,1,0,0.0,3.54,1,0,0.0,3.54,1,0,0.0,21.21,0,0,,,0,0,,,low
37193960802,193,12,0,0.0,3.54,12,0,0.0,3.54,12,1,0.08333333333333333,21.21,8,0,0.0,707.11,9,2,0.2222222222222222,70.71,medium
37193960900,193,129,0,0.0,3.54,129,3,0.023255813953488372,3.54,129,12,0.09302325581395349,21.21,101,1,0.009900990099009901,707.11,106,23,0.2169811320754717,70.71,high
37193961001,193,92,0,0.0,3.54,92,5,0.05434782608695652,3.54,92,16,0.17391304347826086,21.21,76,0,0.0,707.11,78,27,0.34615384615384615,125.0,high
37193961002,193,20,0,0.0,3.54,20,0,0.0,3.54,20,9,0.45,38.0,17,1,0.058823529411764705,707.11,17,6,0.35294117647058826,70.71,medium
37193961100,193,6,0,0.0,2.12,6,0,0.0,3.54,6,2,0.3333333333333333,21.21,2,0,0.0,707.11,2,1,0.5,345.36,low
37193961200,193,136,3,0.022058823529411766,3.54,136,2,0.014705882352941176,3.54,136,41,0.3014705882352941,21.21,102,4,0.0392156862745098,707.11,101,23,0.22772277227722773,100.0,high
37195000200,195,3,0,0.0,3.54,3,0,0.0,3.54,3,3,1.0,620.0,2,0,0.0,707.11,3,3,1.0,3700.0,low
37195000400,195,5,1,0.2,3.54,5,0,0.0,3.54,5,4,0.8,80.0,4,1,0.25,707.11,3,0,0.0,70.71,low
37195000501,195,3,0,0.0,3.54,3,0,0.0,3.54,3,0,0.0,21.21,1,0,0.0,707.11,2,0,0.0,140.36,low
37195000502,195,4,0,0.0,3.54,4,0,0.0,3.54,4,2,0.5,50.61,4,0,0.0,707.11,4,2,0.5,315.0,low
37195000600,195,6,0,0.0,3.54,6,0,0.0,3.54,6,5,0.8333333333333334,100.0,2,0,0.0,707.11,2,1,0.5,2485.36,low
37195000700,195,2,0,0.0,2.12,2,0,0.0,8.27,2,1,0.5,40.61,1,0,0.0,707.11,1,0,0.0,70.71,low
37195000802,195,14,0,0.0,3.54,14,0,0.0,3.54,14,6,0.42857142857142855,42.0,12,0,0.0,707.11,14,5,0.35714285714285715,190.0,medium
37195000900,195,33,0,0.0,3.54,33,0,0.0,3.54,33,23,0.696969696969697,70.0,16,0,0.0,707.11,24,8,0.3333333333333333,70.71,high
37195001000,195,4,0,0.0,3.54,4,0,0.0,3.54,4,1,0.25,21.21,3,0,0.0,707.11,4,1,0.25,70.71,low
37195001100,195,23,0,0.0,3.54,23,1,0.043478260869565216,3.54,23,15,0.6521739130434783,52.0,16,0,0.0,707.11,18,13,0.7222222222222222,495.0,medium
37195001200,195,20,1,0.05,3.54,20,0,0.0,3.54,20,10,0.5,50.0,11,0,0.0,707.11,14,10,0.7142857142857143,395.0,medium
37195001300,195,69,0,0.0,3.54,69,3,0.043478260869565216,3.54,69,40,0.5797101449275363,70.0,48,0,0.0,707.11,54,20,0.37037037037037035,140.0,high
37195001400,195,49,0,0.0,3.54,49,0,0.0,3.54,49,36,0.7346938775510204,140.0,33,0,0.0,707.11,35,16,0.45714285714285713,110.0,high
37195001500,195,183,2,0.01092896174863388,3.54,183,2,0.01092896174863388,3.54,183,67,0.366120218579235,21.21,158,3,0.0189873417721519,707.11,158,48,0.3037974683544304,70.71,high
37195001600,195,39,2,0.05128205128205128,3.54,39,0,0.0,3.54,39,17,0.4358974358974359,30.0,28,0,0.0,707.11,30,7,0.23333333333333334,70.71,high
37195001700,195,8,0,0.0,3.54,8,1,0.125,3.54,8,5,0.625,55.0,7,0,0.0,707.11,7,5,0.7142857142857143,560.0,low
37197050101,197,40,0,0.0,3.54,40,0,0.0,3.54,40,10,0.25,21.21,26,0,0.0,707.11,32,9,0.28125,110.0,high
37197050102,197,42,2,0.047619047619047616,3.54,42,1,0.023809523809523808,3.54,42,16,0.38095238095238093,40.0,34,0,0.0,707.11,37,12,0.32432432432432434,200.0,high
37197050200,197,47,1,0.02127659574468085,3.54,48,0,0.0,3.54,48,19,0.3958333333333333,25.61,36,0,0.0,707.11,41,14,0.34146341463414637,100.0,high
37197050300,197,50,0,0.0,3.54,50,1,0.02,3.54,49,16,0.32653061224489793,37.0,33,3,0.09090909090909091,707.11,32,13,0.40625,170.0,high
37197050400,197,73,0,0.0,3.54,73,0,0.0,3.54,73,20,0.273972602739726,21.21,53,2,0.03773584905660377,707.11,49,12,0.24489795918367346,70.71,high
37197050501,197,30,0,0.0,3.54,30,0,0.0,3.54,30,5,0.16666666666666666,21.21,20,0,0.0,707.11,18,6,0.3333333333333333,150.0,high
37197050502,197,46,0,0.0,3.54,46,0,0.0,3.54,46,12,0.2608695652173913,21.21,27,0,0.0,707.11,34,5,0.14705882352941177,70.71,high
37199960101,199,312,0,0.0,3.54,312,10,0.03205128205128205,3.54,312,57,0.18269230769230768,21.21,112,0,0.0,707.11,209,68,0.3253588516746411,70.71,high
37199960102,199,110,0,0.0,3.54,110,5,0.045454545454545456,3.54,110,23,0.20909090909090908,21.21,40,0,0.0,707.11,73,24,0.3287671232876712,70.71,high
37199960200,199,191,1,0.005235602094240838,3.54,191,4,0.020942408376963352,3.54,191,15,0.07853403141361257,21.21,74,1,0.013513513513513514,707.11,127,40,0.31496062992125984,100.0,high
37199960300,199,194,0,0.0,3.54,195,7,0.035897435897435895,3.54,194,23,0.11855670103092783,21.21,97,0,0.0,707.11,150,53,0.35333333333333333,130.0,high
37199960400,199,221,0,0.0,3.54,221,6,0.027149321266968326,3.54,221,20,0.09049773755656108,21.21,110,0,0.0,707.11,156,43,0.27564102564102566,70.71,high
