county,Arsenic.Number_non_missing,Antimony.Number_non_missing,Aluminum.Number_non_missing,Cadmium.Number_non_missing,Lead.Number_non_missing,Manganese.Number_non_missing,Mercury.Number_non_missing,Chromium.Number_non_missing,Copper.Number_non_missing,Zinc.Number_non_missing,Boron.Number_non_missing,Uranium.Number_non_missing,Vanadium.Number_non_missing,Strontium.Number_non_missing,Iron.Number_non_missing,Calcium.Number_non_missing,Cobalt.Number_non_missing,Magnesium.Number_non_missing,Nickel.Number_non_missing,Nitrate.Number_non_missing,Nitrite.Number_non_missing,Potassium.Number_non_missing,Selenium.Number_non_missing,Sodium.Number_non_missing,Silver.Number_non_missing,Barium.Number_non_missing,Thallium.Number_non_missing,Molybdenum.Number_non_missing,Beryllium.Number_non_missing,HexavalentChromium.Number_non_missing,Arsenic.Number_at_or_below_LOR,Antimony.Number_at_or_below_LOR,Aluminum.Number_at_or_below_LOR,Cadmium.Number_at_or_below_LOR,Lead.Number_at_or_below_LOR,Manganese.Number_at_or_below_LOR,Mercury.Number_at_or_below_LOR,Chromium.Number_at_or_below_LOR,Copper.Number_at_or_below_LOR,Zinc.Number_at_or_below_LOR,Boron.Number_at_or_below_LOR,Uranium.Number_at_or_below_LOR,Vanadium.Number_at_or_below_LOR,Strontium.Number_at_or_below_LOR,Iron.Number_at_or_below_LOR,Calcium.Number_at_or_below_LOR,Cobalt.Number_at_or_below_LOR,Magnesium.Number_at_or_below_LOR,Nickel.Number_at_or_below_LOR,Nitrate.Number_at_or_below_LOR,Nitrite.Number_at_or_below_LOR,Potassium.Number_at_or_below_LOR,Selenium.Number_at_or_below_LOR,Sodium.Number_at_or_below_LOR,Silver.Number_at_or_below_LOR,Barium.Number_at_or_below_LOR,Thallium.Number_at_or_below_LOR,Molybdenum.Number_at_or_below_LOR,Beryllium.Number_at_or_below_LOR,HexavalentChromium.Number_at_or_below_LOR,Arsenic.Number_above_LOR,Antimony.Number_above_LOR,Aluminum.Number_above_LOR,Cadmium.Number_above_LOR,Lead.Number_above_LOR,Manganese.Number_above_LOR,Mercury.Number_above_LOR,Chromium.Number_above_LOR,Copper.Number_above_LOR,Zinc.Number_above_LOR,Boron.Number_above_LOR,Uranium.Number_above_LOR,Vanadium.Number_above_LOR,Strontium.Number_above_LOR,Iron.Number_above_LOR,Calcium.Number_above_LOR,Cobalt.Number_above_LOR,Magnesium.Number_above_LOR,Nickel.Number_above_LOR,Nitrate.Number_above_LOR,Nitrite.Number_above_LOR,Potassium.Number_above_LOR,Selenium.Number_above_LOR,Sodium.Number_above_LOR,Silver.Number_above_LOR,Barium.Number_above_LOR,Thallium.Number_above_LOR,Molybdenum.Number_above_LOR,Beryllium.Number_above_LOR,HexavalentChromium.Number_above_LOR,Arsenic.%_above_LOR,Antimony.%_above_LOR,Aluminum.%_above_LOR,Cadmium.%_above_LOR,Lead.%_above_LOR,Manganese.%_above_LOR,Mercury.%_above_LOR,Chromium.%_above_LOR,Copper.%_above_LOR,Zinc.%_above_LOR,Boron.%_above_LOR,Uranium.%_above_LOR,Vanadium.%_above_LOR,Strontium.%_above_LOR,Iron.%_above_LOR,Calcium.%_above_LOR,Cobalt.%_above_LOR,Magnesium.%_above_LOR,Nickel.%_above_LOR,Nitrate.%_above_LOR,Nitrite.%_above_LOR,Potassium.%_above_LOR,Selenium.%_above_LOR,Sodium.%_above_LOR,Silver.%_above_LOR,Barium.%_above_LOR,Thallium.%_above_LOR,Molybdenum.%_above_LOR,Beryllium.%_above_LOR,HexavalentChromium.%_above_LOR,Arsenic.Number_abovelimit_EPA,Antimony.Number_abovelimit_EPA,Aluminum.Number_abovelimit_EPA,Cadmium.Number_abovelimit_EPA,Lead.Number_abovelimit_EPA,Manganese.Number_abovelimit_EPA,Mercury.Number_abovelimit_EPA,Chromium.Number_abovelimit_EPA,Copper.Number_abovelimit_EPA,Zinc.Number_abovelimit_EPA,Boron.Number_abovelimit_EPA,Uranium.Number_abovelimit_EPA,Vanadium.Number_abovelimit_EPA,Strontium.Number_abovelimit_EPA,Iron.Number_abovelimit_EPA,Cobalt.Number_abovelimit_EPA,Nickel.Number_abovelimit_EPA,Nitrate.Number_abovelimit_EPA,Nitrite.Number_abovelimit_EPA,Selenium.Number_abovelimit_EPA,Silver.Number_abovelimit_EPA,Barium.Number_abovelimit_EPA,Thallium.Number_abovelimit_EPA,Molybdenum.Number_abovelimit_EPA,Beryllium.Number_abovelimit_EPA,HexavalentChromium.Number_abovelimit_EPA,Arsenic.%_abovelimit_EPA,Antimony.%_abovelimit_EPA,Aluminum.%_abovelimit_EPA,Cadmium.%_abovelimit_EPA,Lead.%_abovelimit_EPA,Manganese.%_abovelimit_EPA,Mercury.%_abovelimit_EPA,Chromium.%_abovelimit_EPA,Copper.%_abovelimit_EPA,Zinc.%_abovelimit_EPA,Boron.%_abovelimit_EPA,Uranium.%_abovelimit_EPA,Vanadium.%_abovelimit_EPA,Strontium.%_abovelimit_EPA,Iron.%_abovelimit_EPA,Cobalt.%_abovelimit_EPA,Nickel.%_abovelimit_EPA,Nitrate.%_abovelimit_EPA,Nitrite.%_abovelimit_EPA,Selenium.%_abovelimit_EPA,Silver.%_abovelimit_EPA,Barium.%_abovelimit_EPA,Thallium.%_abovelimit_EPA,Molybdenum.%_abovelimit_EPA,Beryllium.%_abovelimit_EPA,HexavalentChromium.%_abovelimit_EPA,Arsenic.Number_abovelimit_NCGW,Antimony.Number_abovelimit_NCGW,Aluminum.Number_abovelimit_NCGW,Cadmium.Number_abovelimit_NCGW,Lead.Number_abovelimit_NCGW,Manganese.Number_abovelimit_NCGW,Mercury.Number_abovelimit_NCGW,Chromium.Number_abovelimit_NCGW,Copper.Number_abovelimit_NCGW,Zinc.Number_abovelimit_NCGW,Boron.Number_abovelimit_NCGW,Uranium.Number_abovelimit_NCGW,Vanadium.Number_abovelimit_NCGW,Strontium.Number_abovelimit_NCGW,Iron.Number_abovelimit_NCGW,Cobalt.Number_abovelimit_NCGW,Nickel.Number_abovelimit_NCGW,Nitrate.Number_abovelimit_NCGW,Nitrite.Number_abovelimit_NCGW,Selenium.Number_abovelimit_NCGW,Silver.Number_abovelimit_NCGW,Barium.Number_abovelimit_NCGW,Thallium.Number_abovelimit_NCGW,Molybdenum.Number_abovelimit_NCGW,Beryllium.Number_abovelimit_NCGW,HexavalentChromium.Number_abovelimit_NCGW,Arsenic.%_abovelimit_NCGW,Antimony.%_abovelimit_NCGW,Aluminum.%_abovelimit_NCGW,Cadmium.%_abovelimit_NCGW,Lead.%_abovelimit_NCGW,Manganese.%_abovelimit_NCGW,Mercury.%_abovelimit_NCGW,Chromium.%_abovelimit_NCGW,Copper.%_abovelimit_NCGW,Zinc.%_abovelimit_NCGW,Boron.%_abovelimit_NCGW,Uranium.%_abovelimit_NCGW,Vanadium.%_abovelimit_NCGW,Strontium.%_abovelimit_NCGW,Iron.%_abovelimit_NCGW,Cobalt.%_abovelimit_NCGW,Nickel.%_abovelimit_NCGW,Nitrate.%_abovelimit_NCGW,Nitrite.%_abovelimit_NCGW,Selenium.%_abovelimit_NCGW,Silver.%_abovelimit_NCGW,Barium.%_abovelimit_NCGW,Thallium.%_abovelimit_NCGW,Molybdenum.%_abovelimit_NCGW,Beryllium.%_abovelimit_NCGW,HexavalentChromium.%_abovelimit_NCGW,Arsenic.Mean_avg,Antimony.Mean_avg,Aluminum.Mean_avg,Cadmium.Mean_avg,Lead.Mean_avg,Manganese.Mean_avg,Mercury.Mean_avg,Chromium.Mean_avg,Copper.Mean_avg,Zinc.Mean_avg,Boron.Mean_avg,Uranium.Mean_avg,Vanadium.Mean_avg,Strontium.Mean_avg,Iron.Mean_avg,Calcium.Mean_avg,Cobalt.Mean_avg,Magnesium.Mean_avg,Nickel.Mean_avg,Nitrate.Mean_avg,Nitrite.Mean_avg,Potassium.Mean_avg,Selenium.Mean_avg,Sodium.Mean_avg,Silver.Mean_avg,Barium.Mean_avg,Thallium.Mean_avg,Molybdenum.Mean_avg,Beryllium.Mean_avg,HexavalentChromium.Mean_avg,Arsenic.Med,Antimony.Med,Aluminum.Med,Cadmium.Med,Lead.Med,Manganese.Med,Mercury.Med,Chromium.Med,Copper.Med,Zinc.Med,Boron.Med,Uranium.Med,Vanadium.Med,Strontium.Med,Iron.Med,Calcium.Med,Cobalt.Med,Magnesium.Med,Nickel.Med,Nitrate.Med,Nitrite.Med,Potassium.Med,Selenium.Med,Sodium.Med,Silver.Med,Barium.Med,Thallium.Med,Molybdenum.Med,Beryllium.Med,HexavalentChromium.Med,Arsenic.Minimum,Antimony.Minimum,Aluminum.Minimum,Cadmium.Minimum,Lead.Minimum,Manganese.Minimum,Mercury.Minimum,Chromium.Minimum,Copper.Minimum,Zinc.Minimum,Boron.Minimum,Uranium.Minimum,Vanadium.Minimum,Strontium.Minimum,Iron.Minimum,Calcium.Minimum,Cobalt.Minimum,Magnesium.Minimum,Nickel.Minimum,Nitrate.Minimum,Nitrite.Minimum,Potassium.Minimum,Selenium.Minimum,Sodium.Minimum,Silver.Minimum,Barium.Minimum,Thallium.Minimum,Molybdenum.Minimum,Beryllium.Minimum,HexavalentChromium.Minimum,Arsenic.Maximum,Antimony.Maximum,Aluminum.Maximum,Cadmium.Maximum,Lead.Maximum,Manganese.Maximum,Mercury.Maximum,Chromium.Maximum,Copper.Maximum,Zinc.Maximum,Boron.Maximum,Uranium.Maximum,Vanadium.Maximum,Strontium.Maximum,Iron.Maximum,Calcium.Maximum,Cobalt.Maximum,Magnesium.Maximum,Nickel.Maximum,Nitrate.Maximum,Nitrite.Maximum,Potassium.Maximum,Selenium.Maximum,Sodium.Maximum,Silver.Maximum,Barium.Maximum,Thallium.Maximum,Molybdenum.Maximum,Beryllium.Maximum,HexavalentChromium.Maximum,Arsenic.Std,Antimony.Std,Aluminum.Std,Cadmium.Std,Lead.Std,Manganese.Std,Mercury.Std,Chromium.Std,Copper.Std,Zinc.Std,Boron.Std,Uranium.Std,Vanadium.Std,Strontium.Std,Iron.Std,Calcium.Std,Cobalt.Std,Magnesium.Std,Nickel.Std,Nitrate.Std,Nitrite.Std,Potassium.Std,Selenium.Std,Sodium.Std,Silver.Std,Barium.Std,Thallium.Std,Molybdenum.Std,Beryllium.Std,HexavalentChromium.Std,Arsenic.IQRange,Antimony.IQRange,Aluminum.IQRange,Cadmium.IQRange,Lead.IQRange,Manganese.IQRange,Mercury.IQRange,Chromium.IQRange,Copper.IQRange,Zinc.IQRange,Boron.IQRange,Uranium.IQRange,Vanadium.IQRange,Strontium.IQRange,Iron.IQRange,Calcium.IQRange,Cobalt.IQRange,Magnesium.IQRange,Nickel.IQRange,Nitrate.IQRange,Nitrite.IQRange,Potassium.IQRange,Selenium.IQRange,Sodium.IQRange,Silver.IQRange,Barium.IQRange,Thallium.IQRange,Molybdenum.IQRange,Beryllium.IQRange,HexavalentChromium.IQRange
Alamance,2583,1,1,2208,2590,2600,1793,1886,1889,1888,0,0,0,0,1891,1886,0,1886,1,1504,1504,0,1886,1774,1886,1886,1,0,1,3,2530,1,0,2203,2423,1528,1791,1863,1651,697,0,0,0,0,1036,79,0,106,1,1044,1455,0,1855,1,1885,1705,1,0,1,2,53,0,1,5,167,1072,2,23,238,1191,0,0,0,0,855,1807,0,1780,0,460,49,0,31,1773,1,181,0,0,0,1,2.05,0,100,0.23,6.45,41.23,0.11,1.22,12.6,63.08,NA,NA,NA,NA,45.21,95.81,NA,94.38,0,30.59,3.26,NA,1.64,99.94,0.05,9.6,0,NA,0,33.33,7,0,0,2,60,249,1,0,5,159,NA,0,NA,NA,504,NA,NA,16,0,3,0,0,0,NA,0,NA,0.27,0,0,0.09,2.32,9.58,0.06,0,0.26,8.42,NA,NA,NA,NA,26.65,NA,NA,1.06,0,0.16,0,0,0,NA,0,NA,7,NA,NA,39,60,918,2,23,11,500,0,NA,0,NA,504,0,0,16,0,8,1886,2,NA,NA,NA,NA,0.27,NA,NA,1.77,2.32,35.31,0.11,1.22,0.58,26.48,NA,NA,NA,NA,26.65,NA,0,1.06,0,0.42,100,0.11,NA,NA,NA,NA,3.03,3.54,70,0.76,13.84,109.2,0.35,7.23,61.13,1367.42,NA,NA,NA,NA,563.06,23583.22,NA,7874.75,7.07,1554.73,75.77,NA,3.75,14560.38,35.36,80.4,1.41,NA,2.12,1.59,3.54,3.54,70,0.71,3.54,21.21,0.35,7.07,35.36,140,NA,NA,NA,NA,70.71,18000,NA,7000,7.07,707.11,70.71,NA,3.54,10000,35.36,70.71,1.41,NA,2.12,0.04,0.71,3.54,70,0.71,3.54,21.21,0.35,7.07,35.36,35.36,NA,NA,NA,NA,70.71,707.11,NA,707.11,7.07,707.11,70.71,NA,3.54,707.11,35.36,70.71,1.41,NA,2.12,0.04,21,3.54,70,6,22000,4320,2.2,70,2940,25420,NA,NA,NA,NA,36000,460000,NA,93000,7.07,150000,890,NA,75,240000,50,1200,1.41,NA,2.12,4.69,1.35,NA,NA,0.38,433.14,214.04,0.05,2.23,147.94,2909.12,NA,NA,NA,NA,1731.32,21032.57,NA,6731.43,NA,5507.94,38.21,NA,2.87,18217.84,0.34,50.25,NA,NA,NA,2.69,0,0,0,0,0,78.79,0,0,0,1064.64,NA,NA,NA,NA,259.29,24275,NA,6000,0,592.89,0,NA,0,6300,0,0,0,NA,0,2.33
Alexander,272,0,0,256,272,272,139,169,169,169,0,1,0,0,169,169,0,169,0,120,120,0,169,165,169,169,0,0,0,0,233,0,0,256,259,135,137,168,162,127,0,1,0,0,72,3,0,30,0,105,120,0,167,0,169,168,0,0,0,0,39,0,0,0,13,137,2,1,7,42,0,0,0,0,97,166,0,139,0,15,0,0,2,165,0,1,0,0,0,0,14.34,NA,NA,0,4.78,50.37,1.44,0.59,4.14,24.85,NA,0,NA,NA,57.4,98.22,NA,82.25,NA,12.5,0,NA,1.18,100,0,0.59,NA,NA,NA,NA,16,0,0,0,1,3,0,0,0,0,NA,0,NA,NA,64,NA,NA,0,0,0,0,0,0,NA,0,NA,5.88,NA,NA,0,0.37,1.1,0,0,0,0,NA,0,NA,NA,37.87,NA,NA,0,0,0,0,0,NA,NA,NA,NA,16,NA,NA,0,1,116,0,1,0,0,0,NA,0,NA,64,0,0,0,0,0,169,0,NA,NA,NA,NA,5.88,NA,NA,0,0.37,42.65,0,0.59,0,0,NA,NA,NA,NA,37.87,NA,NA,0,0,0,100,0,NA,NA,NA,NA,4.97,NA,NA,0.71,3.85,59.4,0.36,7.11,37.97,73.64,NA,0.71,NA,NA,1164.33,15160.48,NA,2038.24,NA,940.47,70.71,NA,3.62,9632.12,35.36,71.59,NA,NA,NA,NA,3.54,NA,NA,0.71,3.54,30,0.35,7.07,35.36,35.36,NA,0.71,NA,NA,160,12000,NA,2000,NA,707.11,70.71,NA,3.54,6400,35.36,70.71,NA,NA,NA,NA,0.71,NA,NA,0.71,3.54,21.21,0.35,7.07,35.36,35.36,NA,0.71,NA,NA,70.71,707.11,NA,707.11,NA,707.11,70.71,NA,3.54,1200,35.36,70.71,NA,NA,NA,NA,175,NA,NA,0.71,25,910,0.9,14,240,820,NA,0.71,NA,NA,17000,213000,NA,9250,NA,8400,70.71,NA,16,138500,35.36,220,NA,NA,NA,NA,15.1,NA,NA,0,1.76,75.39,0.05,0.53,17.68,100.5,NA,NA,NA,NA,2449.7,20321.01,NA,1337.34,NA,920.98,0,NA,0.96,14225.64,0,11.48,NA,NA,NA,NA,2.83,NA,NA,0,0,48.79,0,0,0,24.64,NA,0,NA,NA,929.29,13000,NA,2000,NA,0,0,NA,0,4100,0,0,NA,NA,NA,NA
Alleghany,346,0,1,242,347,348,206,219,219,219,0,0,0,0,220,219,0,219,0,81,81,0,219,211,219,219,0,0,0,0,345,0,0,239,263,263,205,219,153,123,0,0,0,0,143,11,0,76,0,58,79,0,216,2,219,202,0,0,0,0,1,0,1,3,84,85,1,0,66,96,0,0,0,0,77,208,0,143,0,23,2,0,3,209,0,17,0,0,0,0,0.29,NA,100,1.24,24.21,24.43,0.49,0,30.14,43.84,NA,NA,NA,NA,35,94.98,NA,65.3,NA,28.4,2.47,NA,1.37,99.05,0,7.76,NA,NA,NA,NA,0,0,0,2,24,4,1,0,4,5,NA,0,NA,NA,47,NA,NA,2,0,0,0,0,0,NA,0,NA,0,NA,0,0.83,6.92,1.15,0.49,0,1.83,2.28,NA,NA,NA,NA,21.36,NA,NA,2.47,0,0,0,0,NA,NA,NA,NA,0,NA,NA,4,24,62,1,0,4,15,0,NA,0,NA,47,0,0,2,0,0,219,0,NA,NA,NA,NA,0,NA,NA,1.65,6.92,17.82,0.49,0,1.83,6.85,NA,NA,NA,NA,21.36,NA,NA,2.47,0,0,100,0,NA,NA,NA,NA,2.87,NA,10,0.81,8.67,85.92,0.36,7.07,121,544.4,NA,NA,NA,NA,610.33,9798.07,NA,2097.63,NA,1504.84,73.41,NA,3.6,6801.49,35.36,81.05,NA,NA,NA,NA,3.54,NA,10,0.71,3.54,21.21,0.35,7.07,35.36,35.36,NA,NA,NA,NA,70.71,6000,NA,1000,NA,707.11,70.71,NA,3.54,4000,35.36,70.71,NA,NA,NA,NA,0.71,NA,10,0.71,3.54,21.21,0.35,7.07,35.36,35.36,NA,NA,NA,NA,70.71,707.11,NA,707.11,NA,707.11,70.71,NA,3.54,707.11,35.36,70.71,NA,NA,NA,NA,7.07,NA,10,15,707,8190,2,7.07,4350,24000,NA,NA,NA,NA,47000,66000,NA,10000,NA,13000,190,NA,13,95000,35.36,600,NA,NA,NA,NA,1.56,NA,NA,1,39.95,612.48,0.11,0,435.72,2255.07,NA,NA,NA,NA,3334.39,10136.91,NA,1964.22,NA,2085.6,17.14,NA,0.67,11442.71,0,58.24,NA,NA,NA,NA,2.83,NA,0,0,0,0,0,0,24.64,124.64,NA,NA,NA,NA,111.79,10000,NA,2292.89,NA,392.89,0,NA,0,3750,0,0,NA,NA,NA,NA
Anson,132,0,0,92,131,136,48,77,77,77,0,0,0,0,82,77,0,77,0,37,37,0,77,72,77,77,0,0,0,0,92,0,0,92,112,81,48,74,68,56,0,0,0,0,45,5,0,7,0,32,37,0,77,0,77,58,0,0,0,0,40,0,0,0,19,55,0,3,9,21,0,0,0,0,37,72,0,70,0,5,0,0,0,72,0,19,0,0,0,0,30.3,NA,NA,0,14.5,40.44,0,3.9,11.69,27.27,NA,NA,NA,NA,45.12,93.51,NA,90.91,NA,13.51,0,NA,0,100,0,24.68,NA,NA,NA,NA,25,0,0,0,7,15,0,0,1,0,NA,0,NA,NA,21,NA,NA,1,0,0,0,0,0,NA,0,NA,18.94,NA,NA,0,5.34,11.03,0,0,1.3,0,NA,NA,NA,NA,25.61,NA,NA,2.7,0,0,0,0,NA,NA,NA,NA,25,NA,NA,0,7,50,0,3,1,1,0,NA,0,NA,21,0,0,1,0,0,77,2,NA,NA,NA,NA,18.94,NA,NA,0,5.34,36.76,0,3.9,1.3,1.3,NA,NA,NA,NA,25.61,NA,NA,2.7,0,0,100,2.6,NA,NA,NA,NA,10.88,NA,NA,0.71,6.94,128.71,0.35,7.96,67.59,136.68,NA,NA,NA,NA,381.49,31916.05,NA,8999.35,NA,1752.09,70.71,NA,3.54,24134.72,35.36,150.81,NA,NA,NA,NA,3.54,NA,NA,0.71,3.54,21.21,0.35,7.07,35.36,35.36,NA,NA,NA,NA,70.71,29000,NA,7000,NA,707.11,70.71,NA,3.54,16850,35.36,70.71,NA,NA,NA,NA,0.71,NA,NA,0.71,3.54,21.21,0.35,7.07,35.36,35.36,NA,NA,NA,NA,70.71,707.11,NA,707.11,NA,707.11,70.71,NA,3.54,3000,35.36,70.71,NA,NA,NA,NA,154,NA,NA,0.71,260,4140,0.35,70,1310,3500,NA,NA,NA,NA,3200,129000,NA,37000,NA,31000,70.71,NA,3.54,130000,35.36,1300,NA,NA,NA,NA,25.42,NA,NA,0,22.91,375.26,0,7.18,157.17,411.75,NA,NA,NA,NA,623.48,25235.13,NA,7587.56,NA,5012.86,0,NA,0,24834.16,0,201.32,NA,NA,NA,NA,3,NA,NA,0,0,101.29,0,0,0,44.64,NA,NA,NA,NA,236.79,37000,NA,7000,NA,0,0,NA,0,13000,0,0,NA,NA,NA,NA
Ashe,717,4,0,565,717,717,481,486,486,485,0,2,0,0,485,486,2,486,0,247,247,0,486,470,486,486,4,0,4,0,709,4,0,565,645,585,481,482,403,274,0,2,0,0,296,8,2,105,0,176,246,0,485,3,486,448,4,0,4,0,8,0,0,0,72,132,0,4,83,211,0,0,0,0,189,478,0,381,0,71,1,0,1,467,0,38,0,0,0,0,1.12,0,NA,0,10.04,18.41,0,0.82,17.08,43.51,NA,0,NA,NA,38.97,98.35,0,78.4,NA,28.74,0.4,NA,0.21,99.36,0,7.82,0,NA,0,NA,2,0,0,0,26,6,0,0,1,9,NA,0,NA,NA,114,NA,NA,1,0,0,0,0,0,NA,0,NA,0.28,0,NA,0,3.63,0.84,0,0,0.21,1.86,NA,0,NA,NA,23.51,NA,NA,0.4,0,0,0,0,0,NA,0,NA,2,NA,NA,12,26,93,0,4,2,38,0,NA,0,NA,114,1,0,1,0,0,486,1,NA,NA,NA,NA,0.28,NA,NA,2.12,3.63,12.97,0,0.82,0.41,7.84,NA,NA,NA,NA,23.51,50,NA,0.4,0,0,100,0.21,NA,NA,NA,NA,3.04,3.54,NA,0.77,8.03,41.76,0.35,7.16,61.46,436.54,NA,0.71,NA,NA,506.39,12518.64,3.89,2753.24,NA,1228.42,72.41,NA,3.54,5183.02,35.36,79.83,1.41,NA,2.12,NA,3.54,3.54,NA,0.71,3.54,21.21,0.35,7.07,35.36,35.36,NA,0.71,NA,NA,70.71,9000,3.89,2000,NA,707.11,70.71,NA,3.54,3950,35.36,70.71,1.41,NA,2.12,NA,0.71,3.54,NA,0.71,3.54,21.21,0.35,7.07,35.36,35.36,NA,0.71,NA,NA,70.71,707.11,0.71,707.11,NA,707.11,70.71,NA,3.54,707.11,35.36,70.71,1.41,NA,2.12,NA,58,3.54,NA,3.54,2300,2500,0.35,40,1410,18000,NA,0.71,NA,NA,17000,170000,7.07,25000,NA,15000,490,NA,7,110000,35.36,910,1.41,NA,2.12,NA,2.6,0,NA,0.41,85.97,136.19,0,1.51,107.47,1546.49,NA,0,NA,NA,1458.74,13752.73,4.5,2528.84,NA,1387.01,26.68,NA,0.16,6672.62,0,52.37,0,NA,0,NA,2.83,0,NA,0,0,0,0,0,0,124.64,NA,0,NA,NA,219.29,11000,3.18,3000,NA,392.89,0,NA,0,2700,0,0,0,NA,0,NA
Avery,640,0,0,553,640,640,456,532,532,532,0,0,0,0,532,532,0,532,0,418,418,0,532,521,532,532,0,0,0,0,621,0,0,549,565,525,455,530,449,208,0,0,0,0,289,20,0,151,0,280,410,0,530,9,532,499,0,0,0,0,19,0,0,4,75,115,1,2,83,324,0,0,0,0,243,512,0,381,0,138,8,0,2,512,0,33,0,0,0,0,2.97,NA,NA,0.72,11.72,17.97,0.22,0.38,15.6,60.9,NA,NA,NA,NA,45.68,96.24,NA,71.62,NA,33.01,1.91,NA,0.38,98.27,0,6.2,NA,NA,NA,NA,7,0,0,0,30,9,0,0,2,19,NA,0,NA,NA,155,NA,NA,3,0,0,0,0,0,NA,0,NA,1.09,NA,NA,0,4.69,1.41,0,0,0.38,3.57,NA,NA,NA,NA,29.14,NA,NA,0.72,0,0,0,0,NA,NA,NA,NA,7,NA,NA,2,30,78,0,2,3,73,0,NA,0,NA,155,0,0,3,0,0,532,3,NA,NA,NA,NA,1.09,NA,NA,0.36,4.69,12.19,0,0.38,0.56,13.72,NA,NA,NA,NA,29.14,NA,NA,0.72,0,0,100,0.56,NA,NA,NA,NA,4.7,NA,NA,0.72,5.38,46.15,0.35,7.11,63.35,694.35,NA,NA,NA,NA,576.22,13201.21,NA,2392.41,NA,1331.75,77.54,NA,3.55,6273.83,35.36,80.8,NA,NA,NA,NA,3.54,NA,NA,0.71,3.54,21.21,0.35,7.07,35.36,80,NA,NA,NA,NA,70.71,8000,NA,2000,NA,707.11,70.71,NA,3.54,4300,35.36,70.71,NA,NA,NA,NA,0.71,NA,NA,0.71,3.54,21.21,0.35,7.07,35.36,35.36,NA,NA,NA,NA,70.71,707.11,NA,707.11,NA,707.11,70.71,NA,3.54,707.11,35.36,70.71,NA,NA,NA,NA,484,NA,NA,3.54,147,2300,0.6,20,3130,36000,NA,NA,NA,NA,13000,450000,NA,49000,NA,18000,790,NA,12,70000,35.36,1300,NA,NA,NA,NA,21.55,NA,NA,0.17,9.13,152.04,0.01,0.64,167.78,2364.19,NA,NA,NA,NA,1428.74,27783.48,NA,3367.97,NA,1598.38,58.29,NA,0.37,7384.59,0,77.95,NA,NA,NA,NA,0,NA,NA,0,0,0,0,0,0,277.14,NA,NA,NA,NA,309.29,9000,NA,2292.89,NA,692.89,0,NA,0,3300,0,0,NA,NA,NA,NA
Beaufort,216,11,0,176,216,216,126,164,164,159,0,0,0,0,164,164,0,164,0,108,108,0,164,159,164,164,11,0,11,0,211,11,0,176,201,152,126,162,150,129,0,0,0,0,56,9,0,19,0,108,107,0,164,0,164,163,11,0,11,0,5,0,0,0,15,64,0,2,14,30,0,0,0,0,108,155,0,145,0,0,1,0,0,159,0,1,0,0,0,0,2.31,0,NA,0,6.94,29.63,0,1.22,8.54,18.87,NA,NA,NA,NA,65.85,94.51,NA,88.41,NA,0,0.93,NA,0,100,0,0.61,0,NA,0,NA,0,0,0,0,4,6,0,0,1,0,NA,0,NA,NA,71,NA,NA,0,0,0,0,0,0,NA,0,NA,0,0,NA,0,1.85,2.78,0,0,0.61,0,NA,NA,NA,NA,43.29,NA,NA,0,0,0,0,0,0,NA,0,NA,0,NA,NA,4,4,52,0,2,1,4,0,NA,0,NA,71,0,0,0,0,0,164,1,NA,NA,NA,NA,0,NA,NA,2.27,1.85,24.07,0,1.22,0.61,2.52,NA,NA,NA,NA,43.29,NA,NA,0,0,0,100,0.61,NA,NA,NA,NA,3.13,3.54,NA,0.77,5.33,59.45,0.35,7.21,67.03,120.01,NA,NA,NA,NA,1229.69,52927.83,NA,11912.53,NA,707.11,72.65,NA,3.54,64783.65,35.36,76.99,1.41,NA,2.12,NA,3.54,3.54,NA,0.71,3.54,21.21,0.35,7.07,35.36,35.36,NA,NA,NA,NA,200,53500,NA,8000,NA,707.11,70.71,NA,3.54,40000,35.36,70.71,1.41,NA,2.12,NA,0.71,3.54,NA,0.71,3.54,21.21,0.35,7.07,35.36,35.36,NA,NA,NA,NA,70.71,707.11,NA,707.11,NA,707.11,70.71,NA,3.54,3900,35.36,70.71,1.41,NA,2.12,NA,7.07,3.54,NA,3.54,202,1000,0.35,27,3750,4000,NA,NA,NA,NA,13000,128000,NA,56000,NA,707.11,280,NA,3.54,5.00E+05,35.36,1100,1.41,NA,2.12,NA,1.28,0,NA,0.42,14.75,109.6,0,1.57,291.99,406.06,NA,NA,NA,NA,2332.47,31767.24,NA,11556.3,NA,0,20.14,NA,0,71962.36,0,80.37,0,NA,0,NA,0,0,NA,0,0,18.79,0,0,0,0,NA,NA,NA,NA,884.29,53250,NA,18000,NA,0,0,NA,0,75350,0,0,0,NA,0,NA
Bertie,104,4,0,79,104,104,63,79,79,77,0,0,0,0,79,79,0,79,0,62,62,0,79,77,79,79,4,0,4,0,103,4,0,79,101,85,63,79,78,53,0,0,0,0,33,15,0,17,0,61,62,0,79,0,79,55,4,0,4,0,1,0,0,0,3,19,0,0,1,24,0,0,0,0,46,64,0,62,0,1,0,0,0,77,0,24,0,0,0,0,0.96,0,NA,0,2.88,18.27,0,0,1.27,31.17,NA,NA,NA,NA,58.23,81.01,NA,78.48,NA,1.61,0,NA,0,100,0,30.38,0,NA,0,NA,0,0,0,0,0,0,0,0,0,0,NA,0,NA,NA,18,NA,NA,1,0,0,0,0,0,NA,0,NA,0,0,NA,0,0,0,0,0,0,0,NA,NA,NA,NA,22.78,NA,NA,1.61,0,0,0,0,0,NA,0,NA,0,NA,NA,0,0,14,0,0,0,1,0,NA,0,NA,18,0,0,1,0,0,79,1,NA,NA,NA,NA,0,NA,NA,0,0,13.46,0,0,0,1.3,NA,NA,NA,NA,22.78,NA,NA,1.61,0,0,100,1.27,NA,NA,NA,NA,3.17,3.54,NA,0.71,3.65,30.62,0.35,7.07,37.82,113.38,NA,NA,NA,NA,313.97,14526.67,NA,6291.4,NA,873.12,70.71,NA,3.54,118650.65,35.36,133,1.41,NA,2.12,NA,3.54,3.54,NA,0.71,3.54,21.21,0.35,7.07,35.36,35.36,NA,NA,NA,NA,140,6000,NA,4000,NA,707.11,70.71,NA,3.54,1.00E+05,35.36,70.71,1.41,NA,2.12,NA,0.71,3.54,NA,0.71,3.54,21.21,0.35,7.07,35.36,35.36,NA,NA,NA,NA,70.71,707.11,NA,707.11,NA,707.11,70.71,NA,3.54,4700,35.36,70.71,1.41,NA,2.12,NA,7.07,3.54,NA,0.71,9,180,0.35,7.07,230,1000,NA,NA,NA,NA,6700,69000,NA,48000,NA,11000,70.71,NA,3.54,340000,35.36,800,1.41,NA,2.12,NA,1.33,0,NA,0,0.67,26.03,0,0,21.9,180.44,NA,NA,NA,NA,785.79,15916.29,NA,7548.6,NA,1307.2,0,NA,0,90689.1,0,139.24,0,NA,0,NA,0,0,NA,0,0,0,0,0,0,44.64,NA,NA,NA,NA,214.29,23000,NA,8000,NA,0,0,NA,0,130000,0,29.29,0,NA,0,NA
Bladen,232,1,0,177,233,234,103,150,151,150,0,0,0,0,152,150,0,150,1,107,107,1,150,144,150,150,1,0,1,0,228,1,0,177,227,180,103,150,146,128,0,0,0,0,48,19,0,48,1,100,105,0,150,0,150,146,1,0,1,0,4,0,0,0,6,54,0,0,5,22,0,0,0,0,104,131,0,102,0,7,2,1,0,144,0,4,0,0,0,0,1.72,0,NA,0,2.58,23.08,0,0,3.31,14.67,NA,NA,NA,NA,68.42,87.33,NA,68,0,6.54,1.87,100,0,100,0,2.67,0,NA,0,NA,0,0,0,0,1,3,0,0,0,0,NA,0,NA,NA,70,NA,NA,0,0,0,0,0,0,NA,0,NA,0,0,NA,0,0.43,1.28,0,0,0,0,NA,NA,NA,NA,46.05,NA,NA,0,0,0,0,0,0,NA,0,NA,0,NA,NA,1,1,36,0,0,0,1,0,NA,0,NA,70,0,0,0,0,0,150,0,NA,NA,NA,NA,0,NA,NA,0.56,0.43,15.38,0,0,0,0.67,NA,NA,NA,NA,46.05,NA,0,0,0,0,100,0,NA,NA,NA,NA,2.93,3.54,NA,0.72,3.93,41.06,0.35,7.07,39.75,74.28,NA,NA,NA,NA,817.86,15269.57,NA,2566.27,7.07,888.79,71.73,4640,3.54,20615.28,35.36,72.51,1.41,NA,2.12,NA,3.54,3.54,NA,0.71,3.54,21.21,0.35,7.07,35.36,35.36,NA,NA,NA,NA,230,5000,NA,1000,7.07,707.11,70.71,4640,3.54,7250,35.36,70.71,1.41,NA,2.12,NA,0.71,3.54,NA,0.71,3.54,21.21,0.35,7.07,35.36,35.36,NA,NA,NA,NA,10,707.11,NA,707.11,7.07,707.11,70.71,4640,3.54,1100,35.36,70.71,1.41,NA,2.12,NA,7.07,3.54,NA,3.54,58,1700,0.35,7.07,580,1500,NA,NA,NA,NA,16000,85000,NA,19000,7.07,6800,130,4640,3.54,280000,35.36,200,1.41,NA,2.12,NA,1.62,NA,NA,0.21,3.74,114.94,0,0,44.55,157.58,NA,NA,NA,NA,1852.04,20649.61,NA,3193.05,NA,848.48,7.42,NA,0,38807.46,0,12.88,NA,NA,NA,NA,2.83,0,NA,0,0,0,0,0,0,0,NA,NA,NA,NA,564.29,15000,NA,2292.89,0,0,0,0,0,18100,0,0,0,NA,0,NA
Brunswick,826,4,0,660,826,827,505,575,575,571,0,0,0,0,576,575,0,575,0,519,519,0,575,569,575,575,4,0,4,0,795,4,0,659,797,503,505,572,554,455,0,0,0,0,102,31,0,65,0,504,516,0,563,0,575,569,4,0,4,0,31,0,0,1,29,324,0,3,21,116,0,0,0,0,474,544,0,510,0,15,3,0,12,569,0,6,0,0,0,0,3.75,0,NA,0.15,3.51,39.18,0,0.52,3.65,20.32,NA,NA,NA,NA,82.29,94.61,NA,88.7,NA,2.89,0.58,NA,2.09,100,0,1.04,0,NA,0,NA,2,0,0,1,10,5,0,0,1,3,NA,0,NA,NA,410,NA,NA,0,0,0,0,0,0,NA,0,NA,0.24,0,NA,0.15,1.21,0.6,0,0,0.17,0.53,NA,NA,NA,NA,71.18,NA,NA,0,0,0,0,0,0,NA,0,NA,2,NA,NA,1,10,189,0,3,1,8,0,NA,0,NA,410,0,0,0,0,1,575,1,NA,NA,NA,NA,0.24,NA,NA,0.15,1.21,22.85,0,0.52,0.17,1.4,NA,NA,NA,NA,71.18,NA,NA,0,0,0.17,100,0.17,NA,NA,NA,NA,3.13,3.54,NA,0.71,3.96,40.54,0.35,7.14,44.48,142.6,NA,NA,NA,NA,1637.82,49965.43,NA,3058.3,NA,753.14,70.94,NA,3.66,58384.36,35.36,72.32,1.41,NA,2.12,NA,3.54,3.54,NA,0.71,3.54,21.21,0.35,7.07,35.36,35.36,NA,NA,NA,NA,890,55000,NA,2000,NA,707.11,70.71,NA,3.54,9800,35.36,70.71,1.41,NA,2.12,NA,0.71,3.54,NA,0.71,3.54,21.21,0.35,7.07,35.36,35.36,NA,NA,NA,NA,70.71,707.11,NA,707.11,NA,707.11,70.71,NA,3.54,2100,35.36,70.71,1.41,NA,2.12,NA,21,3.54,NA,5,104,1500,0.35,20,2040,10000,NA,NA,NA,NA,15000,174000,NA,74000,NA,4600,120,NA,27,1200000,35.36,700,1.41,NA,2.12,NA,1.6,0,NA,0.17,4.07,67.11,0,0.93,94.36,721.16,NA,NA,NA,NA,2026.89,32263.77,NA,4965.02,NA,331.37,3.05,NA,1.19,151862.47,0,27.01,0,NA,0,NA,0,0,NA,0,0,18.79,0,0,0,0,NA,NA,NA,NA,1900,54000,NA,2000,NA,0,0,NA,0,14700,0,0,0,NA,0,NA
Buncombe,4904,4,5,3727,4907,4904,2614,3506,3509,3505,3,0,3,3,3506,3506,3,3506,3,2530,2530,3,3506,3376,3503,3506,4,3,4,3,4861,4,4,3722,4618,3464,2611,3438,3135,2503,3,0,0,3,1605,103,3,369,3,2105,2495,0,3490,8,3503,3270,4,3,4,2,43,0,1,5,289,1440,3,68,374,1002,0,0,3,0,1901,3403,0,3137,0,425,35,3,16,3368,0,236,0,0,0,1,0.88,0,20,0.13,5.89,29.36,0.11,1.94,10.66,28.59,0,NA,100,0,54.22,97.06,0,89.48,0,16.8,1.38,100,0.46,99.76,0,6.73,0,0,0,33.33,3,0,2,0,76,92,0,4,4,17,NA,0,NA,NA,1267,NA,NA,9,1,2,0,0,0,NA,0,NA,0.06,0,40,0,1.55,1.88,0,0.11,0.11,0.49,NA,NA,NA,NA,36.14,NA,NA,0.36,0.04,0.06,0,0,0,NA,0,NA,3,NA,NA,6,76,1057,1,68,4,79,0,NA,0,NA,1267,0,0,9,1,3,3503,1,NA,NA,NA,NA,0.06,NA,NA,0.16,1.55,21.55,0.04,1.94,0.11,2.25,0,NA,0,NA,36.14,0,0,0.36,0.04,0.09,100,0.03,NA,NA,NA,NA,2.97,1.94,200.99,0.71,7.84,48.65,0.35,7.43,49.83,183.25,70.71,NA,0.73,353.55,989.22,14802.06,0.71,3740.34,7.07,1122.87,73.33,3020,3.62,8942.12,35.36,76.89,0.41,7.07,1.59,0.12,3.54,1.41,70.71,0.71,3.54,21.21,0.35,7.07,35.36,35.36,70.71,NA,0.5,353.55,130,12000,0.71,3000,7.07,707.11,70.71,2040,3.54,6500,35.36,70.71,0.07,7.07,1.41,0.04,0.71,1.41,35.36,0.71,3.54,7.07,0.35,0.71,7.07,35.36,70.71,NA,0.4,353.55,70.71,707.11,0.71,707.11,7.07,707.11,70.71,1620,3.54,707.11,35.36,70.71,0.07,7.07,1.41,0.04,23,3.54,510,3.54,17000,1900,1.2,121,2000,37000,70.71,NA,1.3,353.55,210000,4.00E+05,0.71,55000,7.07,58000,1000,5400,120,220000,35.36,1460,1.41,7.07,2.12,0.29,1.35,1.06,218.29,0.1,242.77,97.22,0.02,4.37,84.66,1090.98,0,NA,0.49,0,5785.61,14509.92,0,3577.56,0,2197.05,30.09,2071.81,2.5,12558.63,0,36.16,0.67,0,0.35,0.15,0,0.53,318.2,0,0,18.79,0,0,0,34.64,0,NA,0.45,0,509.29,12000,0,3000,0,0,0,1890,0,4000,0,0,0.34,0,0.18,0.13
Burke,471,1,1,334,471,471,257,302,302,302,0,1,0,0,302,302,0,302,1,219,219,0,302,293,302,302,0,0,0,0,459,1,0,334,442,310,256,295,280,221,0,1,0,0,139,10,0,63,1,197,216,0,301,3,302,294,0,0,0,0,12,0,1,0,29,161,1,7,22,81,0,0,0,0,163,292,0,239,0,22,3,0,1,290,0,8,0,0,0,0,2.55,0,100,0,6.16,34.18,0.39,2.32,7.28,26.82,NA,0,NA,NA,53.97,96.69,NA,79.14,0,10.05,1.37,NA,0.33,98.98,0,2.65,NA,NA,NA,NA,3,0,0,0,7,7,0,0,0,4,NA,0,NA,NA,109,NA,NA,5,0,0,0,0,0,NA,0,NA,0.64,0,0,0,1.49,1.49,0,0,0,1.32,NA,0,NA,NA,36.09,NA,NA,2.28,0,0,0,0,NA,NA,NA,NA,3,NA,NA,1,7,129,1,7,0,20,0,NA,0,NA,109,0,0,5,0,0,302,0,NA,NA,NA,NA,0.64,NA,NA,0.3,1.49,27.39,0.39,2.32,0,6.62,NA,NA,NA,NA,36.09,NA,0,2.28,0,0,100,0,NA,NA,NA,NA,3.03,3.54,110,0.72,4.02,55.78,0.36,7.48,46.39,327.82,NA,0.71,NA,NA,973.77,12594.94,NA,2320.46,7.07,1291.28,72.85,NA,3.54,8437.27,35.36,72.54,NA,NA,NA,NA,3.54,3.54,110,0.71,3.54,21.21,0.35,7.07,35.36,35.36,NA,0.71,NA,NA,120,9000,NA,2000,7.07,707.11,70.71,NA,3.54,5200,35.36,70.71,NA,NA,NA,NA,0.71,3.54,110,0.71,3.54,21.21,0.35,7.07,35.36,35.36,NA,0.71,NA,NA,70.71,707.11,NA,707.11,7.07,707.11,70.71,NA,3.54,707.11,35.36,70.71,NA,NA,NA,NA,21,3.54,110,3.54,33,3890,1.6,54,520,19000,NA,0.71,NA,NA,52000,320000,NA,33000,7.07,22000,310,NA,6,280000,35.36,200,NA,NA,NA,NA,1.93,NA,NA,0.15,2.56,191.66,0.08,3.37,52.97,1505.11,NA,NA,NA,NA,3461.97,20618.58,NA,2549.74,NA,2915.29,20.41,NA,0.14,19545.04,0,13.48,NA,NA,NA,NA,2.83,0,0,0,0,28.79,0,0,0,24.64,NA,0,NA,NA,526.79,10000,NA,2000,0,0,0,NA,0,3300,0,0,NA,NA,NA,NA
Cabarrus,1382,0,0,1020,1388,1399,632,849,855,849,0,0,0,0,867,850,1,850,0,594,594,0,849,803,849,849,0,0,0,0,1256,0,0,1017,1330,817,632,833,796,681,0,0,0,0,457,31,1,51,0,430,588,0,843,0,849,751,0,0,0,0,126,0,0,3,58,582,0,16,59,168,0,0,0,0,410,819,0,799,0,164,6,0,6,803,0,98,0,0,0,0,9.12,NA,NA,0.29,4.18,41.6,0,1.88,6.9,19.79,NA,NA,NA,NA,47.29,96.35,0,94,NA,27.61,1.01,NA,0.71,100,0,11.54,NA,NA,NA,NA,44,0,0,3,19,147,0,1,2,5,NA,0,NA,NA,238,NA,NA,3,0,0,0,0,0,NA,0,NA,3.18,NA,NA,0.29,1.37,10.51,0,0.12,0.23,0.59,NA,NA,NA,NA,27.45,NA,NA,0.51,0,0,0,0,NA,NA,NA,NA,44,NA,NA,15,19,509,0,16,3,14,0,NA,0,NA,238,1,0,3,0,1,849,0,NA,NA,NA,NA,3.18,NA,NA,1.47,1.37,36.38,0,1.88,0.35,1.65,NA,NA,NA,NA,27.45,100,NA,0.51,0,0.12,100,0,NA,NA,NA,NA,3.62,NA,NA,0.75,4.34,127.17,0.35,7.39,66.74,189.44,NA,NA,NA,NA,590.91,45429.67,7.07,10840.03,NA,1233.63,71.56,NA,3.58,22387.3,35.36,81.8,NA,NA,NA,NA,3.54,NA,NA,0.71,3.54,21.21,0.35,7.07,35.36,35.36,NA,NA,NA,NA,70.71,31000,7.07,8000,NA,707.11,70.71,NA,3.54,12000,35.36,70.71,NA,NA,NA,NA,0.71,NA,NA,0.71,3.54,21.21,0.35,7.07,35.36,35.36,NA,NA,NA,NA,70.71,707.11,7.07,707.11,NA,707.11,70.71,NA,3.54,2300,35.36,70.71,NA,NA,NA,NA,247,NA,NA,5,162,6190,0.35,170,8740,23000,NA,NA,NA,NA,87000,620000,7.07,96000,NA,11000,210,NA,28,590000,35.36,400,NA,NA,NA,NA,7.9,NA,NA,0.38,7.57,339.49,0,5.72,408.86,1167.01,NA,NA,NA,NA,3171.73,56404.71,NA,9925.95,NA,1307.7,9.29,NA,0.87,39321.43,0,39.3,NA,NA,NA,NA,2.83,NA,NA,0,0,78.79,0,0,0,0,NA,NA,NA,NA,264.29,44000,0,11000,NA,492.89,0,NA,0,10750,0,0,NA,NA,NA,NA
Caldwell,358,1,0,314,357,358,311,312,312,312,0,3,0,0,313,313,0,313,0,8,8,0,312,311,312,312,1,0,1,0,343,1,0,314,336,259,311,305,296,191,0,3,0,0,130,2,0,64,0,8,8,0,311,0,312,306,1,0,1,0,15,0,0,0,21,99,0,7,16,121,0,0,0,0,183,311,0,249,0,0,0,0,1,311,0,6,0,0,0,0,4.19,0,NA,0,5.88,27.65,0,2.24,5.13,38.78,NA,0,NA,NA,58.47,99.36,NA,79.55,NA,0,0,NA,0.32,100,0,1.92,0,NA,0,NA,8,0,0,0,6,4,0,0,0,2,NA,0,NA,NA,117,NA,NA,0,0,0,0,0,0,NA,0,NA,2.23,0,NA,0,1.68,1.12,0,0,0,0.64,NA,0,NA,NA,37.38,NA,NA,0,0,0,0,0,0,NA,0,NA,8,NA,NA,0,6,64,0,7,0,15,0,NA,0,NA,117,0,0,0,0,0,312,0,NA,NA,NA,NA,2.23,NA,NA,0,1.68,17.88,0,2.24,0,4.81,NA,NA,NA,NA,37.38,NA,NA,0,0,0,100,0,NA,NA,NA,NA,3.61,3.54,NA,0.71,3.95,50.27,0.35,7.23,38.61,232.97,NA,0.71,NA,NA,943.94,12614.74,NA,2450.97,NA,707.11,70.71,NA,3.55,6927.33,35.36,72.38,1.41,NA,2.12,NA,3.54,3.54,NA,0.71,3.54,21.21,0.35,7.07,35.36,35.36,NA,0.71,NA,NA,160,10000,NA,2000,NA,707.11,70.71,NA,3.54,4800,35.36,70.71,1.41,NA,2.12,NA,0.71,3.54,NA,0.71,3.54,21.21,0.35,7.07,35.36,35.36,NA,0.71,NA,NA,70.71,707.11,NA,707.11,NA,707.11,70.71,NA,3.54,1700,35.36,70.71,1.41,NA,2.12,NA,27,3.54,NA,0.71,20,3190,0.35,20,160,11000,NA,0.71,NA,NA,33000,68000,NA,15000,NA,707.11,70.71,NA,9,170000,35.36,213,1.41,NA,2.12,NA,2.21,NA,NA,0,2.01,180.19,0,1.24,15.96,805.54,NA,0,NA,NA,2714.31,9610.99,NA,2033.95,NA,0,0,NA,0.31,12469.99,0,13.49,NA,NA,NA,NA,0,0,NA,0,0,16.79,0,0,0,127.14,NA,0,NA,NA,489.29,11000,NA,2000,NA,0,0,NA,0,2800,0,0,0,NA,0,NA
Camden,92,2,0,91,92,92,81,83,83,83,0,0,0,0,83,83,0,83,0,81,81,0,83,83,83,83,2,0,2,0,91,2,0,91,88,33,81,82,78,78,0,0,0,0,21,26,0,27,0,79,79,0,81,0,83,80,2,0,2,0,1,0,0,0,4,59,0,1,5,5,0,0,0,0,62,57,0,56,0,2,2,0,2,83,0,3,0,0,0,0,1.09,0,NA,0,4.35,64.13,0,1.2,6.02,6.02,NA,NA,NA,NA,74.7,68.67,NA,67.47,NA,2.47,2.47,NA,2.41,100,0,3.61,0,NA,0,NA,0,0,0,0,0,6,0,0,0,0,NA,0,NA,NA,49,NA,NA,0,0,0,0,0,0,NA,0,NA,0,0,NA,0,0,6.52,0,0,0,0,NA,NA,NA,NA,59.04,NA,NA,0,0,0,0,0,0,NA,0,NA,0,NA,NA,0,0,56,0,1,0,0,0,NA,0,NA,49,0,0,0,0,0,83,0,NA,NA,NA,NA,0,NA,NA,0,0,60.87,0,1.2,0,0,NA,NA,NA,NA,59.04,NA,NA,0,0,0,100,0,NA,NA,NA,NA,3.37,3.54,NA,0.71,3.72,116.76,0.35,7.11,40.45,68.37,NA,NA,NA,NA,1954.52,32088.97,NA,6374.6,NA,804.46,74.15,NA,3.58,114354.22,35.36,73.62,1.41,NA,2.12,NA,3.54,3.54,NA,0.71,3.54,97,0.35,7.07,35.36,35.36,NA,NA,NA,NA,580,18000,NA,4000,NA,707.11,70.71,NA,3.54,43000,35.36,70.71,1.41,NA,2.12,NA,0.71,3.54,NA,0.71,3.54,21.21,0.35,7.07,35.36,35.36,NA,NA,NA,NA,70.71,707.11,NA,707.11,NA,707.11,70.71,NA,3.54,4300,35.36,70.71,1.41,NA,2.12,NA,3.54,3.54,NA,0.71,14,490,0.35,10,270,400,NA,NA,NA,NA,16000,118000,NA,38000,NA,8200,220,NA,6,830000,35.36,200,1.41,NA,2.12,NA,0.65,0,NA,0,1.16,110.66,0,0.32,27.73,96.35,NA,NA,NA,NA,3072.36,33057.36,NA,7543.98,NA,833.14,21.81,NA,0.31,177855.49,0,16.93,0,NA,0,NA,0,0,NA,0,0,138.79,0,0,0,0,NA,NA,NA,NA,2409.64,63292.89,NA,7792.89,NA,0,0,NA,0,100900,0,0,0,NA,0,NA
Carteret,973,3,0,684,987,973,567,610,618,608,0,0,0,0,604,607,0,607,7,538,538,2,604,591,604,604,3,0,3,0,965,3,0,675,923,609,567,597,574,472,0,0,0,0,147,51,0,65,7,536,532,2,603,3,604,604,3,0,3,0,8,0,0,9,64,364,0,13,44,136,0,0,0,0,457,556,0,542,0,2,6,0,1,588,0,0,0,0,0,0,0.82,0,NA,1.32,6.48,37.41,0,2.13,7.12,22.37,NA,NA,NA,NA,75.66,91.6,NA,89.29,0,0.37,1.12,0,0.17,99.49,0,0,0,NA,0,NA,1,0,0,2,25,8,0,0,1,3,NA,0,NA,NA,355,NA,NA,0,0,0,0,0,0,NA,0,NA,0.1,0,NA,0.29,2.53,0.82,0,0,0.16,0.49,NA,NA,NA,NA,58.77,NA,NA,0,0,0,0,0,0,NA,0,NA,1,NA,NA,7,25,269,0,13,1,13,0,NA,0,NA,355,0,0,0,0,0,604,0,NA,NA,NA,NA,0.1,NA,NA,1.02,2.53,27.65,0,2.13,0.16,2.14,NA,NA,NA,NA,58.77,NA,0,0,0,0,100,0,NA,NA,NA,NA,2.69,3.54,NA,0.73,4.43,45.46,0.35,7.58,52.47,143.76,NA,NA,NA,NA,842.15,78546.73,NA,7204.95,7.07,708.83,71.24,707.11,3.55,31404.1,35.36,70.71,1.41,NA,2.12,NA,3.54,3.54,NA,0.71,3.54,21.21,0.35,7.07,35.36,35.36,NA,NA,NA,NA,450,84000,NA,3000,7.07,707.11,70.71,707.11,3.54,13000,35.36,70.71,1.41,NA,2.12,NA,0.71,3.54,NA,0.71,3.54,21.21,0.35,7.07,35.36,7.07,NA,NA,NA,NA,70.71,707.11,NA,707.11,7.07,707.11,70.71,707.11,3.54,707.11,35.36,70.71,1.41,NA,2.12,NA,10,3.54,NA,5,193,630,0.35,96,3040,8900,NA,NA,NA,NA,8300,208000,NA,51000,7.07,1340,170,707.11,14,509500,35.36,70.71,1.41,NA,2.12,NA,1.5,0,NA,0.28,6.98,51.83,0,5.09,140.69,598.3,NA,NA,NA,NA,1056.27,34967.49,NA,8562.45,0,30.04,5.62,0,0.43,49552.21,0,0,0,NA,0,NA,2.83,0,NA,0,0,28.79,0,0,0,0,NA,NA,NA,NA,1090,33500,NA,6000,0,0,0,0,0,15100,0,0,0,NA,0,NA
Caswell,688,0,0,526,688,688,394,440,448,440,0,0,0,0,441,440,1,440,0,519,519,0,440,426,440,440,0,0,0,0,681,0,0,525,613,438,394,420,381,264,0,0,0,0,237,14,1,22,0,338,516,0,437,1,440,412,0,0,0,0,7,0,0,1,75,250,0,20,67,176,0,0,0,0,204,426,0,418,0,181,3,0,3,425,0,28,0,0,0,0,1.02,NA,NA,0.19,10.9,36.34,0,4.55,14.96,40,NA,NA,NA,NA,46.26,96.82,0,95,NA,34.87,0.58,NA,0.68,99.77,0,6.36,NA,NA,NA,NA,0,0,0,0,20,45,0,0,4,11,NA,0,NA,NA,125,NA,NA,1,0,1,0,0,0,NA,0,NA,0,NA,NA,0,2.91,6.54,0,0,0.89,2.5,NA,NA,NA,NA,28.34,NA,NA,0.19,0,0.23,0,0,NA,NA,NA,NA,0,NA,NA,3,20,206,0,20,7,37,0,NA,0,NA,125,1,0,1,0,1,440,1,NA,NA,NA,NA,0,NA,NA,0.57,2.91,29.94,0,4.55,1.56,8.41,NA,NA,NA,NA,28.34,100,NA,0.19,0,0.23,100,0.23,NA,NA,NA,NA,2.9,NA,NA,0.72,4.68,145.98,0.35,8.02,106.83,486.3,NA,NA,NA,NA,506.17,29052.04,7.07,7874.45,NA,1291.35,71.38,NA,3.67,17664.81,35.36,76.97,NA,NA,NA,NA,3.54,NA,NA,0.71,3.54,21.21,0.35,7.07,35.36,35.36,NA,NA,NA,NA,70.71,20500,7.07,6000,NA,707.11,70.71,NA,3.54,11000,35.36,70.71,NA,NA,NA,NA,0.71,NA,NA,0.71,3.54,21.21,0.35,7.07,35.36,35.36,NA,NA,NA,NA,70.71,707.11,7.07,707.11,NA,707.11,70.71,NA,3.54,707.11,35.36,70.71,NA,NA,NA,NA,9,NA,NA,3.54,80,44950,0.35,90,13400,23000,NA,NA,NA,NA,16000,370000,7.07,57000,NA,10000,230,NA,57,230000,35.36,800,NA,NA,NA,NA,1.46,NA,NA,0.2,5.39,1718.1,0,6.03,671.69,1866.09,NA,NA,NA,NA,1274.26,31050.86,NA,7083.71,NA,1232.85,9.23,NA,2.55,24429.91,0,41.23,NA,NA,NA,NA,2.83,NA,NA,0,0,38.79,0,0,0,124.64,NA,NA,NA,NA,299.29,25000,0,7000,NA,692.89,0,NA,0,8900,0,0,NA,NA,NA,NA
Catawba,1567,8,8,1250,1527,1527,1182,1204,1204,1200,8,0,6,8,1203,1204,8,1204,8,30,30,8,1204,1192,1196,1204,8,8,8,4,1480,8,8,1249,1456,1133,1179,1171,1154,845,8,0,1,7,776,24,8,122,8,25,29,1,1197,6,1196,1138,8,8,8,1,87,0,0,1,71,394,3,33,50,355,0,0,5,1,427,1180,0,1082,0,5,1,7,7,1186,0,66,0,0,0,3,5.55,0,0,0.08,4.65,25.8,0.25,2.74,4.15,29.58,0,NA,83.33,12.5,35.49,98.01,0,89.87,0,16.67,3.33,87.5,0.58,99.5,0,5.48,0,0,0,75,44,0,7,0,22,11,0,2,1,9,NA,0,NA,NA,263,NA,NA,0,0,0,0,0,0,NA,0,NA,2.81,0,87.5,0,1.44,0.72,0,0.17,0.08,0.75,NA,NA,NA,NA,21.86,NA,NA,0,0,0,0,0,0,NA,0,NA,44,NA,NA,1,22,270,1,31,1,50,0,NA,2,NA,263,0,0,0,0,3,1196,0,NA,NA,NA,NA,2.81,NA,NA,0.08,1.44,17.68,0.08,2.57,0.08,4.17,0,NA,33.33,NA,21.86,0,0,0,0,0.25,100,0,NA,NA,NA,NA,4.57,1.33,313.78,0.71,4.68,40.34,0.35,7.7,43.16,243.86,70.71,NA,5.89,376.73,555.99,15236.27,0.71,3036.9,7.07,1022.59,72.69,2158.39,3.63,7931.59,35.36,75.43,0.05,7.07,1.41,0.94,3.54,1.41,353.55,0.71,3.54,21.21,0.35,7.07,35.36,35.36,70.71,NA,3.15,353.55,70.71,11000,0.71,3000,7.07,707.11,70.71,2300,3.54,6300,35.36,70.71,0.07,7.07,1.41,0.36,0.71,0.71,35.36,0.71,3.54,7.07,0.35,0.71,7.07,35.36,70.71,NA,0.14,353.55,70.71,707.11,0.71,707.11,7.07,707.11,70.71,707.11,3.54,707.11,35.36,70.71,0.01,7.07,1.41,0.04,388,1.41,353.55,3.54,636,2730,1.1,197,5000,23000,70.71,NA,16.4,539,26000,370000,0.71,15000,7.07,3100,130,2900,44,170000,35.36,600,0.07,7.07,1.41,2.99,15.09,0.25,112.5,0.08,18.19,106.35,0.03,7.63,145.6,1102.44,0,NA,6.7,65.57,1756.99,21233.6,0,1942.23,0,782.77,10.82,716.09,1.47,9620.82,0,27.82,0.03,0,0,1.38,0,0,0,0,0,8.79,0,0,0,54.64,0,NA,9.05,0,149.29,11000,0,2000,0,0,0,690,0,3600,0,0,0.06,0,0,0.9
Chatham,3129,23,23,2157,3128,3128,1578,2068,2071,2068,23,2,23,23,2068,2068,23,2068,23,1761,1761,23,2069,1960,2045,2068,23,23,23,26,2707,22,18,2152,2940,1808,1564,2039,1856,1209,13,2,10,11,1359,108,22,170,18,1377,1741,4,1993,1,2045,1662,23,16,23,18,422,1,5,5,188,1320,14,29,215,859,10,0,13,12,709,1960,1,1898,5,384,20,19,76,1959,0,406,0,7,0,8,13.49,4.35,21.74,0.23,6.01,42.2,0.89,1.4,10.38,41.54,43.48,0,56.52,52.17,34.28,94.78,4.35,91.78,21.74,21.81,1.14,82.61,3.67,99.95,0,19.63,0,30.43,0,30.77,85,0,13,1,61,321,3,1,7,62,NA,0,NA,NA,409,NA,NA,41,0,8,0,0,0,NA,0,NA,2.72,0,56.52,0.05,1.95,10.26,0.19,0.05,0.34,3,NA,0,NA,NA,19.78,NA,NA,2.33,0,0.39,0,0,0,NA,0,NA,85,NA,NA,9,61,1129,11,25,7,201,0,NA,0,NA,409,1,0,41,0,17,2045,8,NA,NA,NA,NA,2.72,NA,NA,0.42,1.95,36.09,0.7,1.21,0.34,9.72,0,NA,0,NA,19.78,4.35,0,2.33,0,0.82,100,0.39,NA,NA,NA,NA,3.56,1.44,336.33,0.72,4.28,120.63,0.36,7.22,61.47,555.5,41,0.71,1.19,276.57,456.86,32821.84,0.57,10146.32,4.77,1565.73,72.08,1415.15,4.14,26742.38,35.36,104.45,0.07,4.71,1.05,0.18,3.54,1.41,353.55,0.71,3.54,21.21,0.35,7.07,35.36,35.36,50,0.71,0.6,353.55,70.71,28000,0.71,8000,7.07,707.11,70.71,1450,3.54,15000,35.36,70.71,0.07,7.07,0.71,0.04,0.71,1.41,3.54,0.71,0.71,0.71,0.35,0.71,3.54,35.36,3.54,0.71,0.14,25,70.71,707.11,0.35,707.11,0.71,707.11,70.71,550,3.54,707.11,35.36,7,0.07,0.71,0.71,0.04,127,2,1930,5,162,3900,4.1,100,13000,36000,70.71,0.71,4.3,625,34000,450000,1.4,140000,12,120000,570,3470,155,826300,35.36,1440,0.07,8,1.41,1.48,4.46,0.12,461.92,0.18,5.92,277.25,0.14,3.07,342.4,2043.97,30.4,0,1.36,159.29,1637.53,30198.24,0.25,10550.56,3.5,4409.99,17.1,765.26,6.02,39135.31,0,98.67,0,3.03,0.36,0.33,0.54,0,350.02,0,0,69.79,0,0,0,164.64,59.21,0,2.06,222.55,129.29,31000,0.35,9000,6.36,0,0,876.45,0,15000,0,0,0,6.07,0.71,0.05
Cherokee,3031,1,0,1422,3035,3031,664,1384,1388,1384,0,0,0,0,1385,1382,0,1384,0,451,451,1,1384,1281,1384,1384,1,0,1,0,2995,1,0,1418,2822,1997,662,1379,1227,954,0,0,0,0,755,96,0,377,0,428,451,0,1380,62,1384,1380,1,0,1,0,36,0,0,4,213,1034,2,5,161,430,0,0,0,0,630,1286,0,1007,0,23,0,1,4,1219,0,4,0,0,0,0,1.19,0,NA,0.28,7.02,34.11,0.3,0.36,11.6,31.07,NA,NA,NA,NA,45.49,93.05,NA,72.76,NA,5.1,0,100,0.29,95.16,0,0.29,0,NA,0,NA,5,0,0,3,76,116,0,0,7,20,NA,0,NA,NA,420,NA,NA,0,0,0,0,0,0,NA,0,NA,0.16,0,NA,0.21,2.5,3.83,0,0,0.5,1.45,NA,NA,NA,NA,30.32,NA,NA,0,0,0,0,0,0,NA,0,NA,5,NA,NA,4,76,857,1,5,9,63,0,NA,0,NA,420,0,0,0,0,0,1384,0,NA,NA,NA,NA,0.16,NA,NA,0.28,2.5,28.27,0.15,0.36,0.65,4.55,NA,NA,NA,NA,30.32,NA,NA,0,0,0,100,0,NA,NA,NA,NA,2.35,3.54,NA,0.72,4.49,71.15,0.36,7.11,69.5,303.7,NA,NA,NA,NA,876.78,13438.05,NA,2054.63,NA,798.45,70.71,117000,3.55,6360.63,35.36,70.9,1.41,NA,2.12,NA,3.54,3.54,NA,0.71,3.54,21.21,0.35,7.07,35.36,35.36,NA,NA,NA,NA,70.71,11000,NA,2000,NA,707.11,70.71,117000,3.54,4400,35.36,70.71,1.41,NA,2.12,NA,0.71,3.54,NA,0.71,3.54,21.21,0.35,7.07,35.36,35.36,NA,NA,NA,NA,70.71,707.11,NA,707.11,NA,707.11,70.71,117000,3.54,707.11,35.36,70.71,1.41,NA,2.12,NA,28,3.54,NA,10,222,5800,1.5,23,7710,29730,NA,NA,NA,NA,65230,310000,NA,51000,NA,9700,70.71,117000,12,150000,35.36,200,1.41,NA,2.12,NA,1.8,NA,NA,0.3,7.07,227.29,0.05,0.64,322.52,1473.92,NA,NA,NA,NA,3281.35,14563.75,NA,2185.21,NA,547.99,0,NA,0.34,8942.53,0,4.09,NA,NA,NA,NA,2.83,0,NA,0,0,35.79,0,0,0,54.64,NA,NA,NA,NA,369.29,14000,NA,1292.89,NA,0,0,0,0,3900,0,0,0,NA,0,NA
Chowan,47,1,0,46,47,47,28,44,44,44,0,0,0,0,44,44,0,44,0,27,27,0,44,37,44,44,1,0,1,0,46,1,0,46,45,20,28,44,42,38,0,0,0,0,9,1,0,3,0,25,27,0,42,0,44,42,1,0,1,0,1,0,0,0,2,27,0,0,2,6,0,0,0,0,35,43,0,41,0,2,0,0,2,37,0,2,0,0,0,0,2.13,0,NA,0,4.26,57.45,0,0,4.55,13.64,NA,NA,NA,NA,79.55,97.73,NA,93.18,NA,7.41,0,NA,4.55,100,0,4.55,0,NA,0,NA,0,0,0,0,1,2,0,0,0,0,NA,0,NA,NA,22,NA,NA,1,0,0,0,0,0,NA,0,NA,0,0,NA,0,2.13,4.26,0,0,0,0,NA,NA,NA,NA,50,NA,NA,3.7,0,0,0,0,0,NA,0,NA,0,NA,NA,0,1,25,0,0,0,0,0,NA,0,NA,22,0,0,1,0,0,44,0,NA,NA,NA,NA,0,NA,NA,0,2.13,53.19,0,0,0,0,NA,NA,NA,NA,50,NA,NA,3.7,0,0,100,0,NA,NA,NA,NA,3.51,3.54,NA,0.71,3.85,72.47,0.35,7.07,37.61,52.54,NA,NA,NA,NA,1921.28,51016.07,NA,12752.76,NA,1576.95,70.71,NA,3.65,142789.19,35.36,74.31,1.41,NA,2.12,NA,3.54,3.54,NA,0.71,3.54,50,0.35,7.07,35.36,35.36,NA,NA,NA,NA,325,53000,NA,7000,NA,707.11,70.71,NA,3.54,23300,35.36,70.71,1.41,NA,2.12,NA,0.71,3.54,NA,0.71,3.54,21.21,0.35,7.07,35.36,35.36,NA,NA,NA,NA,70.71,707.11,NA,707.11,NA,707.11,70.71,NA,3.54,2800,35.36,70.71,1.41,NA,2.12,NA,8,3.54,NA,0.71,15,360,0.35,7.07,100,353.55,NA,NA,NA,NA,20000,147000,NA,62000,NA,16000,70.71,NA,6,710000,35.36,200,1.41,NA,2.12,NA,0.88,NA,NA,0,1.74,74.74,0,0,10.95,54.96,NA,NA,NA,NA,4006.66,32219.58,NA,13972.28,NA,3284.97,0,NA,0.52,178569.14,0,19.88,NA,NA,NA,NA,0,0,NA,0,0,88.79,0,0,0,0,NA,NA,NA,NA,995,41250,NA,13250,NA,0,0,NA,0,250100,0,0,0,NA,0,NA
Clay,1575,0,0,862,1575,1575,369,802,802,802,0,0,0,0,803,801,0,802,0,177,177,0,802,754,802,802,0,0,0,0,1557,0,0,862,1466,1028,367,801,697,626,0,0,0,0,432,49,0,235,0,164,177,0,799,26,802,795,0,0,0,0,18,0,0,0,109,547,2,1,105,176,0,0,0,0,371,752,0,567,0,13,0,0,3,728,0,7,0,0,0,0,1.14,NA,NA,0,6.92,34.73,0.54,0.12,13.09,21.95,NA,NA,NA,NA,46.2,93.88,NA,70.7,NA,7.34,0,NA,0.37,96.55,0,0.87,NA,NA,NA,NA,1,0,0,0,30,75,0,0,1,6,NA,0,NA,NA,243,NA,NA,1,0,0,0,0,0,NA,0,NA,0.06,NA,NA,0,1.9,4.76,0,0,0.12,0.75,NA,NA,NA,NA,30.26,NA,NA,0.56,0,0,0,0,NA,NA,NA,NA,1,NA,NA,6,30,439,0,1,4,18,0,NA,0,NA,243,0,0,1,0,0,802,0,NA,NA,NA,NA,0.06,NA,NA,0.7,1.9,27.87,0,0.12,0.5,2.24,NA,NA,NA,NA,30.26,NA,NA,0.56,0,0,100,0,NA,NA,NA,NA,2.78,NA,NA,0.73,4.46,84.08,0.36,7.09,53.81,156.92,NA,NA,NA,NA,728.25,11239.64,NA,1813.58,NA,889.97,70.71,NA,3.55,5990.09,35.36,72.35,NA,NA,NA,NA,3.54,NA,NA,0.71,3.54,21.21,0.35,7.07,35.36,35.36,NA,NA,NA,NA,70.71,8000,NA,1000,NA,707.11,70.71,NA,3.54,4400,35.36,70.71,NA,NA,NA,NA,0.71,NA,NA,0.71,3.54,21.21,0.35,7.07,35.36,35.36,NA,NA,NA,NA,70.71,707.11,NA,707.11,NA,707.11,70.71,NA,3.54,707.11,35.36,70.71,NA,NA,NA,NA,11,NA,NA,3.54,216,5850,0.7,19,1360,10000,NA,NA,NA,NA,87000,370000,NA,20000,NA,10000,70.71,NA,9,85000,35.36,550,NA,NA,NA,NA,1.89,NA,NA,0.24,7.67,277.63,0.02,0.42,99.17,699.13,NA,NA,NA,NA,3485.65,16355.55,NA,1714.45,NA,933.66,0,NA,0.29,7702.91,0,22.67,NA,NA,NA,NA,2.83,NA,NA,0,0,28.79,0,0,0,0,NA,NA,NA,NA,359.29,12000,NA,1292.89,NA,0,0,NA,0,4000,0,0,NA,NA,NA,NA
Cleveland,390,12,12,195,392,390,115,175,177,173,12,0,12,12,175,175,12,175,12,79,79,12,175,168,163,175,13,12,12,13,356,12,12,195,359,279,115,170,143,112,12,0,12,9,105,2,11,30,12,62,76,0,175,1,163,172,11,12,12,4,34,0,0,0,33,111,0,5,34,61,0,0,0,3,70,173,1,145,0,17,3,12,0,167,0,3,2,0,0,9,8.72,0,0,0,8.42,28.46,0,2.86,19.21,35.26,0,NA,0,25,40,98.86,8.33,82.86,0,21.52,3.8,100,0,99.4,0,1.71,15.38,0,0,69.23,10,0,7,0,11,6,0,0,2,0,NA,0,NA,NA,44,NA,NA,0,0,0,0,0,0,NA,0,NA,2.56,0,58.33,0,2.81,1.54,0,0,1.13,0,NA,NA,NA,NA,25.14,NA,NA,0,0,0,0,0,0,NA,0,NA,10,NA,NA,2,11,81,0,4,2,8,0,NA,0,NA,44,1,0,0,0,0,163,0,NA,NA,NA,NA,2.56,NA,NA,1.03,2.81,20.77,0,2.29,1.13,4.62,0,NA,0,NA,25.14,8.33,0,0,0,0,100,0,NA,NA,NA,NA,2.99,1.41,213.02,0.74,6.01,61.45,0.35,6.77,82.42,220.15,53.92,NA,0.14,271.75,1137.63,12853.8,0.73,2581.79,5.48,1135.7,73.34,1723.33,3.66,6585.7,35.36,69.82,0.18,5.48,1.24,0.35,3.54,1.41,353.55,0.71,3.54,21.21,0.35,7.07,35.36,35.36,70.71,NA,0.14,353.55,70.71,11000,0.71,2000,7.07,707.11,70.71,1675,3.54,6100,35.36,70.71,0.07,7.07,1.41,0.06,0.71,1.41,3.54,0.71,0.71,0.71,0.35,0.71,3.54,35.36,3.54,NA,0.14,9,70.71,707.11,0.35,707.11,0.71,707.11,70.71,1010,3.54,707.11,35.36,3,0.07,0.71,0.71,0.04,36,1.41,353.55,3.54,317,5330,0.35,20,3000,4500,70.71,NA,0.14,353.55,73000,66000,2,11000,7.07,6200,170,2410,7.07,36000,35.36,70.71,1.41,7.07,1.41,1.17,3.38,0,174,0.29,21.98,300.13,0,1.97,271.06,591.57,30.38,NA,0,148.2,6429.57,10742.41,0.43,1985.11,2.88,1062.81,14.52,419.42,0.65,4468.02,0,6.95,0.37,2.88,0.32,0.44,2.83,0,326.15,0,0,18.79,0,0,0,54.64,16.79,NA,0,76.89,219.29,12000,0.09,2000,1.59,0,0,615,0,3935,0,0,0,1.59,0.18,0.49
Columbus,1247,2,0,1104,1244,1252,755,832,832,832,0,0,0,0,840,832,0,832,0,705,705,0,832,817,832,832,2,0,2,0,1225,2,0,1101,1205,1053,755,831,811,712,0,0,0,0,516,8,0,118,0,701,702,0,824,0,831,701,2,0,2,0,22,0,0,3,39,199,0,1,21,120,0,0,0,0,324,824,0,714,0,4,3,0,8,817,1,131,0,0,0,0,1.76,0,NA,0.27,3.14,15.89,0,0.12,2.52,14.42,NA,NA,NA,NA,38.57,99.04,NA,85.82,NA,0.57,0.43,NA,0.96,100,0.12,15.75,0,NA,0,NA,3,0,0,2,11,1,0,0,0,2,NA,0,NA,NA,134,NA,NA,0,0,0,0,0,0,NA,0,NA,0.24,0,NA,0.18,0.88,0.08,0,0,0,0.24,NA,NA,NA,NA,15.95,NA,NA,0,0,0,0,0,0,NA,0,NA,3,NA,NA,3,11,144,0,1,0,6,0,NA,0,NA,134,0,0,0,0,1,832,2,NA,NA,NA,NA,0.24,NA,NA,0.27,0.88,11.5,0,0.12,0,0.72,NA,NA,NA,NA,15.95,NA,NA,0,0,0.12,100,0.24,NA,NA,NA,NA,2.99,3.54,NA,0.76,3.83,34.23,0.35,7.12,39.52,105.89,NA,NA,NA,NA,304.29,22431.92,NA,5598.86,NA,724.23,70.88,NA,3.61,61181.88,35.37,89.76,1.41,NA,2.12,NA,3.54,3.54,NA,0.71,3.54,21.21,0.35,7.07,35.36,35.36,NA,NA,NA,NA,70.71,21500,NA,5000,NA,707.11,70.71,NA,3.54,14000,35.36,70.71,1.41,NA,2.12,NA,0.71,3.54,NA,0.71,3.54,21.21,0.35,7.07,35.36,35.36,NA,NA,NA,NA,70.71,707.11,NA,707.11,NA,707.11,70.71,NA,3.54,3200,35.36,70.71,1.41,NA,2.12,NA,46,3.54,NA,47,48,5960,0.35,50,690,24000,NA,NA,NA,NA,8500,116000,NA,19000,NA,7500,130,NA,44,8.00E+05,50,1100,1.41,NA,2.12,NA,2.19,0,NA,1.4,2.39,169.48,0,1.49,43.84,881.74,NA,NA,NA,NA,779.42,17541.53,NA,4123.3,NA,303.56,2.72,NA,1.43,102788.93,0.51,73.6,0,NA,0,NA,0,0,NA,0,0,0,0,0,0,0,NA,NA,NA,NA,101.79,28000,NA,7000,NA,0,0,NA,0,75700,0,0,0,NA,0,NA
Craven,250,16,0,164,250,251,108,145,145,133,0,0,0,0,146,146,0,146,0,82,82,0,145,142,145,145,16,0,16,0,247,16,0,164,234,167,108,145,128,102,0,0,0,0,60,21,0,45,0,80,82,0,145,0,145,144,16,0,16,0,3,0,0,0,16,84,0,0,17,31,0,0,0,0,86,125,0,101,0,2,0,0,0,142,0,1,0,0,0,0,1.2,0,NA,0,6.4,33.47,0,0,11.72,23.31,NA,NA,NA,NA,58.9,85.62,NA,69.18,NA,2.44,0,NA,0,100,0,0.69,0,NA,0,NA,0,0,0,0,7,1,0,0,0,0,NA,0,NA,NA,71,NA,NA,0,0,0,0,0,0,NA,0,NA,0,0,NA,0,2.8,0.4,0,0,0,0,NA,NA,NA,NA,48.63,NA,NA,0,0,0,0,0,0,NA,0,NA,0,NA,NA,1,7,55,0,0,1,3,0,NA,0,NA,71,0,0,0,0,0,145,0,NA,NA,NA,NA,0,NA,NA,0.61,2.8,21.91,0,0,0.69,2.26,NA,NA,NA,NA,48.63,NA,NA,0,0,0,100,0,NA,NA,NA,NA,2.94,3.54,NA,0.72,7.85,41.3,0.35,7.07,64.11,106.52,NA,NA,NA,NA,932.55,50485.27,NA,3443.97,NA,737.42,70.71,NA,3.54,50478.17,35.36,70.91,1.41,NA,2.12,NA,3.54,3.54,NA,0.71,3.54,21.21,0.35,7.07,35.36,35.36,NA,NA,NA,NA,255,63000,NA,2000,NA,707.11,70.71,NA,3.54,13500,35.36,70.71,1.41,NA,2.12,NA,0.71,3.54,NA,0.71,3.54,21.21,0.35,7.07,35.36,35.36,NA,NA,NA,NA,70.71,707.11,NA,707.11,NA,707.11,70.71,NA,3.54,1500,35.36,70.71,1.41,NA,2.12,NA,7.07,3.54,NA,3.54,923,1250,0.35,7.07,1240,1300,NA,NA,NA,NA,8300,155000,NA,23000,NA,2100,70.71,NA,3.54,220000,35.36,100,1.41,NA,2.12,NA,1.72,0,NA,0.22,58.22,82.37,0,0,141.87,196.96,NA,NA,NA,NA,1356.73,38135.8,NA,4378.48,NA,194.34,0,NA,0,55746.57,0,2.43,0,NA,0,NA,2.83,0,NA,0,0,18.79,0,0,0,24.64,NA,NA,NA,NA,1029.29,68750,NA,3292.89,NA,0,0,NA,0,89025,0,0,0,NA,0,NA
Cumberland,2044,8,0,1567,1970,1956,1190,1411,1414,1403,0,0,0,0,1425,1411,0,1411,0,1165,1165,0,1411,1376,1411,1411,8,0,8,1,1908,8,0,1558,1547,1373,1177,1401,1310,928,0,0,0,0,541,315,0,511,0,743,1161,0,1403,9,1411,1100,8,0,8,1,136,0,0,9,423,583,13,10,104,475,0,0,0,0,884,1096,0,900,0,422,4,0,8,1367,0,311,0,0,0,0,6.65,0,NA,0.57,21.47,29.81,1.09,0.71,7.36,33.86,NA,NA,NA,NA,62.04,77.68,NA,63.78,NA,36.22,0.34,NA,0.57,99.35,0,22.04,0,NA,0,0,59,0,0,2,136,16,5,1,2,6,NA,0,NA,NA,680,NA,NA,26,1,0,0,1,0,NA,0,NA,2.89,0,NA,0.13,6.9,0.82,0.42,0.07,0.14,0.43,NA,NA,NA,NA,47.72,NA,NA,2.23,0.09,0,0,0.07,0,NA,0,NA,59,NA,NA,17,136,353,8,10,3,30,0,NA,0,NA,680,0,0,26,1,1,1411,4,NA,NA,NA,NA,2.89,NA,NA,1.08,6.9,18.05,0.67,0.71,0.21,2.14,NA,NA,NA,NA,47.72,NA,NA,2.23,0.09,0.07,100,0.28,NA,NA,NA,NA,3.77,3.54,NA,0.74,7,43.35,0.37,7.2,85.46,184.54,NA,NA,NA,NA,772.66,6041.27,NA,2344.61,NA,1980.86,71.65,NA,3.57,30156.73,35.36,98.65,1.41,NA,2.12,0.04,3.54,3.54,NA,0.71,3.54,21.21,0.35,7.07,35.36,35.36,NA,NA,NA,NA,250,3000,NA,1000,NA,707.11,70.71,NA,3.54,6100,35.36,70.71,1.41,NA,2.12,0.04,0.71,3.54,NA,0.71,3.54,21.21,0.35,7.07,35.36,35.36,NA,NA,NA,NA,70.71,707.11,NA,707.11,NA,707.11,70.71,NA,3.54,707.11,35.36,70.71,1.41,NA,2.12,0.04,161,3.54,NA,7,725,7550,2.5,125,53000,31000,NA,NA,NA,NA,36000,130000,NA,25000,NA,32000,1000,NA,33,1100000,35.36,2900,1.41,NA,2.12,0.04,6.71,0,NA,0.32,20.5,186.83,0.14,3.21,1410.85,1051.83,NA,NA,NA,NA,1905.69,10238.46,NA,2789.95,NA,2808.67,27.37,NA,0.81,70771.08,0,109.81,0,NA,0,NA,0,0,NA,0,0,18.79,0,0,0,54.64,NA,NA,NA,NA,759.29,6000,NA,2292.89,NA,1392.89,0,NA,0,12500,0,0,0,NA,0,0
Currituck,1130,8,0,1112,1130,1130,1012,1031,1031,1023,0,0,0,0,1031,1029,0,1029,0,1015,1014,0,1031,1030,1031,1031,8,0,8,0,1031,8,0,1107,1072,431,1012,1027,980,877,0,0,0,0,269,101,0,106,0,875,996,0,1028,0,1031,1026,8,0,8,0,99,0,0,5,58,699,0,4,51,146,0,0,0,0,762,928,0,923,0,140,18,0,3,1030,0,5,0,0,0,0,8.76,0,NA,0.45,5.13,61.86,0,0.39,4.95,14.27,NA,NA,NA,NA,73.91,90.18,NA,89.7,NA,13.79,1.78,NA,0.29,100,0,0.48,0,NA,0,NA,53,0,0,4,14,65,0,0,0,3,NA,0,NA,NA,624,NA,NA,11,2,0,0,0,0,NA,0,NA,4.69,0,NA,0.36,1.24,5.75,0,0,0,0.29,NA,NA,NA,NA,60.52,NA,NA,1.08,0.2,0,0,0,0,NA,0,NA,53,NA,NA,4,14,624,0,4,0,10,0,NA,0,NA,624,0,0,11,2,0,1031,0,NA,NA,NA,NA,4.69,NA,NA,0.36,1.24,55.22,0,0.39,0,0.98,NA,NA,NA,NA,60.52,NA,NA,1.08,0.2,0,100,0,NA,NA,NA,NA,4.52,3.54,NA,0.72,4.04,104.01,0.35,7.09,39.62,94.93,NA,NA,NA,NA,2359.47,37039.47,NA,7787.39,NA,1215.55,73.9,NA,3.55,55159.51,35.36,71.08,1.41,NA,2.12,NA,3.54,3.54,NA,0.71,3.54,60,0.35,7.07,35.36,35.36,NA,NA,NA,NA,600,28000,NA,5000,NA,707.11,70.71,NA,3.54,25000,35.36,70.71,1.41,NA,2.12,NA,0.71,3.54,NA,0.71,3.54,21.21,0.35,7.07,35.36,35.36,NA,NA,NA,NA,70.71,707.11,NA,707.11,NA,707.11,70.71,NA,3.54,2200,35.36,70.71,1.41,NA,2.12,NA,130,3.54,NA,5,77,1700,0.35,15,540,12000,NA,NA,NA,NA,80000,164000,NA,2.00E+05,NA,24000,1000,NA,10,1500000,35.36,200,1.41,NA,2.12,NA,6.36,0,NA,0.26,3.51,134.06,0,0.36,27.88,471.67,NA,NA,NA,NA,4623.59,33686.91,NA,12083.29,NA,1844.71,43.28,NA,0.22,103221.16,0,6.12,0,NA,0,NA,0,0,NA,0,0,118.79,0,0,0,0,NA,NA,NA,NA,2754.29,47000,NA,6000,NA,0,0,NA,0,42000,0,0,0,NA,0,NA
Dare,462,0,0,239,462,462,123,223,223,223,0,0,0,0,223,223,0,223,4,50,50,0,223,176,223,223,0,0,0,0,427,0,0,239,393,200,123,221,155,125,0,0,0,0,88,20,0,26,4,49,50,0,223,3,223,220,0,0,0,0,35,0,0,0,69,262,0,2,68,98,0,0,0,0,135,203,0,197,0,1,0,0,0,173,0,3,0,0,0,0,7.58,NA,NA,0,14.94,56.71,0,0.9,30.49,43.95,NA,NA,NA,NA,60.54,91.03,NA,88.34,0,2,0,NA,0,98.3,0,1.35,NA,NA,NA,NA,9,0,0,0,21,7,0,0,2,0,NA,0,NA,NA,88,NA,NA,1,0,0,0,0,0,NA,0,NA,1.95,NA,NA,0,4.55,1.52,0,0,0.9,0,NA,NA,NA,NA,39.46,NA,NA,2,0,0,0,0,NA,NA,NA,NA,9,NA,NA,0,21,203,0,2,2,5,0,NA,0,NA,88,0,0,1,0,0,223,0,NA,NA,NA,NA,1.95,NA,NA,0,4.55,43.94,0,0.9,0.9,2.24,NA,NA,NA,NA,39.46,NA,0,2,0,0,100,0,NA,NA,NA,NA,2.8,NA,NA,0.71,5.51,63.8,0.35,7.23,115.74,144.95,NA,NA,NA,NA,982.68,44682.25,NA,6453.52,7.07,1092.96,70.71,NA,3.54,71800.12,35.36,73.8,NA,NA,NA,NA,3.54,NA,NA,0.71,3.54,40,0.35,7.07,35.36,35.36,NA,NA,NA,NA,150,41000,NA,4000,7.07,707.11,70.71,NA,3.54,32000,35.36,70.71,NA,NA,NA,NA,0.71,NA,NA,0.71,3.54,21.21,0.35,7.07,35.36,35.36,NA,NA,NA,NA,70.71,707.11,NA,707.11,7.07,707.11,70.71,NA,3.54,707.11,35.36,70.71,NA,NA,NA,NA,21,NA,NA,0.71,88,900,0.35,30,7400,2300,NA,NA,NA,NA,22000,191000,NA,110000,7.07,20000,70.71,NA,3.54,880000,35.36,400,NA,NA,NA,NA,2.6,NA,NA,0,8.53,82.05,0,1.76,515.03,302.2,NA,NA,NA,NA,2592.26,35136.39,NA,9853.44,0,2728.43,0,NA,0,93775.68,0,28.12,NA,NA,NA,NA,2.83,NA,NA,0,0,48.79,0,0,34.64,94.64,NA,NA,NA,NA,619.29,43000,NA,5000,0,0,0,NA,0,85500,0,0,NA,NA,NA,NA
Davidson,697,3,0,336,695,695,236,290,291,290,0,1,0,0,291,290,0,290,0,193,193,0,290,272,290,290,3,0,3,0,613,3,0,334,636,508,235,287,249,202,0,0,0,0,161,8,0,31,0,146,193,0,286,0,290,282,3,0,3,0,84,0,0,2,59,187,1,3,42,88,0,1,0,0,130,282,0,259,0,47,0,0,4,272,0,8,0,0,0,0,12.05,0,NA,0.6,8.49,26.91,0.42,1.03,14.43,30.34,NA,100,NA,NA,44.67,97.24,NA,89.31,NA,24.35,0,NA,1.38,100,0,2.76,0,NA,0,NA,32,0,0,1,19,49,0,0,1,9,NA,0,NA,NA,94,NA,NA,1,0,0,0,0,0,NA,0,NA,4.59,0,NA,0.3,2.73,7.05,0,0,0.34,3.1,NA,0,NA,NA,32.3,NA,NA,0.52,0,0,0,0,0,NA,0,NA,32,NA,NA,2,19,160,0,3,1,21,0,NA,0,NA,94,0,0,1,0,0,290,0,NA,NA,NA,NA,4.59,NA,NA,0.6,2.73,23.02,0,1.03,0.34,7.24,NA,NA,NA,NA,32.3,NA,NA,0.52,0,0,100,0,NA,NA,NA,NA,3.87,3.54,NA,0.73,5.92,84.9,0.36,7.18,54.75,846.36,NA,15,NA,NA,643.25,35188.13,NA,7654.31,NA,1256,70.71,NA,3.6,14662.5,35.36,73.63,1.41,NA,2.12,NA,3.54,3.54,NA,0.71,3.54,21.21,0.35,7.07,35.36,35.36,NA,15,NA,NA,70.71,24000,NA,5000,NA,707.11,70.71,NA,3.54,10000,35.36,70.71,1.41,NA,2.12,NA,0.71,3.54,NA,0.71,3.54,21.21,0.35,7.07,35.36,35.36,NA,15,NA,NA,70.71,707.11,NA,707.11,NA,707.11,70.71,NA,3.54,2300,35.36,70.71,1.41,NA,2.12,NA,100,3.54,NA,7,502,7850,0.7,20,1410,81030,NA,15,NA,NA,41000,290000,NA,49000,NA,13200,70.71,NA,12,160000,35.36,400,1.41,NA,2.12,NA,6.74,0,NA,0.35,23.9,335.74,0.02,1.06,104.57,5432.92,NA,NA,NA,NA,2707.84,39821.44,NA,7994.78,NA,1540.35,0,NA,0.62,16244.22,0,24.98,0,NA,0,NA,2.83,0,NA,0,0,18.79,0,0,0,52.14,NA,0,NA,NA,389.29,40000,NA,7000,NA,0,0,NA,0,8400,0,0,0,NA,0,NA
Davie,493,0,0,232,493,493,163,218,218,218,0,0,0,0,218,218,0,218,0,98,98,0,218,203,218,218,0,0,0,0,479,0,0,232,470,430,162,215,189,151,0,0,0,0,151,3,0,7,0,65,97,0,215,0,218,215,0,0,0,0,14,0,0,0,23,63,1,3,29,67,0,0,0,0,67,215,0,211,0,33,1,0,3,203,0,3,0,0,0,0,2.84,NA,NA,0,4.67,12.78,0.61,1.38,13.3,30.73,NA,NA,NA,NA,30.73,98.62,NA,96.79,NA,33.67,1.02,NA,1.38,100,0,1.38,NA,NA,NA,NA,0,0,0,0,5,5,0,0,0,3,NA,0,NA,NA,39,NA,NA,2,0,0,0,0,0,NA,0,NA,0,NA,NA,0,1.01,1.01,0,0,0,1.38,NA,NA,NA,NA,17.89,NA,NA,2.04,0,0,0,0,NA,NA,NA,NA,0,NA,NA,0,5,46,0,3,0,10,0,NA,0,NA,39,0,0,2,0,1,218,0,NA,NA,NA,NA,0,NA,NA,0,1.01,9.33,0,1.38,0,4.59,NA,NA,NA,NA,17.89,NA,NA,2.04,0,0.46,100,0,NA,NA,NA,NA,2.61,NA,NA,0.71,9.04,39.27,0.36,7.45,54.28,297.42,NA,NA,NA,NA,379.12,29154.23,NA,7463.35,NA,1443.8,71.11,NA,3.71,11500.49,35.36,72.49,NA,NA,NA,NA,3.54,NA,NA,0.71,3.54,21.21,0.35,7.07,35.36,35.36,NA,NA,NA,NA,70.71,19000,NA,5000,NA,707.11,70.71,NA,3.54,8400,35.36,70.71,NA,NA,NA,NA,0.71,NA,NA,0.71,3.54,21.21,0.35,7.07,35.36,35.36,NA,NA,NA,NA,70.71,707.11,NA,707.11,NA,707.11,70.71,NA,3.54,1400,35.36,70.71,NA,NA,NA,NA,7.07,NA,NA,0.71,2560,3110,0.8,74,670,14000,NA,NA,NA,NA,14000,440000,NA,57000,NA,13000,110,NA,23,110000,35.36,300,NA,NA,NA,NA,1.91,NA,NA,0,115.14,164.85,0.03,4.59,78.63,1245.78,NA,NA,NA,NA,1268.25,46927.65,NA,7700.35,NA,1959.88,3.97,NA,1.63,12786.49,0,17.89,NA,NA,NA,NA,2.83,NA,NA,0,0,0,0,0,0,34.64,NA,NA,NA,NA,69.29,23000,NA,6000,NA,692.89,0,NA,0,6000,0,0,NA,NA,NA,NA
Duplin,585,9,0,479,586,585,411,428,427,418,0,0,0,0,428,428,0,428,0,391,391,0,427,416,427,427,9,0,9,0,576,9,0,478,554,299,411,426,407,375,0,0,0,0,112,11,0,99,0,369,388,0,427,0,427,416,9,0,9,0,9,0,0,1,32,286,0,2,20,43,0,0,0,0,316,417,0,329,0,22,3,0,0,416,0,11,0,0,0,0,1.54,0,NA,0.21,5.46,48.89,0,0.47,4.68,10.29,NA,NA,NA,NA,73.83,97.43,NA,76.87,NA,5.63,0.77,NA,0,100,0,2.58,0,NA,0,NA,5,0,0,0,8,2,0,0,0,0,NA,0,NA,NA,190,NA,NA,6,0,0,0,0,0,NA,0,NA,0.85,0,NA,0,1.37,0.34,0,0,0,0,NA,NA,NA,NA,44.39,NA,NA,1.53,0,0,0,0,0,NA,0,NA,5,NA,NA,1,8,185,0,2,1,2,0,NA,0,NA,190,0,0,6,0,0,427,0,NA,NA,NA,NA,0.85,NA,NA,0.21,1.37,31.62,0,0.47,0.23,0.48,NA,NA,NA,NA,44.39,NA,NA,1.53,0,0,100,0,NA,NA,NA,NA,3.31,3.54,NA,0.71,4.2,47.59,0.35,7.09,42.5,80.67,NA,NA,NA,NA,701.52,38347.85,NA,3725.43,NA,1177.83,71.19,NA,3.54,9647.12,35.36,73.8,1.41,NA,2.12,NA,3.54,3.54,NA,0.71,3.54,21.21,0.35,7.07,35.36,35.36,NA,NA,NA,NA,250,40500,NA,3000,NA,707.11,70.71,NA,3.54,5200,35.36,70.71,1.41,NA,2.12,NA,0.71,3.54,NA,0.71,3.54,21.21,0.35,7.07,35.36,35.36,NA,NA,NA,NA,70.71,707.11,NA,707.11,NA,707.11,70.71,NA,3.54,1400,35.36,70.71,1.41,NA,2.12,NA,54,3.54,NA,2,93,3000,0.35,13,1200,4400,NA,NA,NA,NA,9200,150000,NA,19000,NA,28000,190,NA,3.54,120000,35.36,400,1.41,NA,2.12,NA,2.91,0,NA,0.06,5.24,130.72,0,0.32,64.45,249.96,NA,NA,NA,NA,1219.15,19675.45,NA,3409.96,NA,2638.6,6.51,NA,0,12450.26,0,23.83,0,NA,0,NA,0,0,NA,0,0,28.79,0,0,0,0,NA,NA,NA,NA,629.29,19000,NA,4000,NA,0,0,NA,0,6300,0,0,0,NA,0,NA
Durham,860,0,0,546,856,857,331,499,500,501,0,0,0,0,501,501,0,501,0,353,352,0,501,474,499,501,0,0,0,1,799,0,0,543,809,486,329,494,457,317,0,0,0,0,304,26,0,34,0,280,348,0,483,0,499,345,0,0,0,1,61,0,0,3,47,371,2,5,43,184,0,0,0,0,197,475,0,467,0,73,4,0,18,474,0,156,0,0,0,0,7.09,NA,NA,0.55,5.49,43.29,0.6,1,8.6,36.73,NA,NA,NA,NA,39.32,94.81,NA,93.21,NA,20.68,1.14,NA,3.59,100,0,31.14,NA,NA,NA,0,9,0,0,1,19,103,0,0,5,4,NA,0,NA,NA,113,NA,NA,1,1,0,0,4,0,NA,0,NA,1.05,NA,NA,0.18,2.22,12.02,0,0,1,0.8,NA,NA,NA,NA,22.55,NA,NA,0.28,0.28,0,0,0.8,NA,NA,NA,NA,9,NA,NA,7,19,326,1,5,7,34,0,NA,0,NA,113,0,0,1,1,2,499,17,NA,NA,NA,NA,1.05,NA,NA,1.28,2.22,38.04,0.3,1,1.4,6.79,NA,NA,NA,NA,22.55,NA,NA,0.28,0.28,0.4,100,3.39,NA,NA,NA,NA,3.03,NA,NA,0.74,4.9,128.61,0.36,7.16,81.11,263.08,NA,NA,NA,NA,505.89,46887.39,NA,9837.73,NA,1059.8,74.2,NA,3.78,38340.51,35.36,165.86,NA,NA,NA,0.04,3.54,NA,NA,0.71,3.54,21.21,0.35,7.07,35.36,35.36,NA,NA,NA,NA,70.71,39000,NA,7000,NA,707.11,70.71,NA,3.54,16000,35.36,70.71,NA,NA,NA,0.04,0.71,NA,NA,0.71,3.54,21.21,0.35,7.07,35.36,35.36,NA,NA,NA,NA,70.71,707.11,NA,707.11,NA,707.11,70.71,NA,3.54,1900,35.36,70.71,NA,NA,NA,0.04,86,NA,NA,5,254,3900,1.3,24,5120,6800,NA,NA,NA,NA,30000,9.00E+05,NA,61000,NA,10000,1000,NA,40,1500000,35.36,3400,NA,NA,NA,0.04,4.15,NA,NA,0.33,11.4,296.85,0.05,1.02,377.94,717.52,NA,NA,NA,NA,2066.18,60872.34,NA,9673.89,NA,960.65,50.44,NA,2.04,92177.38,0,310.52,NA,NA,NA,NA,2.83,NA,NA,0,0,88.79,0,0,0,74.64,NA,NA,NA,NA,169.29,40000,NA,8000,NA,0,0,NA,0,24750,0,39.29,NA,NA,NA,0
Edgecombe,264,0,0,141,264,277,93,135,135,135,0,0,0,0,148,135,0,135,0,97,97,0,135,117,135,135,0,0,0,0,258,0,0,141,246,162,93,133,125,102,0,0,0,0,58,0,0,8,0,78,97,0,134,0,135,95,0,0,0,0,6,0,0,0,18,115,0,2,10,33,0,0,0,0,90,135,0,127,0,19,0,0,1,117,0,40,0,0,0,0,2.27,NA,NA,0,6.82,41.52,0,1.48,7.41,24.44,NA,NA,NA,NA,60.81,100,NA,94.07,NA,19.59,0,NA,0.74,100,0,29.63,NA,NA,NA,NA,0,0,0,0,6,2,0,0,2,0,NA,0,NA,NA,45,NA,NA,4,0,0,0,0,0,NA,0,NA,0,NA,NA,0,2.27,0.72,0,0,1.48,0,NA,NA,NA,NA,30.41,NA,NA,4.12,0,0,0,0,NA,NA,NA,NA,0,NA,NA,1,6,92,0,2,3,5,0,NA,0,NA,45,0,0,4,0,0,135,0,NA,NA,NA,NA,0,NA,NA,0.71,2.27,33.21,0,1.48,2.22,3.7,NA,NA,NA,NA,30.41,NA,NA,4.12,0,0,100,0,NA,NA,NA,NA,2.66,NA,NA,0.73,4.3,46.24,0.35,7.4,69.18,149.66,NA,NA,NA,NA,544.85,17459.26,NA,4434.87,NA,1680.15,70.71,NA,3.57,57503.42,35.36,110.75,NA,NA,NA,NA,3.54,NA,NA,0.71,3.54,21.21,0.35,7.07,35.36,35.36,NA,NA,NA,NA,145,12000,NA,3000,NA,707.11,70.71,NA,3.54,28000,35.36,70.71,NA,NA,NA,NA,0.71,NA,NA,0.71,3.54,21.21,0.35,7.07,35.36,35.36,NA,NA,NA,NA,70.71,1000,NA,707.11,NA,707.11,70.71,NA,3.54,2300,35.36,70.71,NA,NA,NA,NA,7.07,NA,NA,3.54,89,400,0.35,48,1720,3100,NA,NA,NA,NA,6400,140000,NA,29000,NA,13720,70.71,NA,8,620000,35.36,600,NA,NA,NA,NA,1.75,NA,NA,0.24,5.6,46.73,0,3.53,205.32,411.44,NA,NA,NA,NA,1008.45,17897.2,NA,4177.84,NA,2586.61,0,NA,0.38,89682.35,0,87.09,NA,NA,NA,NA,2.83,NA,NA,0,0,38.79,0,0,0,7.32,NA,NA,NA,NA,451.79,15000,NA,3000,NA,0,0,NA,0,65600,0,29.29,NA,NA,NA,NA
Forsyth,369,0,0,306,367,369,255,271,270,270,0,96,0,0,274,270,0,270,0,216,216,0,271,253,271,271,0,0,0,1,357,0,0,303,331,289,255,265,254,187,0,53,0,0,177,5,0,12,0,147,213,0,266,1,271,263,0,0,0,0,12,0,0,3,36,80,0,6,16,83,0,43,0,0,97,265,0,258,0,69,3,0,5,252,0,8,0,0,0,1,3.25,NA,NA,0.98,9.81,21.68,0,2.21,5.93,30.74,NA,44.79,NA,NA,35.4,98.15,NA,95.56,NA,31.94,1.39,NA,1.85,99.6,0,2.95,NA,NA,NA,100,4,0,0,1,11,4,0,1,1,9,NA,6,NA,NA,52,NA,NA,1,0,1,0,0,0,NA,0,NA,1.08,NA,NA,0.33,3,1.08,0,0.37,0.37,3.33,NA,6.25,NA,NA,18.98,NA,NA,0.46,0,0.37,0,0,NA,NA,NA,NA,4,NA,NA,2,11,60,0,6,1,17,0,NA,0,NA,52,0,0,1,0,1,271,0,NA,NA,NA,NA,1.08,NA,NA,0.65,3,16.26,0,2.21,0.37,6.3,NA,NA,NA,NA,18.98,NA,NA,0.46,0,0.37,100,0,NA,NA,NA,NA,3.51,NA,NA,0.77,4.96,49.71,0.35,7.98,48.69,362.65,NA,6.1,NA,NA,305.31,22784.58,NA,5963.24,NA,1503.91,71.77,NA,3.85,9874.73,35.36,72.46,NA,NA,NA,0.14,3.54,NA,NA,0.71,3.54,21.21,0.35,7.07,35.36,35.36,NA,0.71,NA,NA,70.71,17000,NA,4385,NA,707.11,70.71,NA,3.54,8100,35.36,70.71,NA,NA,NA,0.14,0.71,NA,NA,0.71,3.54,21.21,0.35,7.07,35.36,35.36,NA,0.71,NA,NA,70.71,707.11,NA,707.11,NA,707.11,70.71,NA,3.54,707.11,35.36,70.71,NA,NA,NA,0.14,56,NA,NA,16.7,81,4090,0.35,100,1890,8000,NA,92,NA,NA,8300,290000,NA,45000,NA,12000,170,NA,71,74000,35.36,200,NA,NA,NA,0.14,3.22,NA,NA,0.93,7.21,220.83,0,7.32,117.06,1274.47,NA,14.66,NA,NA,769.97,27710.34,NA,5633.7,NA,1674.25,9.23,NA,4.13,8047.98,0,12.43,NA,NA,NA,NA,0,NA,NA,0,0,0,0,0,0,38.39,NA,2.54,NA,NA,124.29,19750,NA,6000,NA,892.89,0,NA,0,4900,0,0,NA,NA,NA,0
Franklin,1554,0,0,1090,1560,1559,830,974,977,974,0,7,0,0,978,974,0,974,0,766,766,0,974,941,974,974,0,0,0,0,1544,0,0,1089,1375,1135,828,948,838,464,0,3,0,0,620,11,0,157,0,450,746,0,966,1,974,889,0,0,0,0,10,0,0,1,185,424,2,26,139,510,0,4,0,0,358,963,0,817,0,316,20,0,8,940,0,85,0,0,0,0,0.64,NA,NA,0.09,11.86,27.2,0.24,2.67,14.23,52.36,NA,57.14,NA,NA,36.61,98.87,NA,83.88,NA,41.25,2.61,NA,0.82,99.89,0,8.73,NA,NA,NA,NA,1,0,0,1,46,41,1,0,3,27,NA,0,NA,NA,210,NA,NA,9,0,0,0,0,0,NA,0,NA,0.06,NA,NA,0.09,2.95,2.63,0.12,0,0.31,2.77,NA,0,NA,NA,21.47,NA,NA,1.17,0,0,0,0,NA,NA,NA,NA,1,NA,NA,8,46,333,1,26,4,115,0,NA,0,NA,210,0,0,9,0,2,974,0,NA,NA,NA,NA,0.06,NA,NA,0.73,2.95,21.36,0.12,2.67,0.41,11.81,NA,NA,NA,NA,21.47,NA,NA,1.17,0,0.21,100,0,NA,NA,NA,NA,2.75,NA,NA,0.73,5,55.85,0.36,7.41,64.17,647.35,NA,3.3,NA,NA,545.05,18035.91,NA,3996.33,NA,1799.45,74.73,NA,3.61,13897.99,35.36,81.43,NA,NA,NA,NA,3.54,NA,NA,0.71,3.54,21.21,0.35,7.07,35.36,70,NA,1,NA,NA,70.71,10000,NA,3000,NA,707.11,70.71,NA,3.54,10000,35.36,70.71,NA,NA,NA,NA,0.71,NA,NA,0.71,3.54,21.21,0.35,7.07,35.36,35.36,NA,0.71,NA,NA,70.71,707.11,NA,707.11,NA,707.11,70.71,NA,3.54,707.11,35.36,70.71,NA,NA,NA,NA,14,NA,NA,5,146,2560,3.1,75,4780,24400,NA,17,NA,NA,38000,522000,NA,44000,NA,19000,890,NA,25,560000,35.36,665,NA,NA,NA,NA,1.54,NA,NA,0.26,8,129.06,0.1,3.09,213.15,2051.37,NA,6.06,NA,NA,2307.16,31906.44,NA,4176.27,NA,1991.96,37.43,NA,1.04,24623.15,0,51.95,NA,NA,NA,NA,2.83,NA,NA,0,0,18.79,0,0,0,318.2,NA,0.79,NA,NA,156.79,14000,NA,4000,NA,1492.89,0,NA,0,4600,0,0,NA,NA,NA,NA
Gaston,2764,38,37,1811,2763,2782,1498,1668,1672,1663,37,0,40,37,1687,1666,37,1668,37,812,812,37,1668,1535,1631,1668,38,37,38,47,2565,38,33,1807,2588,2123,1494,1627,1469,1162,37,0,8,36,1004,49,36,175,37,543,809,7,1661,9,1631,1579,38,37,38,8,199,0,4,4,175,659,4,41,203,501,0,0,32,1,683,1617,1,1493,0,269,3,30,7,1526,0,89,0,0,0,39,7.2,0,10.81,0.22,6.33,23.69,0.27,2.46,12.14,30.13,0,NA,80,2.7,40.49,97.06,2.7,89.51,0,33.13,0.37,81.08,0.42,99.41,0,5.34,0,0,0,82.98,77,0,24,1,56,66,0,1,5,10,NA,0,NA,NA,411,NA,NA,13,0,0,0,0,0,NA,0,NA,2.79,0,64.86,0.06,2.03,2.37,0,0.06,0.3,0.6,NA,NA,NA,NA,24.36,NA,NA,1.6,0,0,0,0,0,NA,0,NA,77,NA,NA,13,56,507,3,28,6,73,0,NA,15,NA,411,1,0,13,0,1,1631,1,NA,NA,NA,NA,2.79,NA,NA,0.72,2.03,18.22,0.2,1.68,0.36,4.39,0,NA,37.5,NA,24.36,2.7,0,1.6,0,0.06,100,0.06,NA,NA,NA,NA,3.44,1.47,423.98,0.73,4.79,53.4,0.36,7.19,55.62,230.79,70.71,NA,5.9,358.3,685.54,18873.5,0.82,4318.2,7.07,1554.88,70.99,2029.72,3.62,9931.09,35.36,74.85,0.1,7.07,1.43,0.63,3.54,1.41,353.55,0.71,3.54,21.21,0.35,7.07,35.36,35.36,70.71,NA,5.5,353.55,70.71,13000,0.71,3000,7.07,707.11,70.71,1900,3.54,8000,35.36,70.71,0.07,7.07,1.41,0.42,0.71,1.41,35.36,0.71,3.54,7.07,0.35,0.71,7.07,35.36,70.71,NA,0.14,353.55,70.71,707.11,0.71,707.11,7.07,707.11,70.71,707.11,3.54,707.11,35.36,70.71,0.01,7.07,1.41,0.04,232,3.54,6680,5,291,3010,1.9,130,2090,23000,70.71,NA,40,529,56000,3.00E+05,4.7,51000,7.07,20000,170,6060,30,154000,35.36,700,1.41,7.07,2.12,2.4,6.97,0.34,1069.92,0.24,12.1,142.33,0.05,3.53,119.21,1050.39,0,NA,6.82,28.84,2476.81,21595.18,0.66,3918.91,0,2169.3,4.78,1185.67,0.88,10210.99,0,27.63,0.22,0,0.11,0.65,2.83,0,318.2,0,0,0,0,0,0,54.64,0,NA,5.57,0,209.29,16000,0,3000,0,792.89,0,1000,0,5200,0,0,0,0,0,0.8
Gates,41,0,0,29,41,41,28,28,28,28,0,0,0,0,28,28,0,28,0,27,27,0,28,28,28,28,0,0,0,0,40,0,0,29,38,33,28,27,28,23,0,0,0,0,20,9,0,11,0,25,26,0,28,0,28,27,0,0,0,0,1,0,0,0,3,8,0,1,0,5,0,0,0,0,8,19,0,17,0,2,1,0,0,28,0,1,0,0,0,0,2.44,NA,NA,0,7.32,19.51,0,3.57,0,17.86,NA,NA,NA,NA,28.57,67.86,NA,60.71,NA,7.41,3.7,NA,0,100,0,3.57,NA,NA,NA,NA,0,0,0,0,1,1,0,0,0,0,NA,0,NA,NA,4,NA,NA,0,0,0,0,0,0,NA,0,NA,0,NA,NA,0,2.44,2.44,0,0,0,0,NA,NA,NA,NA,14.29,NA,NA,0,0,0,0,0,NA,NA,NA,NA,0,NA,NA,0,1,7,0,1,0,0,0,NA,0,NA,4,0,0,0,0,0,28,0,NA,NA,NA,NA,0,NA,NA,0,2.44,17.07,0,3.57,0,0,NA,NA,NA,NA,14.29,NA,NA,0,0,0,100,0,NA,NA,NA,NA,3.14,NA,NA,0.71,4.28,45.12,0.35,7.18,35.36,84.4,NA,NA,NA,NA,733.72,9398.71,NA,2254.58,NA,1058.43,94.02,NA,3.54,181614.29,35.36,75.33,NA,NA,NA,NA,3.54,NA,NA,0.71,3.54,21.21,0.35,7.07,35.36,35.36,NA,NA,NA,NA,70.71,2500,NA,1000,NA,707.11,70.71,NA,3.54,2.00E+05,35.36,70.71,NA,NA,NA,NA,0.71,NA,NA,0.71,3.54,21.21,0.35,7.07,35.36,35.36,NA,NA,NA,NA,70.71,707.11,NA,707.11,NA,707.11,70.71,NA,3.54,3400,35.36,70.71,NA,NA,NA,NA,7.07,NA,NA,0.71,26,380,0.35,10,35.36,580,NA,NA,NA,NA,13000,130000,NA,21000,NA,6000,700,NA,3.54,520000,35.36,200,NA,NA,NA,NA,1.62,NA,NA,0,3.58,66.91,0,0.55,0,130.89,NA,NA,NA,NA,2468.04,24690.78,NA,3818.55,NA,1274.94,121.11,NA,0,109633.57,0,24.43,NA,NA,NA,NA,0,NA,NA,0,0,0,0,0,0,0,NA,NA,NA,NA,69.29,4642.89,NA,1380.39,NA,0,0,NA,0,85000,0,0,NA,NA,NA,NA
Graham,454,3,1,306,454,454,182,237,237,236,0,0,0,0,237,237,0,237,0,117,117,0,237,220,237,237,3,0,3,0,443,3,0,306,425,309,182,236,208,184,0,0,0,0,123,6,0,124,0,117,117,0,236,5,237,237,3,0,3,0,11,0,1,0,29,145,0,1,29,52,0,0,0,0,114,231,0,113,0,0,0,0,1,215,0,0,0,0,0,0,2.42,0,100,0,6.39,31.94,0,0.42,12.24,22.03,NA,NA,NA,NA,48.1,97.47,NA,47.68,NA,0,0,NA,0.42,97.73,0,0,0,NA,0,NA,3,0,1,0,7,16,0,0,1,1,NA,0,NA,NA,73,NA,NA,0,0,0,0,0,0,NA,0,NA,0.66,0,100,0,1.54,3.52,0,0,0.42,0.42,NA,NA,NA,NA,30.8,NA,NA,0,0,0,0,0,0,NA,0,NA,3,NA,NA,0,7,121,0,1,3,6,0,NA,0,NA,73,0,0,0,0,0,237,0,NA,NA,NA,NA,0.66,NA,NA,0,1.54,26.65,0,0.42,1.27,2.54,NA,NA,NA,NA,30.8,NA,NA,0,0,0,100,0,NA,NA,NA,NA,2.42,3.54,430,0.71,4.43,88.6,0.35,7.08,79.3,183.33,NA,NA,NA,NA,1187.88,12671.91,NA,1223.17,NA,707.11,70.71,NA,3.58,5662.43,35.36,70.71,1.41,NA,2.12,NA,3.54,3.54,430,0.71,3.54,21.21,0.35,7.07,35.36,35.36,NA,NA,NA,NA,70.71,8000,NA,707.11,NA,707.11,70.71,NA,3.54,4000,35.36,70.71,1.41,NA,2.12,NA,0.71,3.54,430,0.71,3.54,21.21,0.35,7.07,35.36,35.36,NA,NA,NA,NA,70.71,707.11,NA,707.11,NA,707.11,70.71,NA,3.54,707.11,35.36,70.71,1.41,NA,2.12,NA,14,3.54,430,0.71,124,6140,0.35,10,5110,16000,NA,NA,NA,NA,71000,280000,NA,9000,NA,707.11,70.71,NA,14,210000,35.36,70.71,1.41,NA,2.12,NA,1.67,0,NA,0,6.99,372.19,0,0.19,349.2,1073.15,NA,NA,NA,NA,5391.99,21583.42,NA,1003.97,NA,0,0,NA,0.68,14520.96,0,0,0,NA,0,NA,2.83,0,0,0,0,28.79,0,0,0,0,NA,NA,NA,NA,419.29,12000,NA,292.89,NA,0,0,NA,0,3325,0,0,0,NA,0,NA
Granville,1220,0,0,892,1219,1222,665,864,867,865,0,0,0,0,867,865,0,865,0,635,635,0,864,843,864,864,0,0,0,0,1185,0,0,891,1141,674,664,818,810,478,0,0,0,0,478,15,0,35,0,559,631,0,831,1,864,782,0,0,0,0,35,0,0,1,78,548,1,46,57,387,0,0,0,0,389,850,0,830,0,76,4,0,33,842,0,82,0,0,0,0,2.87,NA,NA,0.11,6.4,44.84,0.15,5.32,6.57,44.74,NA,NA,NA,NA,44.87,98.27,NA,95.95,NA,11.97,0.63,NA,3.82,99.88,0,9.49,NA,NA,NA,NA,5,0,0,0,23,137,0,1,4,7,NA,0,NA,NA,222,NA,NA,2,1,4,0,0,0,NA,0,NA,0.41,NA,NA,0,1.89,11.21,0,0.12,0.46,0.81,NA,NA,NA,NA,25.61,NA,NA,0.31,0.16,0.46,0,0,NA,NA,NA,NA,5,NA,NA,6,23,457,0,46,5,53,0,NA,0,NA,222,0,0,2,1,10,864,1,NA,NA,NA,NA,0.41,NA,NA,0.67,1.89,37.4,0,5.32,0.58,6.13,NA,NA,NA,NA,25.61,NA,NA,0.31,0.16,1.16,100,0.12,NA,NA,NA,NA,3.15,NA,NA,0.73,4.28,137.67,0.35,8.07,66.04,303.09,NA,NA,NA,NA,507.69,29291.22,NA,7094.54,NA,914.3,72.9,NA,4.49,23479.37,35.36,84.23,NA,NA,NA,NA,3.54,NA,NA,0.71,3.54,21.21,0.35,7.07,35.36,35.36,NA,NA,NA,NA,70.71,20000,NA,5000,NA,707.11,70.71,NA,3.54,10300,35.36,70.71,NA,NA,NA,NA,0.71,NA,NA,0.71,3.54,21.21,0.35,7.07,35.36,35.36,NA,NA,NA,NA,70.71,707.11,NA,707.11,NA,707.11,70.71,NA,3.54,707.11,35.36,70.71,NA,NA,NA,NA,49,NA,NA,3.54,92,10000,0.7,100,6340,10560,NA,NA,NA,NA,40600,530000,NA,81000,NA,22000,1000,NA,320,1600000,35.36,755,NA,NA,NA,NA,2.03,NA,NA,0.23,4.56,411.76,0.01,6.5,333.36,872.8,NA,NA,NA,NA,1893.03,38359.85,NA,7128.86,NA,1098.74,39.74,NA,12.08,78020.76,0,57.54,NA,NA,NA,NA,0,NA,NA,0,0,75.54,0,0,0,174.64,NA,NA,NA,NA,249.29,26000,NA,6000,NA,0,0,NA,0,9000,0,0,NA,NA,NA,NA
Greene,63,0,0,43,64,64,26,42,42,41,0,0,0,0,41,41,0,41,0,30,30,0,41,34,41,42,0,0,0,0,62,0,0,42,58,34,26,41,37,34,0,0,0,0,16,4,0,9,0,27,30,0,41,0,41,29,0,0,0,0,1,0,0,1,6,30,0,1,5,7,0,0,0,0,25,37,0,32,0,3,0,0,0,34,0,13,0,0,0,0,1.59,NA,NA,2.33,9.38,46.88,0,2.38,11.9,17.07,NA,NA,NA,NA,60.98,90.24,NA,78.05,NA,10,0,NA,0,100,0,30.95,NA,NA,NA,NA,0,0,0,0,3,3,0,0,1,0,NA,0,NA,NA,19,NA,NA,1,0,0,0,0,0,NA,0,NA,0,NA,NA,0,4.69,4.69,0,0,2.38,0,NA,NA,NA,NA,46.34,NA,NA,3.33,0,0,0,0,NA,NA,NA,NA,0,NA,NA,1,3,23,0,1,1,1,0,NA,0,NA,19,0,0,1,0,0,41,0,NA,NA,NA,NA,0,NA,NA,2.33,4.69,35.94,0,2.38,2.38,2.44,NA,NA,NA,NA,46.34,NA,NA,3.33,0,0,100,0,NA,NA,NA,NA,2.98,NA,NA,0.78,5.3,70.8,0.35,7.76,183.05,82.49,NA,NA,NA,NA,1160.77,9166.55,NA,2764.97,NA,1333.06,70.71,NA,3.54,42644.12,35.36,100.42,NA,NA,NA,NA,3.54,NA,NA,0.71,3.54,21.21,0.35,7.07,35.36,35.36,NA,NA,NA,NA,130,4000,NA,2000,NA,707.11,70.71,NA,3.54,32500,35.36,70.71,NA,NA,NA,NA,0.71,NA,NA,0.71,3.54,21.21,0.35,7.07,35.36,35.36,NA,NA,NA,NA,70.71,707.11,NA,707.11,NA,707.11,70.71,NA,3.54,2500,35.36,70.71,NA,NA,NA,NA,7.07,NA,NA,4,69,800,0.35,36,5700,1200,NA,NA,NA,NA,18000,80000,NA,23000,NA,12000,70.71,NA,3.54,110000,35.36,320,NA,NA,NA,NA,1.64,NA,NA,0.5,8.8,145.69,0,4.46,873.75,189.74,NA,NA,NA,NA,2853.18,14383.98,NA,3788.31,NA,2349.16,0,NA,0,38813.34,0,66.63,NA,NA,NA,NA,2.83,NA,NA,0,0,38.79,0,0,0,0,NA,NA,NA,NA,1529.29,6000,NA,2000,NA,0,0,NA,0,74225,0,29.29,NA,NA,NA,NA
Guilford,4700,6,1,2603,4698,4698,1949,2307,2307,2303,0,12,3,0,2307,2307,5,2307,5,2105,2105,0,2307,2202,2307,2307,6,0,1,0,4547,6,0,2594,4354,3681,1949,2260,2098,1992,0,7,3,0,1755,74,5,141,5,1223,2095,0,2284,2,2307,2161,6,0,1,0,153,0,1,9,344,1017,0,47,209,311,0,5,0,0,552,2233,0,2166,0,882,10,0,23,2200,0,146,0,0,0,0,3.26,0,100,0.35,7.32,21.65,0,2.04,9.06,13.5,NA,41.67,0,NA,23.93,96.79,0,93.89,0,41.9,0.48,NA,1,99.91,0,6.33,0,NA,0,NA,22,0,1,5,186,240,0,6,7,11,NA,1,NA,NA,312,NA,NA,4,0,0,0,0,0,NA,0,NA,0.47,0,100,0.19,3.96,5.11,0,0.26,0.3,0.48,NA,8.33,NA,NA,13.52,NA,NA,0.19,0,0,0,0,0,NA,0,NA,22,NA,NA,125,186,853,0,47,8,48,0,NA,3,NA,312,5,0,4,0,1,2307,3,NA,NA,NA,NA,0.47,NA,NA,4.8,3.96,18.16,0,2.04,0.35,2.08,NA,NA,100,NA,13.52,100,0,0.19,0,0.04,100,0.13,NA,NA,NA,NA,2.71,3.54,300,0.85,46.35,108.15,0.35,8.25,62.63,154.77,NA,15.5,7.07,NA,1807.4,21800.49,7.07,5937.42,7.07,1464.4,71.39,NA,3.58,12473.89,35.36,77.43,1.41,NA,2.12,NA,3.54,3.54,300,0.71,3.54,21.21,0.35,7.07,35.36,35.36,NA,0.71,7.07,NA,70.71,14000,7.07,5000,7.07,707.11,70.71,NA,3.54,8400,35.36,70.71,1.41,NA,2.12,NA,0.71,3.54,300,0.71,3.54,21.21,0.35,7.07,35.36,35.36,NA,0.71,7.07,NA,70.71,707.11,7.07,707.11,7.07,707.11,70.71,NA,3.54,707.11,35.36,70.71,1.41,NA,2.12,NA,325,3.54,300,17,105440,46300,0.35,760,25400,36000,NA,161,7.07,NA,810000,450000,7.07,63000,7.07,20000,450,NA,21,490000,35.36,800,1.41,NA,2.12,NA,5.71,0,NA,0.71,1581.24,936.84,0,22.43,547.08,1091.65,NA,45.9,0,NA,24971.12,29914.24,0,4919.68,0,1453.05,12.52,NA,0.59,20100.79,0,39.41,0,NA,NA,NA,2.83,0,0,0,0,0,0,0,0,0,NA,3.04,0,NA,0,19000,0,5000,0,992.89,0,NA,0,4300,0,0,0,NA,0,NA
Halifax,215,7,1,157,201,200,121,143,143,141,0,0,4,0,143,139,4,139,1,113,113,1,143,139,143,143,6,0,6,0,209,7,1,157,186,129,121,140,134,77,0,0,4,0,90,0,4,15,1,65,111,1,143,0,143,118,6,0,6,0,6,0,0,0,15,71,0,3,9,64,0,0,0,0,53,139,0,124,0,48,2,0,0,139,0,25,0,0,0,0,2.79,0,0,0,7.46,35.5,0,2.1,6.29,45.39,NA,NA,0,NA,37.06,100,0,89.21,0,42.48,1.77,0,0,100,0,17.48,0,NA,0,NA,2,0,0,0,2,6,0,0,0,1,NA,0,NA,NA,35,NA,NA,0,0,0,0,0,0,NA,0,NA,0.93,0,0,0,1,3,0,0,0,0.71,NA,NA,NA,NA,24.48,NA,NA,0,0,0,0,0,0,NA,0,NA,2,NA,NA,0,2,56,0,3,0,9,0,NA,4,NA,35,4,0,0,0,0,143,1,NA,NA,NA,NA,0.93,NA,NA,0,1,28,0,2.1,0,6.38,NA,NA,100,NA,24.48,100,0,0,0,0,100,0.7,NA,NA,NA,NA,2.92,3.54,7.07,0.71,3.98,58.07,0.35,7.2,47.47,261.03,NA,NA,7.07,NA,582.82,16654.68,7.07,3454,7.07,1836.3,73.35,707.11,3.54,20861.87,35.36,93.17,1.41,NA,2.12,NA,3.54,3.54,7.07,0.71,3.54,21.21,0.35,7.07,35.36,35.36,NA,NA,7.07,NA,70.71,12000,7.07,3000,7.07,707.11,70.71,707.11,3.54,7700,35.36,70.71,1.41,NA,2.12,NA,0.71,3.54,7.07,0.71,3.54,21.21,0.35,7.07,35.36,35.36,NA,NA,7.07,NA,70.71,1000,7.07,707.11,7.07,707.11,70.71,707.11,3.54,1700,35.36,70.71,1.41,NA,2.12,NA,17,3.54,7.07,0.71,28,440,0.35,20,450,5300,NA,NA,7.07,NA,8700,89000,7.07,34000,7.07,8200,280,707.11,3.54,250000,35.36,800,1.41,NA,2.12,NA,1.8,0,NA,0,2.23,73.75,0,1.13,60.54,613.02,NA,NA,0,NA,1324.08,15421.48,0,3517.51,NA,1855.79,21.34,NA,0,42054.52,0,78.91,0,NA,0,NA,2.83,0,0,0,0,30.29,0,0,0,154.64,NA,NA,0,NA,169.29,13000,0,3000,0,1692.89,0,0,0,6350,0,0,0,NA,0,NA
Harnett,368,1,0,226,367,368,128,206,206,205,0,0,0,0,207,206,0,206,0,115,115,0,206,194,206,206,1,0,1,1,343,1,0,222,329,186,127,205,190,148,0,0,0,0,96,10,0,34,0,84,114,0,205,1,206,129,1,0,1,0,25,0,0,4,38,182,1,1,16,57,0,0,0,0,111,196,0,172,0,31,1,0,1,193,0,77,0,0,0,1,6.79,0,NA,1.77,10.35,49.46,0.78,0.49,7.77,27.8,NA,NA,NA,NA,53.62,95.15,NA,83.5,NA,26.96,0.87,NA,0.49,99.48,0,37.38,0,NA,0,100,9,0,0,1,18,36,0,0,0,2,NA,0,NA,NA,81,NA,NA,3,0,0,0,0,0,NA,0,NA,2.45,0,NA,0.44,4.9,9.78,0,0,0,0.98,NA,NA,NA,NA,39.13,NA,NA,2.61,0,0,0,0,0,NA,0,NA,9,NA,NA,4,18,155,0,1,0,10,0,NA,0,NA,81,0,0,3,0,0,206,1,NA,NA,NA,NA,2.45,NA,NA,1.77,4.9,42.12,0,0.49,0,4.88,NA,NA,NA,NA,39.13,NA,NA,2.61,0,0,100,0.49,NA,NA,NA,NA,3.64,3.54,NA,0.76,5.44,106.84,0.36,7.09,43.87,244.19,NA,NA,NA,NA,896.6,13345.01,NA,4163.21,NA,2117.8,72.18,NA,3.59,14807.77,35.36,121.78,1.41,NA,2.12,0.06,3.54,3.54,NA,0.71,3.54,21.21,0.35,7.07,35.36,35.36,NA,NA,NA,NA,120,11000,NA,3000,NA,707.11,70.71,NA,3.54,8850,35.36,70.71,1.41,NA,2.12,0.06,0.71,3.54,NA,0.71,3.54,21.21,0.35,7.07,35.36,35.36,NA,NA,NA,NA,70.71,707.11,NA,707.11,NA,707.11,70.71,NA,3.54,707.11,35.36,70.71,1.41,NA,2.12,0.06,127,3.54,NA,5,146,4400,0.6,10,370,9160,NA,NA,NA,NA,18000,78000,NA,23000,NA,14000,240,NA,15,140000,35.36,700,1.41,NA,2.12,0.06,9.04,NA,NA,0.4,10.09,260.18,0.02,0.2,40.44,890.14,NA,NA,NA,NA,2071.1,11685.85,NA,3837.78,NA,2899.31,15.79,NA,0.8,18368.12,0,90.78,NA,NA,NA,NA,2.83,0,NA,0,0,98.79,0,0,0,24.64,NA,NA,NA,NA,734.29,11750,NA,5000,NA,792.89,0,NA,0,9750,0,80.04,0,NA,0,0
Haywood,1994,5,2,1391,1994,1994,729,1152,1152,1148,0,0,0,0,1152,1152,0,1152,0,676,676,0,1152,1093,1152,1152,5,0,5,0,1983,5,1,1387,1866,1671,728,1137,975,821,0,0,0,0,605,20,0,199,0,551,669,0,1145,9,1152,1065,5,0,5,0,11,0,1,4,128,323,1,15,177,327,0,0,0,0,547,1132,0,953,0,125,7,0,7,1084,0,87,0,0,0,0,0.55,0,50,0.29,6.42,16.2,0.14,1.3,15.36,28.48,NA,NA,NA,NA,47.48,98.26,NA,82.73,NA,18.49,1.04,NA,0.61,99.18,0,7.55,0,NA,0,NA,0,0,0,0,42,22,0,1,3,23,NA,0,NA,NA,340,NA,NA,6,3,0,0,0,0,NA,0,NA,0,0,0,0,2.11,1.1,0,0.09,0.26,2,NA,NA,NA,NA,29.51,NA,NA,0.89,0.44,0,0,0,0,NA,0,NA,0,NA,NA,29,42,219,1,15,7,49,0,NA,0,NA,340,0,0,6,3,0,1152,1,NA,NA,NA,NA,0,NA,NA,2.08,2.11,10.98,0.14,1.3,0.61,4.27,NA,NA,NA,NA,29.51,NA,NA,0.89,0.44,0,100,0.09,NA,NA,NA,NA,2.71,3.54,8.54,0.77,4.55,38.67,0.35,7.37,65.91,407.58,NA,NA,NA,NA,810.94,12653.42,NA,2743.22,NA,1137.77,77.35,NA,3.57,7460.44,35.36,76.66,1.41,NA,2.12,NA,3.54,3.54,8.54,0.71,3.54,21.21,0.35,7.07,35.36,35.36,NA,NA,NA,NA,70.71,9000,NA,2000,NA,707.11,70.71,NA,3.54,5800,35.36,70.71,1.41,NA,2.12,NA,0.71,3.54,7.07,0.71,3.54,21.21,0.35,7.07,35.36,35.36,NA,NA,NA,NA,70.71,707.11,NA,707.11,NA,707.11,70.71,NA,3.54,707.11,35.36,70.71,1.41,NA,2.12,NA,7.07,3.54,10,3.54,220,6030,1.2,140,6740,59000,NA,NA,NA,NA,80000,230000,NA,42000,NA,39000,1500,NA,15,260000,35.36,704,1.41,NA,2.12,NA,1.54,0,2.07,0.4,7.7,156.67,0.03,4.92,227.11,2473.11,NA,NA,NA,NA,3401.24,14512.62,NA,2968.82,NA,2016.79,81.06,NA,0.51,11749.85,0,31.29,0,NA,0,NA,2.83,0,1.46,0,0,0,0,0,0,44.64,NA,NA,NA,NA,319.29,10000,NA,2000,NA,0,0,NA,0,3600,0,0,0,NA,0,NA
Henderson,1497,6,1,1002,1497,1494,847,955,955,950,0,1,0,1,955,955,0,955,1,873,873,0,955,920,955,955,6,0,6,0,1475,6,0,997,1296,1297,845,951,797,592,0,0,0,1,702,13,0,350,0,610,864,0,953,0,955,937,6,0,6,0,22,0,1,5,201,197,2,4,158,358,0,1,0,0,253,942,0,605,1,263,9,0,2,920,0,18,0,0,0,0,1.47,0,100,0.5,13.43,13.19,0.24,0.42,16.54,37.68,NA,100,NA,0,26.49,98.64,NA,63.35,100,30.13,1.03,NA,0.21,100,0,1.88,0,NA,0,NA,2,0,1,1,71,5,0,0,11,10,NA,0,NA,NA,132,NA,NA,0,0,0,0,0,0,NA,0,NA,0.13,0,100,0.1,4.74,0.33,0,0,1.15,1.05,NA,0,NA,NA,13.82,NA,NA,0,0,0,0,0,0,NA,0,NA,2,NA,NA,10,71,135,1,4,15,35,0,NA,0,NA,132,0,0,0,0,0,955,0,NA,NA,NA,NA,0.13,NA,NA,1,4.74,9.04,0.12,0.42,1.57,3.68,NA,NA,NA,NA,13.82,NA,0,0,0,0,100,0,NA,NA,NA,NA,2.95,3.54,390,0.74,6.14,33.85,0.35,7.14,101.06,271.79,NA,18,NA,35.36,304.44,11050.36,NA,3621.99,50,1308.29,72.18,NA,3.54,7451.74,35.36,72.62,1.41,NA,2.12,NA,3.54,3.54,390,0.71,3.54,21.21,0.35,7.07,35.36,35.36,NA,18,NA,35.36,70.71,8000,NA,1000,50,707.11,70.71,NA,3.54,6700,35.36,70.71,1.41,NA,2.12,NA,0.71,3.54,390,0.71,3.54,21.21,0.35,7.07,35.36,35.36,NA,18,NA,35.36,70.71,707.11,NA,707.11,50,707.11,70.71,NA,3.54,1000,35.36,70.71,1.41,NA,2.12,NA,23,3.54,390,8,355,3280,1.1,40,11000,23000,NA,18,NA,35.36,23000,140000,NA,1700000,50,9600,780,NA,6,189000,35.36,600,1.41,NA,2.12,NA,1.7,0,NA,0.34,16.83,121.45,0.03,1.26,469.71,1266.31,NA,NA,NA,NA,1089.45,10941.7,NA,54976.12,NA,1268.67,25.15,NA,0.09,7958.53,0,23.31,0,NA,0,NA,2.83,0,0,0,0,0,0,0,0,94.64,NA,0,NA,0,47.29,9000,NA,1292.89,0,592.89,0,NA,0,3800,0,0,0,NA,0,NA
Hertford,110,0,0,84,110,110,63,73,73,73,0,0,0,0,73,73,0,73,0,60,60,0,73,70,73,73,0,0,0,0,109,0,0,84,103,90,63,73,67,58,0,0,0,0,56,37,0,19,0,58,60,0,73,1,73,68,0,0,0,0,1,0,0,0,7,20,0,0,6,15,0,0,0,0,17,36,0,54,0,2,0,0,0,69,0,5,0,0,0,0,0.91,NA,NA,0,6.36,18.18,0,0,8.22,20.55,NA,NA,NA,NA,23.29,49.32,NA,73.97,NA,3.33,0,NA,0,98.57,0,6.85,NA,NA,NA,NA,0,0,0,0,2,2,0,0,0,0,NA,0,NA,NA,6,NA,NA,2,0,0,0,0,0,NA,0,NA,0,NA,NA,0,1.82,1.82,0,0,0,0,NA,NA,NA,NA,8.22,NA,NA,3.33,0,0,0,0,NA,NA,NA,NA,0,NA,NA,0,2,18,0,0,0,3,0,NA,0,NA,6,0,0,2,0,0,73,0,NA,NA,NA,NA,0,NA,NA,0,1.82,16.36,0,0,0,4.11,NA,NA,NA,NA,8.22,NA,NA,3.33,0,0,100,0,NA,NA,NA,NA,2.92,NA,NA,0.71,4,45.18,0.35,7.07,47.79,140.12,NA,NA,NA,NA,172.87,9084.42,NA,4553.9,NA,1050.2,70.71,NA,3.54,151591.53,35.36,84.17,NA,NA,NA,NA,3.54,NA,NA,0.71,3.54,21.21,0.35,7.07,35.36,35.36,NA,NA,NA,NA,70.71,707.11,NA,1000,NA,707.11,70.71,NA,3.54,190000,35.36,70.71,NA,NA,NA,NA,0.71,NA,NA,0.71,3.54,21.21,0.35,7.07,35.36,35.36,NA,NA,NA,NA,70.71,707.11,NA,707.11,NA,707.11,70.71,NA,3.54,707.11,35.36,70.71,NA,NA,NA,NA,7.07,NA,NA,0.71,26,1030,0.35,7.07,340,2800,NA,NA,NA,NA,2600,47000,NA,25000,NA,11000,70.71,NA,3.54,410000,35.36,436,NA,NA,NA,NA,1.36,NA,NA,0,2.49,103.06,0,0,48.54,403.6,NA,NA,NA,NA,371.72,14685.14,NA,7267.34,NA,1863.22,0,NA,0,109203.95,0,60.43,NA,NA,NA,NA,0,NA,NA,0,0,0,0,0,0,0,NA,NA,NA,NA,0,8292.89,NA,2292.89,NA,0,0,NA,0,216250,0,0,NA,NA,NA,NA
Hoke,303,0,0,202,306,303,147,195,195,195,0,1,0,0,195,195,0,195,0,133,133,0,195,191,195,195,0,0,0,0,301,0,0,202,230,275,145,193,162,137,0,1,0,0,124,70,0,109,0,49,133,0,195,7,195,190,0,0,0,0,2,0,0,0,76,28,2,2,33,58,0,0,0,0,71,125,0,86,0,84,0,0,0,184,0,5,0,0,0,0,0.66,NA,NA,0,24.84,9.24,1.36,1.03,16.92,29.74,NA,0,NA,NA,36.41,64.1,NA,44.1,NA,63.16,0,NA,0,96.34,0,2.56,NA,NA,NA,NA,0,0,0,0,39,0,2,0,1,0,NA,0,NA,NA,36,NA,NA,3,0,0,0,0,0,NA,0,NA,0,NA,NA,0,12.75,0,1.36,0,0.51,0,NA,0,NA,NA,18.46,NA,NA,2.26,0,0,0,0,NA,NA,NA,NA,0,NA,NA,0,39,15,2,2,1,1,0,NA,0,NA,36,0,0,3,0,0,195,0,NA,NA,NA,NA,0,NA,NA,0,12.75,4.95,1.36,1.03,0.51,0.51,NA,NA,NA,NA,18.46,NA,NA,2.26,0,0,100,0,NA,NA,NA,NA,2.96,NA,NA,0.71,9.13,24.97,0.38,7.41,67.01,76,NA,0.71,NA,NA,322.2,2969.73,NA,1468.59,NA,2767.66,70.71,NA,3.54,4857.85,35.36,76.45,NA,NA,NA,NA,3.54,NA,NA,0.71,3.54,21.21,0.35,7.07,35.36,35.36,NA,0.71,NA,NA,70.71,1600,NA,707.11,NA,1400,70.71,NA,3.54,2600,35.36,70.71,NA,NA,NA,NA,0.71,NA,NA,0.71,3.54,21.21,0.35,7.07,35.36,35.36,NA,0.71,NA,NA,70.71,707.11,NA,707.11,NA,707.11,70.71,NA,3.54,707.11,35.36,70.71,NA,NA,NA,NA,7.07,NA,NA,0.71,191,260,2.8,70,2270,1000,NA,0.71,NA,NA,7000,41000,NA,13000,NA,29000,70.71,NA,3.54,140000,35.36,580,NA,NA,NA,NA,1.62,NA,NA,0,18.63,18.21,0.26,4.51,171.65,102.96,NA,NA,NA,NA,775.64,5000.93,NA,1591.9,NA,3887.68,0,NA,0,11078.33,0,51.1,NA,NA,NA,NA,2.83,NA,NA,0,0,0,0,0,0,34.64,NA,0,NA,NA,129.29,2292.89,NA,1292.89,NA,2692.89,0,NA,0,2500,0,0,NA,NA,NA,NA
Hyde,80,0,0,68,80,80,48,56,56,56,0,0,0,0,56,56,0,56,0,24,24,0,56,50,56,56,0,0,0,0,77,0,0,68,76,51,48,55,47,46,0,0,0,0,24,1,0,1,0,24,24,0,53,0,56,54,0,0,0,0,3,0,0,0,4,29,0,1,9,10,0,0,0,0,32,55,0,55,0,0,0,0,3,50,0,2,0,0,0,0,3.75,NA,NA,0,5,36.25,0,1.79,16.07,17.86,NA,NA,NA,NA,57.14,98.21,NA,98.21,NA,0,0,NA,5.36,100,0,3.57,NA,NA,NA,NA,0,0,0,0,1,3,0,0,0,0,NA,0,NA,NA,22,NA,NA,0,0,0,0,0,0,NA,0,NA,0,NA,NA,0,1.25,3.75,0,0,0,0,NA,NA,NA,NA,39.29,NA,NA,0,0,0,0,0,NA,NA,NA,NA,0,NA,NA,0,1,27,0,1,0,0,0,NA,0,NA,22,0,0,0,0,0,56,0,NA,NA,NA,NA,0,NA,NA,0,1.25,33.75,0,1.79,0,0,NA,NA,NA,NA,39.29,NA,NA,0,0,0,100,0,NA,NA,NA,NA,3.27,NA,NA,0.71,6.13,63.99,0.35,7.66,42.35,90.2,NA,NA,NA,NA,1253.7,50012.63,NA,21209.06,NA,707.11,70.71,NA,3.65,158060,35.36,72.04,NA,NA,NA,NA,3.54,NA,NA,0.71,3.54,21.21,0.35,7.07,35.36,35.36,NA,NA,NA,NA,200,22500,NA,16500,NA,707.11,70.71,NA,3.54,39500,35.36,70.71,NA,NA,NA,NA,0.71,NA,NA,0.71,3.54,21.21,0.35,7.07,35.36,35.36,NA,NA,NA,NA,70.71,707.11,NA,707.11,NA,707.11,70.71,NA,3.54,5000,35.36,70.71,NA,NA,NA,NA,9,NA,NA,0.71,202,500,0.35,40,100,990,NA,NA,NA,NA,15000,180000,NA,68000,NA,707.11,70.71,NA,7,840000,35.36,116,NA,NA,NA,NA,1.54,NA,NA,0,22.18,89.41,0,4.4,17.69,156.69,NA,NA,NA,NA,2831.51,49422.44,NA,17754.57,NA,0,0,NA,0.53,202953.05,0,7.15,NA,NA,NA,NA,0,NA,NA,0,0,38.79,0,0,0,0,NA,NA,NA,NA,1154.29,80500,NA,27000,NA,0,0,NA,0,190300,0,0,NA,NA,NA,NA
Iredell,1817,13,12,1231,1818,1817,1045,1151,1151,1140,12,2,3,12,1151,1150,12,1151,13,985,985,12,1151,1103,1139,1151,13,12,13,10,1783,13,12,1228,1741,1392,1043,1131,1109,783,12,2,0,12,702,14,12,44,13,757,972,1,1132,0,1139,1072,13,10,13,0,34,0,0,3,77,425,2,20,42,357,0,0,3,0,449,1136,0,1107,0,228,13,11,19,1103,0,79,0,2,0,10,1.87,0,0,0.24,4.24,23.39,0.19,1.74,3.65,31.32,0,0,100,0,39.01,98.78,0,96.18,0,23.15,1.32,91.67,1.65,100,0,6.86,0,16.67,0,100,1,0,12,0,23,17,1,0,0,14,NA,0,NA,NA,232,NA,NA,3,0,0,0,0,0,NA,0,NA,0.06,0,100,0,1.27,0.94,0.1,0,0,1.23,NA,0,NA,NA,20.16,NA,NA,0.3,0,0,0,0,0,NA,0,NA,1,NA,NA,7,23,305,1,13,0,68,0,NA,2,NA,232,0,0,3,0,5,1139,4,NA,NA,NA,NA,0.06,NA,NA,0.57,1.27,16.79,0.1,1.13,0,5.96,0,NA,66.67,NA,20.16,0,0,0.3,0,0.43,100,0.35,NA,NA,NA,NA,2.77,1.52,353.55,0.72,4.03,42.67,0.36,7.11,39.41,313.17,70.71,0.71,8.6,353.55,392.26,28197.22,0.71,4355.69,7.07,1166.06,73.27,1967.26,3.7,10806.62,35.36,79.68,0.13,10.48,1.47,0.61,3.54,1.41,353.55,0.71,3.54,21.21,0.35,7.07,35.36,35.36,70.71,0.71,9.6,353.55,70.71,14000,0.71,4000,7.07,707.11,70.71,1800,3.54,7600,35.36,70.71,0.01,7.07,1.41,0.64,0.71,0.71,353.55,0.71,3.54,7.07,0.35,0.71,7.07,35.36,70.71,0.71,5.3,353.55,70.71,707.11,0.71,707.11,7.07,707.11,70.71,707.11,3.54,1000,35.36,70.71,0.01,7.07,1.41,0.1,11,3.54,353.55,3.54,125,3790,2,40,790,28000,70.71,0.71,10.9,353.55,22000,496000,0.71,46000,7.07,15000,800,3300,34,370000,35.36,1590,1.41,31,2.12,1.49,1.51,0.64,0,0.19,4.54,124.43,0.05,1.49,38.08,1247.97,0,0,2.93,0,1343.88,50353.55,0,3549.12,0,1315.43,31.16,826.2,1.65,19926.04,0,74.71,0.39,8.09,0.2,0.42,2.83,0,0,0,0,0,0,0,0,77.14,0,0,2.8,0,144.29,15000,0,3000,0,0,0,1025,0,3700,0,0,0,0,0,0.44
Jackson,2423,3,0,1758,2457,2425,1359,1497,1530,1495,0,1,0,0,1498,1497,0,1497,1,593,593,0,1497,1349,1497,1497,3,0,3,4,2401,3,0,1752,2257,2053,1359,1485,1274,972,0,0,0,0,914,47,0,601,1,570,587,0,1492,15,1497,1465,3,0,3,1,22,0,0,6,200,372,0,12,256,523,0,1,0,0,584,1450,0,896,0,23,6,0,5,1334,0,32,0,0,0,3,0.91,0,NA,0.34,8.14,15.34,0,0.8,16.73,34.98,NA,100,NA,NA,38.99,96.86,NA,59.85,0,3.88,1.01,NA,0.33,98.89,0,2.14,0,NA,0,75,0,0,0,2,70,38,0,0,7,41,NA,1,NA,NA,358,NA,NA,0,0,1,0,0,0,NA,0,NA,0,0,NA,0.11,2.85,1.57,0,0,0.46,2.74,NA,100,NA,NA,23.9,NA,NA,0,0,0.07,0,0,0,NA,0,NA,0,NA,NA,25,70,240,0,12,12,119,0,NA,0,NA,358,0,0,0,0,1,1497,0,NA,NA,NA,NA,0,NA,NA,1.42,2.85,9.9,0,0.8,0.78,7.96,NA,NA,NA,NA,23.9,NA,0,0,0,0.07,100,0,NA,NA,NA,NA,2.68,3.54,NA,0.75,5,51.53,0.35,7.19,71,508.54,NA,47,NA,NA,623.19,10040.3,NA,2011.47,7.07,740.12,71.99,NA,3.61,6032.77,35.36,72.08,1.41,NA,2.12,0.09,3.54,3.54,NA,0.71,3.54,21.21,0.35,7.07,35.36,35.36,NA,47,NA,NA,70.71,7000,NA,1000,7.07,707.11,70.71,NA,3.54,4600,35.36,70.71,1.41,NA,2.12,0.11,0.71,3.54,NA,0.71,3.54,21.21,0.35,7.07,35.36,35.36,NA,47,NA,NA,70.71,707.11,NA,707.11,7.07,707.11,70.71,NA,3.54,707.11,35.36,70.71,1.41,NA,2.12,0.04,7.07,3.54,NA,5,386,26290,0.35,60,4940,45000,NA,47,NA,NA,70000,440000,NA,76000,7.07,3300,400,NA,94,170000,35.36,300,1.41,NA,2.12,0.12,1.42,0,NA,0.34,11.58,549.15,0,1.78,205.61,2209.86,NA,NA,NA,NA,2565.29,18156.09,NA,3874.78,NA,195.65,16.31,NA,2.36,8637.73,0,11.6,0,NA,0,0.04,2.83,0,NA,0,0,0,0,0,0,74.64,NA,0,NA,NA,199.29,8000,NA,1292.89,0,0,0,NA,0,3500,0,0,0,NA,0,0.04
Johnston,2003,0,0,1016,2003,2002,524,922,922,922,0,3,0,0,923,922,0,922,0,558,558,3,922,840,922,922,0,0,0,0,1897,0,0,1008,1799,1248,524,906,827,422,0,2,0,0,528,34,0,128,0,424,552,0,917,2,922,822,0,0,0,0,106,0,0,8,204,754,0,16,95,500,0,1,0,0,395,888,0,794,0,134,6,3,5,838,0,100,0,0,0,0,5.29,NA,NA,0.79,10.18,37.66,0,1.74,10.3,54.23,NA,33.33,NA,NA,42.8,96.31,NA,86.12,NA,24.01,1.08,100,0.54,99.76,0,10.85,NA,NA,NA,NA,24,0,0,2,50,145,0,1,5,31,NA,1,NA,NA,282,NA,NA,13,0,0,0,0,0,NA,0,NA,1.2,NA,NA,0.2,2.5,7.24,0,0.11,0.54,3.36,NA,33.33,NA,NA,30.55,NA,NA,2.33,0,0,0,0,NA,NA,NA,NA,24,NA,NA,12,50,650,0,16,7,143,0,NA,0,NA,282,0,0,13,0,1,922,0,NA,NA,NA,NA,1.2,NA,NA,1.18,2.5,32.47,0,1.74,0.76,15.51,NA,NA,NA,NA,30.55,NA,NA,2.33,0,0.11,100,0,NA,NA,NA,NA,2.72,NA,NA,0.75,4.78,89.31,0.35,7.56,60.3,733.96,NA,37.14,NA,NA,765.73,11096.79,NA,3523.2,NA,1598.79,71.62,2786.67,3.59,13996.92,35.36,83.04,NA,NA,NA,NA,3.54,NA,NA,0.71,3.54,21.21,0.35,7.07,35.36,80,NA,0.71,NA,NA,70.71,8000,NA,3000,NA,707.11,70.71,2900,3.54,8100,35.36,70.71,NA,NA,NA,NA,0.71,NA,NA,0.71,3.54,21.21,0.35,7.07,35.36,35.36,NA,0.71,NA,NA,70.71,707.11,NA,707.11,NA,707.11,70.71,2500,3.54,707.11,35.36,70.71,NA,NA,NA,NA,35,NA,NA,7,197,3170,0.35,180,3450,29000,NA,110,NA,NA,25000,480000,NA,36000,NA,16000,270,2960,27,460000,35.36,500,NA,NA,NA,NA,2.4,NA,NA,0.37,8,179.57,0,6.45,171.96,2080.63,NA,63.1,NA,NA,2093.68,20112.74,NA,2990.78,NA,2377.32,10.91,250.07,0.93,24718.17,0,44.32,NA,NA,NA,NA,2.83,NA,NA,0,0,48.79,0,0,0,394.64,NA,54.65,NA,NA,384.29,9000,NA,3000,NA,0,0,230,0,6000,0,0,NA,NA,NA,NA
Jones,95,6,0,52,95,95,35,47,47,41,0,0,0,0,47,47,0,47,0,24,24,0,47,44,47,47,6,0,6,0,94,6,0,52,91,85,35,47,42,33,0,0,0,0,26,8,0,11,0,24,24,0,47,0,47,47,6,0,6,0,1,0,0,0,4,10,0,0,5,8,0,0,0,0,21,39,0,36,0,0,0,0,0,44,0,0,0,0,0,0,1.05,0,NA,0,4.21,10.53,0,0,10.64,19.51,NA,NA,NA,NA,44.68,82.98,NA,76.6,NA,0,0,NA,0,100,0,0,0,NA,0,NA,0,0,0,0,1,0,0,0,0,1,NA,0,NA,NA,14,NA,NA,0,0,0,0,0,0,NA,0,NA,0,0,NA,0,1.05,0,0,0,0,2.44,NA,NA,NA,NA,29.79,NA,NA,0,0,0,0,0,0,NA,0,NA,0,NA,NA,5,1,3,0,0,0,2,0,NA,0,NA,14,0,0,0,0,0,47,0,NA,NA,NA,NA,0,NA,NA,9.62,1.05,3.16,0,0,0,4.88,NA,NA,NA,NA,29.79,NA,NA,0,0,0,100,0,NA,NA,NA,NA,2.35,3.54,NA,0.98,3.92,24.26,0.35,7.07,45.42,243.29,NA,NA,NA,NA,480.82,46865.04,NA,5399.54,NA,707.11,70.71,NA,3.54,37729.55,35.36,70.71,1.41,NA,2.12,NA,3.54,3.54,NA,0.71,3.54,21.21,0.35,7.07,35.36,35.36,NA,NA,NA,NA,70.71,46000,NA,2000,NA,707.11,70.71,NA,3.54,18500,35.36,70.71,1.41,NA,2.12,NA,0.71,3.54,NA,0.71,3.54,21.21,0.35,7.07,35.36,35.36,NA,NA,NA,NA,70.71,707.11,NA,707.11,NA,707.11,70.71,NA,3.54,1900,35.36,70.71,1.41,NA,2.12,NA,7.07,3.54,NA,3.54,30,120,0.35,7.07,250,5000,NA,NA,NA,NA,7100,120000,NA,21000,NA,707.11,70.71,NA,3.54,130000,35.36,70.71,1.41,NA,2.12,NA,1.59,0,NA,0.84,2.78,11.98,0,0,36.66,797.06,NA,NA,NA,NA,1096.57,33154.91,NA,6367.74,NA,0,0,NA,0,44117.07,0,0,0,NA,0,NA,2.83,0,NA,0,0,0,0,0,0,0,NA,NA,NA,NA,404.29,55500,NA,9500,NA,0,0,NA,0,64100,0,0,0,NA,0,NA
Lee,278,63,63,195,278,278,152,184,184,184,63,0,63,63,184,184,63,184,63,83,83,63,184,183,121,184,63,63,63,65,224,61,17,195,255,128,152,154,152,150,42,0,4,41,86,6,50,24,55,74,82,11,180,1,121,98,63,59,63,26,54,2,46,0,23,150,0,30,32,34,21,0,59,22,98,178,13,160,8,9,1,52,4,182,0,86,0,4,0,39,19.42,3.17,73.02,0,8.27,53.96,0,16.3,17.39,18.48,33.33,NA,93.65,34.92,53.26,96.74,20.63,86.96,12.7,10.84,1.2,82.54,2.17,99.45,0,46.74,0,6.35,0,60,10,0,32,0,7,20,0,0,0,0,NA,0,NA,NA,73,NA,NA,0,0,0,0,1,0,NA,0,NA,3.6,0,50.79,0,2.52,7.19,0,0,0,0,NA,NA,NA,NA,39.67,NA,NA,0,0,0,0,0.54,0,NA,0,NA,10,NA,NA,3,7,118,0,2,0,1,0,NA,13,NA,73,11,0,0,0,0,121,3,NA,NA,NA,NA,3.6,NA,NA,1.54,2.52,42.45,0,1.09,0,0.54,0,NA,20.63,NA,39.67,17.46,0,0,0,0,100,1.63,NA,NA,NA,NA,3.47,1.43,583.05,0.75,4.04,94.93,0.35,5.25,36.7,97.47,51.8,NA,4.42,258.22,715.82,16419.8,0.83,4499.84,4.97,958.02,75.76,1545.89,4.45,32678.07,35.36,140.94,0.07,5.12,1.17,0.25,3.54,1.41,200,0.71,3.54,21.21,0.35,7.07,35.36,35.36,70.71,NA,1.6,353.55,140,10000,0.71,3500,7.07,707.11,70.71,1440,3.54,11500,35.36,70.71,0.07,7.07,1.41,0.06,0.71,1.41,3.54,0.71,0.71,0.71,0.35,0.71,3.54,35.36,3.54,NA,0.14,4,70.71,707.11,0.35,707.11,0.71,707.11,70.71,353.55,3.54,707.11,35.36,7,0.07,0.71,0.71,0.04,29,2,9090,3.54,48,1300,0.35,30,750,1770,70.71,NA,37.1,353.55,7500,310000,3.3,38000,7.07,5200,490,5980,12,790000,35.36,2100,0.07,19,1.41,3.92,3.01,0.1,1352.08,0.35,4.08,153.03,0,3.53,59.81,165.66,26.79,NA,6.72,140.26,1157.9,26926.11,0.64,4317.5,2.91,804.53,46.02,939.13,1.67,76432.69,0,198.36,0,3.46,0.34,0.67,2.83,0,469.64,0,0,88.79,0,6.07,25.36,35.36,47.21,NA,4.75,250.05,1006.79,18250,0.23,4250,6.07,0,0,790,0,23250,0,69.79,0,6.36,0.71,0.07
Lenoir,170,5,0,111,170,170,84,98,98,94,0,0,0,0,98,95,0,95,0,79,79,0,98,92,98,98,5,0,5,0,166,5,0,111,163,105,84,98,93,75,0,0,0,0,48,4,0,9,0,69,79,0,97,0,98,91,5,0,5,0,4,0,0,0,7,65,0,0,5,19,0,0,0,0,50,91,0,86,0,10,0,0,1,92,0,7,0,0,0,0,2.35,0,NA,0,4.12,38.24,0,0,5.1,20.21,NA,NA,NA,NA,51.02,95.79,NA,90.53,NA,12.66,0,NA,1.02,100,0,7.14,0,NA,0,NA,0,0,0,0,1,3,0,0,0,0,NA,0,NA,NA,34,NA,NA,2,0,0,0,0,0,NA,0,NA,0,0,NA,0,0.59,1.76,0,0,0,0,NA,NA,NA,NA,34.69,NA,NA,2.53,0,0,0,0,0,NA,0,NA,0,NA,NA,4,1,47,0,0,0,2,0,NA,0,NA,34,0,0,2,0,1,98,0,NA,NA,NA,NA,0,NA,NA,3.6,0.59,27.65,0,0,0,2.13,NA,NA,NA,NA,34.69,NA,NA,2.53,0,1.02,100,0,NA,NA,NA,NA,2.96,3.54,NA,0.81,3.8,62.43,0.35,7.07,38.96,94.15,NA,NA,NA,NA,693.21,29113.98,NA,4740.67,NA,1416.33,70.71,NA,3.72,19143.48,35.36,83.11,1.41,NA,2.12,NA,3.54,3.54,NA,0.71,3.54,21.21,0.35,7.07,35.36,35.36,NA,NA,NA,NA,115,34000,NA,3000,NA,707.11,70.71,NA,3.54,7350,35.36,70.71,1.41,NA,2.12,NA,0.71,3.54,NA,0.71,3.54,21.21,0.35,7.07,35.36,35.36,NA,NA,NA,NA,70.71,707.11,NA,707.11,NA,707.11,70.71,NA,3.54,1900,35.36,70.71,1.41,NA,2.12,NA,7.07,3.54,NA,3.54,24,3100,0.35,7.07,230,2200,NA,NA,NA,NA,14000,1.00E+05,NA,25000,NA,15000,70.71,NA,22,210000,35.36,400,1.41,NA,2.12,NA,1.77,0,NA,0.53,1.77,242.76,0,0,21.25,256.66,NA,NA,NA,NA,1731.24,22187.96,NA,4346.03,NA,2594.31,0,NA,1.87,30128.86,0,56.55,0,NA,0,NA,2.83,0,NA,0,0,28.79,0,0,0,0,NA,NA,NA,NA,519.29,39500,NA,4000,NA,0,0,NA,0,14975,0,0,0,NA,0,NA
Lincoln,2333,0,0,1849,2325,2326,1574,1664,1665,1664,0,0,0,0,1665,1665,0,1665,0,1276,1276,0,1664,1602,1664,1664,0,0,0,3,2159,0,0,1844,2209,1733,1565,1587,1560,1152,0,0,0,0,939,42,0,217,0,925,1256,0,1643,8,1664,1569,0,0,0,1,174,0,0,5,116,593,9,77,105,512,0,0,0,0,726,1623,0,1448,0,351,20,0,21,1594,0,95,0,0,0,2,7.46,NA,NA,0.27,4.99,25.49,0.57,4.63,6.31,30.77,NA,NA,NA,NA,43.6,97.48,NA,86.97,NA,27.51,1.57,NA,1.26,99.5,0,5.71,NA,NA,NA,66.67,85,0,0,2,33,29,1,7,5,16,NA,0,NA,NA,407,NA,NA,13,2,1,0,0,0,NA,0,NA,3.64,NA,NA,0.11,1.42,1.25,0.06,0.42,0.3,0.96,NA,NA,NA,NA,24.44,NA,NA,1.02,0.16,0.06,0,0,NA,NA,NA,NA,85,NA,NA,6,33,404,2,77,7,83,0,NA,0,NA,407,0,0,13,2,1,1664,0,NA,NA,NA,NA,3.64,NA,NA,0.32,1.42,17.37,0.13,4.63,0.42,4.99,NA,NA,NA,NA,24.44,NA,NA,1.02,0.16,0.06,100,0,NA,NA,NA,NA,4.33,NA,NA,0.74,4.26,42.45,0.36,8.3,54.24,278.65,NA,NA,NA,NA,565.17,21334.17,NA,3104.93,NA,1386.32,74.34,NA,3.62,9708.07,35.36,75.38,NA,NA,NA,0.36,3.54,NA,NA,0.71,3.54,21.21,0.35,7.07,35.36,35.36,NA,NA,NA,NA,70.71,11000,NA,3000,NA,707.11,70.71,NA,3.54,7000,35.36,70.71,NA,NA,NA,0.12,0.71,NA,NA,0.71,3.54,21.21,0.35,7.07,35.36,35.36,NA,NA,NA,NA,70.71,707.11,NA,707.11,NA,707.11,70.71,NA,3.54,707.11,35.36,70.71,NA,NA,NA,0.04,390,NA,NA,40,208,3000,2,286,11000,22000,NA,NA,NA,NA,64000,560000,NA,43000,NA,37000,1000,NA,55,490000,35.36,400,NA,NA,NA,0.91,12.66,NA,NA,0.92,7.3,86.96,0.05,11.46,301.27,1202.54,NA,NA,NA,NA,2202.62,45213.29,NA,2559.51,NA,2129.73,43.46,NA,1.41,22373.78,0,23.7,NA,NA,NA,0.48,0,NA,NA,0,0,8.79,0,0,0,64.64,NA,NA,NA,NA,219.29,14000,NA,2000,NA,392.89,0,NA,0,4200,0,0,NA,NA,NA,0.44
Macon,2368,5,0,1995,2424,2370,1768,1806,1847,1831,0,3,0,0,1834,1806,0,1806,2,997,997,0,1805,1748,1805,1806,5,0,5,0,2350,5,0,1980,2079,1823,1767,1789,1451,1171,0,2,0,0,924,81,0,625,1,941,995,0,1792,28,1805,1789,5,0,5,0,18,0,0,15,345,547,1,17,396,660,0,1,0,0,910,1725,0,1181,1,56,2,0,13,1720,0,17,0,0,0,0,0.76,0,NA,0.75,14.23,23.08,0.06,0.94,21.44,36.05,NA,33.33,NA,NA,49.62,95.51,NA,65.39,50,5.62,0.2,NA,0.72,98.4,0,0.94,0,NA,0,NA,4,0,0,1,133,33,0,0,18,54,NA,0,NA,NA,597,NA,NA,0,0,0,0,0,0,NA,0,NA,0.17,0,NA,0.05,5.49,1.39,0,0,0.97,2.95,NA,0,NA,NA,32.55,NA,NA,0,0,0,0,0,0,NA,0,NA,4,NA,NA,19,133,356,0,17,29,142,0,NA,0,NA,597,0,0,0,0,5,1805,0,NA,NA,NA,NA,0.17,NA,NA,0.95,5.49,15.02,0,0.94,1.57,7.76,NA,NA,NA,NA,32.55,NA,0,0,0,0.28,100,0,NA,NA,NA,NA,3.29,3.54,NA,0.73,8.92,54.61,0.35,7.23,253.78,77495.82,NA,1.14,NA,NA,1205.78,10296.94,NA,1979.15,8.54,771.52,70.96,NA,3.65,6456.64,35.36,71.66,1.41,NA,2.12,NA,3.54,3.54,NA,0.71,3.54,21.21,0.35,7.07,35.36,35.36,NA,0.71,NA,NA,70.71,7000,NA,1000,8.54,707.11,70.71,NA,3.54,4400,35.36,70.71,1.41,NA,2.12,NA,0.71,3.54,NA,0.71,3.54,21.21,0.35,7.07,35.36,35.36,NA,0.71,NA,NA,70.71,707.11,NA,707.11,7.07,10,70.71,NA,3.54,707.11,35.36,70.71,1.41,NA,2.12,NA,184,3.54,NA,6,2540,11000,0.7,70,277000,1.41E+08,NA,2,NA,NA,580000,370000,NA,30000,10,6500,210,NA,44,220000,35.36,370,1.41,NA,2.12,NA,4.09,0,NA,0.27,73.27,355.64,0.01,2.08,6453.69,3295137.23,NA,0.75,NA,NA,13957,17351.27,NA,1916.66,2.07,388.75,5.6,NA,1.68,10616.17,0,12.71,0,NA,0,NA,0,0,NA,0,0,0,0,0,0,84.64,NA,0.65,NA,NA,429.29,8000,NA,2292.89,1.46,0,0,NA,0,3800,0,0,0,NA,0,NA
Madison,1190,1,1,718,1190,1190,588,605,605,604,0,1,1,1,605,605,1,605,1,382,382,0,605,593,605,605,1,0,1,0,1173,1,1,718,1025,877,588,590,466,374,0,1,1,1,320,10,1,37,1,332,380,0,602,5,605,551,1,0,1,0,17,0,0,0,165,313,0,15,139,230,0,0,0,0,285,595,0,568,0,50,2,0,3,588,0,54,0,0,0,0,1.43,0,0,0,13.87,26.3,0,2.48,22.98,38.08,NA,0,0,0,47.11,98.35,0,93.88,0,13.09,0.52,NA,0.5,99.16,0,8.93,0,NA,0,NA,2,0,0,0,76,33,0,2,4,5,NA,0,NA,NA,177,NA,NA,0,0,0,0,0,0,NA,0,NA,0.17,0,0,0,6.39,2.77,0,0.33,0.66,0.83,NA,0,NA,NA,29.26,NA,NA,0,0,0,0,0,0,NA,0,NA,2,NA,NA,1,76,249,0,15,5,34,0,NA,1,NA,177,1,0,0,0,0,605,0,NA,NA,NA,NA,0.17,NA,NA,0.14,6.39,20.92,0,2.48,0.83,5.63,NA,NA,100,NA,29.26,100,0,0,0,0,100,0,NA,NA,NA,NA,2.55,3.54,7.07,0.71,7.68,51.65,0.35,7.71,88.26,271.94,NA,0.71,7.07,35.36,928.51,18218.96,7.07,5314.57,7.07,916.91,71.28,NA,3.56,10087.58,35.36,77.51,1.41,NA,2.12,NA,3.54,3.54,7.07,0.71,3.54,21.21,0.35,7.07,35.36,35.36,NA,0.71,7.07,35.36,70.71,14000,7.07,5000,7.07,707.11,70.71,NA,3.54,7700,35.36,70.71,1.41,NA,2.12,NA,0.71,3.54,7.07,0.71,3.54,21.21,0.35,7.07,35.36,35.36,NA,0.71,7.07,35.36,70.71,707.11,7.07,707.11,7.07,707.11,70.71,NA,3.54,707.11,35.36,70.71,1.41,NA,2.12,NA,15,3.54,7.07,3.54,701,1800,0.35,136,5730,18000,NA,0.71,7.07,35.36,48000,220000,7.07,44000,7.07,6800,260,NA,13,220000,35.36,400,1.41,NA,2.12,NA,1.73,NA,NA,0.11,26.94,96.35,0,7.05,311.38,1057.82,NA,NA,NA,NA,3450.5,16195.71,NA,4404.87,NA,780.59,9.8,NA,0.45,13798.18,0,30.71,NA,NA,NA,NA,2.83,0,0,0,0,13.79,0,0,0,84.64,NA,0,0,0,389.29,18000,0,4000,0,0,0,NA,0,4400,0,0,0,NA,0,NA
Martin,130,5,0,91,130,131,59,70,70,65,0,0,0,0,71,70,0,70,0,51,51,0,70,67,70,70,5,0,5,0,126,5,0,89,124,117,59,70,68,50,0,0,0,0,33,15,0,14,0,50,51,0,70,0,70,66,5,0,5,0,4,0,0,2,6,14,0,0,2,15,0,0,0,0,38,55,0,56,0,1,0,0,0,67,0,4,0,0,0,0,3.08,0,NA,2.2,4.62,10.69,0,0,2.86,23.08,NA,NA,NA,NA,53.52,78.57,NA,80,NA,1.96,0,NA,0,100,0,5.71,0,NA,0,NA,0,0,0,1,2,2,0,0,1,1,NA,0,NA,NA,24,NA,NA,0,0,0,0,0,0,NA,0,NA,0,0,NA,1.1,1.54,1.53,0,0,1.43,1.54,NA,NA,NA,NA,33.8,NA,NA,0,0,0,0,0,0,NA,0,NA,0,NA,NA,1,2,6,0,0,1,2,0,NA,0,NA,24,0,0,0,0,0,70,0,NA,NA,NA,NA,0,NA,NA,1.1,1.54,4.58,0,0,1.43,3.08,NA,NA,NA,NA,33.8,NA,NA,0,0,0,100,0,NA,NA,NA,NA,2.85,3.54,NA,0.76,4.1,41.55,0.35,7.07,56.92,209.06,NA,NA,NA,NA,414.27,23794.38,NA,7472.85,NA,877.56,70.71,NA,3.54,106579.1,35.36,85.81,1.41,NA,2.12,NA,3.54,3.54,NA,0.71,3.54,21.21,0.35,7.07,35.36,35.36,NA,NA,NA,NA,120,12500,NA,3000,NA,707.11,70.71,NA,3.54,1.00E+05,35.36,70.71,1.41,NA,2.12,NA,0.71,3.54,NA,0.71,3.54,21.21,0.35,7.07,35.36,35.36,NA,NA,NA,NA,70.71,707.11,NA,707.11,NA,707.11,70.71,NA,3.54,4500,35.36,70.71,1.41,NA,2.12,NA,7.07,3.54,NA,5,42,1900,0.35,7.07,1510,6500,NA,NA,NA,NA,4100,90000,NA,28000,NA,9400,70.71,NA,3.54,298000,35.36,600,1.41,NA,2.12,NA,1.74,0,NA,0.45,3.93,168.89,0,0,176.24,816.2,NA,NA,NA,NA,694.5,26748.54,NA,7529.84,NA,1217.25,0,NA,0,79653.07,0,73.24,0,NA,0,NA,2.83,0,NA,0,0,0,0,0,0,54.64,NA,NA,NA,NA,329.29,38500,NA,12000,NA,0,0,NA,0,134700,0,0,0,NA,0,NA
McDowell,1251,0,0,1072,1250,1247,962,1023,1029,1023,0,1,0,0,1023,1023,0,1023,1,980,980,1,1023,1009,1023,1023,0,0,0,0,1211,0,0,1070,1137,966,962,1010,922,720,0,1,0,0,593,46,0,258,1,887,974,0,1014,31,1023,980,0,0,0,0,40,0,0,2,113,281,0,13,107,303,0,0,0,0,430,977,0,765,0,93,6,1,9,978,0,43,0,0,0,0,3.2,NA,NA,0.19,9.04,22.53,0,1.27,10.4,29.62,NA,0,NA,NA,42.03,95.5,NA,74.78,0,9.49,0.61,100,0.88,96.93,0,4.2,NA,NA,NA,NA,16,0,0,2,49,13,0,0,2,12,NA,0,NA,NA,243,NA,NA,5,1,0,0,0,0,NA,0,NA,1.28,NA,NA,0.19,3.92,1.04,0,0,0.19,1.17,NA,0,NA,NA,23.75,NA,NA,0.51,0.1,0,0,0,NA,NA,NA,NA,16,NA,NA,2,49,195,0,13,4,38,0,NA,0,NA,243,0,0,5,1,1,1023,0,NA,NA,NA,NA,1.28,NA,NA,0.19,3.92,15.64,0,1.27,0.39,3.71,NA,NA,NA,NA,23.75,NA,0,0.51,0.1,0.1,100,0,NA,NA,NA,NA,3.52,NA,NA,0.72,6.75,40.68,0.35,7.18,54.77,235.48,NA,0.71,NA,NA,692.35,10783.41,NA,2191.69,7.07,910.26,72.15,1820,3.6,6765.13,35.36,74.74,NA,NA,NA,NA,3.54,NA,NA,0.71,3.54,21.21,0.35,7.07,35.36,35.36,NA,0.71,NA,NA,70.71,7000,NA,2000,7.07,707.11,70.71,1820,3.54,5000,35.36,70.71,NA,NA,NA,NA,0.71,NA,NA,0.71,3.54,21.21,0.35,7.07,35.36,35.36,NA,0.71,NA,NA,70.71,707.11,NA,707.11,7.07,707.11,70.71,1820,3.54,707.11,35.36,70.71,NA,NA,NA,NA,93,NA,NA,5,974,2500,0.35,30,1840,13000,NA,0.71,NA,NA,2.00E+05,310000,NA,18000,7.07,12000,1000,1820,23,590000,35.36,690,NA,NA,NA,NA,3.79,NA,NA,0.19,33.02,114.51,0,1.17,111.58,943.73,NA,NA,NA,NA,6448.73,13864.23,NA,1844.38,NA,964.8,31.24,NA,0.82,21649.94,0,28.55,NA,NA,NA,NA,0,NA,NA,0,0,0,0,0,0,44.64,NA,0,NA,NA,209.29,10000,NA,2292.89,0,0,0,0,0,2900,0,0,NA,NA,NA,NA
Mecklenburg,2600,0,0,2248,2593,2596,909,1010,1017,1011,0,2,17,0,1014,1007,0,1010,0,93,93,0,1010,1005,1010,1010,0,0,0,0,2550,0,0,2240,2407,2143,908,990,846,667,0,1,12,0,618,16,0,43,0,70,93,0,1000,0,1010,960,0,0,0,0,50,0,0,8,186,453,1,20,171,344,0,1,5,0,396,991,0,967,0,23,0,0,10,1005,0,50,0,0,0,0,1.92,NA,NA,0.36,7.17,17.45,0.11,1.98,16.81,34.03,NA,50,29.41,NA,39.05,98.41,NA,95.74,NA,24.73,0,NA,0.99,100,0,4.95,NA,NA,NA,NA,3,0,0,0,71,66,0,1,11,15,NA,0,NA,NA,231,NA,NA,0,0,0,0,0,0,NA,0,NA,0.12,NA,NA,0,2.74,2.54,0,0.1,1.08,1.48,NA,0,NA,NA,22.78,NA,NA,0,0,0,0,0,NA,NA,NA,NA,3,NA,NA,873,71,363,0,20,11,71,0,NA,17,NA,231,0,0,0,0,3,1010,1,NA,NA,NA,NA,0.12,NA,NA,38.83,2.74,13.98,0,1.98,1.08,7.02,NA,NA,100,NA,22.78,NA,NA,0,0,0.3,100,0.1,NA,NA,NA,NA,2.24,NA,NA,1.8,5.8,50.46,0.35,7.41,92.31,441.82,NA,2.35,9.01,NA,463.3,29753.64,NA,7472.83,NA,1039.76,70.71,NA,3.63,14980.9,35.36,77.12,NA,NA,NA,NA,0.71,NA,NA,0.71,3.54,21.21,0.35,7.07,35.36,35.36,NA,2.35,7.07,NA,70.71,18000,NA,6000,NA,707.11,70.71,NA,3.54,9200,35.36,70.71,NA,NA,NA,NA,0.71,NA,NA,0.71,3.54,21.21,0.35,7.07,35.36,35.36,NA,0.71,7.07,NA,70.71,707.11,NA,707.11,NA,707.11,70.71,NA,3.54,1000,35.36,70.71,NA,NA,NA,NA,44,NA,NA,3.54,2170,5400,0.8,100,6100,73000,NA,4,17.9,NA,21000,758000,NA,66000,NA,6100,70.71,NA,25,1100000,35.36,800,NA,NA,NA,NA,2,NA,NA,1.38,45.55,192.99,0.01,3.7,365.19,2735.3,NA,2.33,3.4,NA,1403.67,43545.71,NA,7255.64,NA,834.31,0,NA,1.21,41913.69,0,43.1,NA,NA,NA,NA,2.83,NA,NA,2.83,0,0,0,0,0,74.64,NA,1.65,2.93,NA,179.29,25000,NA,6000,NA,0,0,NA,0,5800,0,0,NA,NA,NA,NA
Mitchell,564,3,0,458,564,564,370,408,408,408,0,3,0,0,408,406,0,406,0,342,342,0,408,401,408,408,3,0,3,0,551,3,0,456,509,399,369,403,373,260,0,1,0,0,194,5,0,44,0,293,337,0,407,1,408,388,3,0,3,0,13,0,0,2,55,165,1,5,35,148,0,2,0,0,214,401,0,362,0,49,5,0,1,400,0,20,0,0,0,0,2.3,0,NA,0.44,9.75,29.26,0.27,1.23,8.58,36.27,NA,66.67,NA,NA,52.45,98.77,NA,89.16,NA,14.33,1.46,NA,0.25,99.75,0,4.9,0,NA,0,NA,5,0,0,0,14,17,0,0,2,3,NA,0,NA,NA,131,NA,NA,0,0,0,0,0,0,NA,0,NA,0.89,0,NA,0,2.48,3.01,0,0,0.49,0.74,NA,0,NA,NA,32.11,NA,NA,0,0,0,0,0,0,NA,0,NA,5,NA,NA,0,14,111,0,5,2,14,0,NA,0,NA,131,0,0,0,0,0,408,0,NA,NA,NA,NA,0.89,NA,NA,0,2.48,19.68,0,1.23,0.49,3.43,NA,NA,NA,NA,32.11,NA,NA,0,0,0,100,0,NA,NA,NA,NA,3.18,3.54,NA,0.71,4.44,134.49,0.36,7.34,55.48,280.21,NA,8.24,NA,NA,660.57,16006.74,NA,4466.51,NA,914.63,74.38,NA,3.54,7626.7,35.36,77.89,1.41,NA,2.12,NA,3.54,3.54,NA,0.71,3.54,21.21,0.35,7.07,35.36,35.36,NA,9,NA,NA,110,12000,NA,3000,NA,707.11,70.71,NA,3.54,4600,35.36,70.71,1.41,NA,2.12,NA,0.71,3.54,NA,0.71,3.54,21.21,0.35,7.07,35.36,35.36,NA,0.71,NA,NA,70.71,707.11,NA,707.11,NA,707.11,70.71,NA,3.54,707.11,35.36,70.71,1.41,NA,2.12,NA,39,3.54,NA,1,68,11000,0.9,70,2760,34000,NA,15,NA,NA,30000,320000,NA,82000,NA,5300,750,NA,7,3.00E+05,35.36,640,1.41,NA,2.12,NA,2.56,0,NA,0.02,4.38,852.87,0.03,3.31,168.72,1803.26,NA,7.18,NA,NA,2052.06,23354.06,NA,7608.19,NA,646.48,43.15,NA,0.17,17906.47,0,42.81,0,NA,0,NA,0,0,NA,0,0,18.79,0,0,0,74.64,NA,7.15,NA,NA,419.29,11000,NA,3000,NA,0,0,NA,0,3300,0,0,0,NA,0,NA
Montgomery,576,2,6,295,576,581,192,281,282,285,0,0,0,0,287,285,0,285,0,207,207,0,281,271,281,281,2,0,2,0,465,2,0,291,495,406,192,280,253,211,0,0,0,0,192,13,0,37,0,177,207,0,253,2,281,266,2,0,2,0,111,0,6,4,81,175,0,1,29,74,0,0,0,0,95,272,0,248,0,30,0,0,28,269,0,15,0,0,0,0,19.27,0,100,1.36,14.06,30.12,0,0.36,10.28,25.96,NA,NA,NA,NA,33.1,95.44,NA,87.02,NA,14.49,0,NA,9.96,99.26,0,5.34,0,NA,0,NA,45,0,0,1,44,34,0,0,0,2,NA,0,NA,NA,51,NA,NA,3,0,0,0,0,0,NA,0,NA,7.81,0,0,0.34,7.64,5.85,0,0,0,0.7,NA,NA,NA,NA,17.77,NA,NA,1.45,0,0,0,0,0,NA,0,NA,45,NA,NA,3,44,147,0,1,0,4,0,NA,0,NA,51,0,0,3,0,1,281,0,NA,NA,NA,NA,7.81,NA,NA,1.02,7.64,25.3,0,0.36,0,1.4,NA,NA,NA,NA,17.77,NA,NA,1.45,0,0.36,100,0,NA,NA,NA,NA,4.97,3.54,40,0.79,10.57,86.45,0.35,7.08,47.32,162.48,NA,NA,NA,NA,409.53,23041.03,NA,4960.71,NA,1210.13,70.71,NA,4.04,15608.54,35.36,78.84,1.41,NA,2.12,NA,3.54,3.54,40,0.71,3.54,21.21,0.35,7.07,35.36,35.36,NA,NA,NA,NA,70.71,19000,NA,4000,NA,707.11,70.71,NA,3.54,10000,35.36,70.71,1.41,NA,2.12,NA,0.71,3.54,30,0.71,3.54,21.21,0.35,7.07,35.36,35.36,NA,NA,NA,NA,70.71,707.11,NA,707.11,NA,707.11,70.71,NA,3.54,707.11,35.36,70.71,1.41,NA,2.12,NA,133,3.54,60,21,329,3140,0.35,10,870,16000,NA,NA,NA,NA,13000,2.00E+05,NA,59000,NA,18000,70.71,NA,24,220000,35.36,600,1.41,NA,2.12,NA,11.83,0,10.95,1.19,35.8,227.21,0,0.17,63.11,1027.94,NA,NA,NA,NA,1207.87,23755.24,NA,5312.21,NA,1983.37,0,NA,1.85,22732.46,0,46.01,0,NA,0,NA,2.83,0,7.5,0,0,28.79,0,0,0,24.64,NA,NA,NA,NA,79.29,25000,NA,4000,NA,0,0,NA,0,8100,0,0,0,NA,0,NA
Moore,1280,2,3,736,1289,1290,466,693,699,692,0,0,0,0,706,701,0,701,0,474,474,0,693,654,693,693,2,0,2,0,1147,2,0,733,1066,802,464,687,580,519,0,0,0,0,400,144,0,240,0,345,471,0,685,16,693,462,2,0,2,0,133,0,3,3,223,488,2,6,119,173,0,0,0,0,306,557,0,461,0,129,3,0,8,638,0,231,0,0,0,0,10.39,0,100,0.41,17.3,37.83,0.43,0.87,17.02,25,NA,NA,NA,NA,43.34,79.46,NA,65.76,NA,27.22,0.63,NA,1.15,97.55,0,33.33,0,NA,0,NA,41,0,2,1,86,84,1,1,3,1,NA,0,NA,NA,187,NA,NA,8,1,0,0,0,0,NA,0,NA,3.2,0,66.67,0.14,6.67,6.51,0.21,0.14,0.43,0.14,NA,NA,NA,NA,26.49,NA,NA,1.69,0.21,0,0,0,0,NA,0,NA,41,NA,NA,11,86,445,1,6,5,11,0,NA,0,NA,187,0,0,8,1,0,693,9,NA,NA,NA,NA,3.2,NA,NA,1.49,6.67,34.5,0.21,0.87,0.72,1.59,NA,NA,NA,NA,26.49,NA,NA,1.69,0.21,0,100,1.3,NA,NA,NA,NA,3.77,3.54,446.67,0.75,6.28,91.66,0.37,7.32,64.14,116.28,NA,NA,NA,NA,482.83,15619.29,NA,3994.16,NA,1520.55,73.22,NA,3.6,16894.06,35.36,131.68,1.41,NA,2.12,NA,3.54,3.54,660,0.71,3.54,21.21,0.35,7.07,35.36,35.36,NA,NA,NA,NA,70.71,10000,NA,2000,NA,707.11,70.71,NA,3.54,7500,35.36,70.71,1.41,NA,2.12,NA,0.71,3.54,10,0.71,3.54,21.21,0.35,7.07,35.36,35.36,NA,NA,NA,NA,70.71,707.11,NA,707.11,NA,707.11,70.71,NA,3.54,707.11,35.36,70.71,1.41,NA,2.12,NA,167,3.54,670,5,205,3200,5.7,120,1850,8000,NA,NA,NA,NA,12000,450000,NA,69000,NA,49000,1100,NA,15,330000,35.36,900,1.41,NA,2.12,NA,8.17,0,378.2,0.36,13.26,206.47,0.25,4.42,136.49,389.11,NA,NA,NA,NA,1233.5,27090.52,NA,5604.8,NA,2913.93,47.65,NA,0.68,27010.39,0,126,0,NA,0,NA,2.83,0,330,0,0,68.79,0,0,0,24.64,NA,NA,NA,NA,239.29,18000,NA,5292.89,NA,392.89,0,NA,0,17100,0,69.29,0,NA,0,NA
Nash,2258,0,1,1573,2258,2260,1222,1409,1409,1409,0,0,0,0,1411,1409,0,1409,0,1239,1239,0,1409,1365,1409,1409,0,0,0,0,2143,0,1,1572,2061,1473,1219,1378,1351,260,0,0,0,0,932,38,0,149,0,711,1186,0,1401,0,1409,1308,0,0,0,0,115,0,0,1,197,787,3,31,58,1149,0,0,0,0,479,1371,0,1260,0,528,53,0,8,1365,0,101,0,0,0,0,5.09,NA,0,0.06,8.72,34.82,0.25,2.2,4.12,81.55,NA,NA,NA,NA,33.95,97.3,NA,89.43,NA,42.62,4.28,NA,0.57,100,0,7.17,NA,NA,NA,NA,35,0,0,0,72,152,1,1,0,211,NA,0,NA,NA,293,NA,NA,9,2,0,0,0,0,NA,0,NA,1.55,NA,0,0,3.19,6.73,0.08,0.07,0,14.98,NA,NA,NA,NA,20.77,NA,NA,0.73,0.16,0,0,0,NA,NA,NA,NA,35,NA,NA,3,72,666,1,31,0,610,0,NA,0,NA,293,0,0,9,2,1,1409,1,NA,NA,NA,NA,1.55,NA,NA,0.19,3.19,29.47,0.08,2.2,0,43.29,NA,NA,NA,NA,20.77,NA,NA,0.73,0.16,0.07,100,0.07,NA,NA,NA,NA,3.06,NA,70.71,0.71,5.07,93.42,0.36,7.45,39.32,2312.12,NA,NA,NA,NA,653.54,14549.23,NA,3928.6,NA,1794.37,81.42,NA,3.57,12939.12,35.36,78.57,NA,NA,NA,NA,3.54,NA,70.71,0.71,3.54,21.21,0.35,7.07,35.36,640,NA,NA,NA,NA,70.71,10000,NA,3000,NA,707.11,70.71,NA,3.54,7500,35.36,70.71,NA,NA,NA,NA,0.71,NA,70.71,0.71,3.54,21.21,0.35,7.07,35.36,35.36,NA,NA,NA,NA,70.71,707.11,NA,707.11,NA,707.11,70.71,NA,3.54,1400,35.36,70.71,NA,NA,NA,NA,32,NA,70.71,3.54,730,10670,2.1,104,460,29000,NA,NA,NA,NA,73000,1300000,NA,28000,NA,21000,2100,NA,21,1200000,35.36,900,NA,NA,NA,NA,2.44,NA,NA,0.12,17.41,308.39,0.05,3.85,25.52,3787.91,NA,NA,NA,NA,3248.97,39752.87,NA,2778.35,NA,2026.51,85.26,NA,0.59,43178.64,0,39.9,NA,NA,NA,NA,2.83,NA,0,0,0,38.79,0,0,0,2800,NA,NA,NA,NA,139.29,11000,NA,3000,NA,1392.89,0,NA,0,3800,0,0,NA,NA,NA,NA
New Hanover,2108,54,1,1065,2172,2097,816,927,1018,898,0,0,0,0,948,931,0,931,3,763,763,1,924,916,923,924,54,0,54,0,1941,54,0,1064,2042,1321,816,925,835,676,0,0,0,0,399,40,0,52,3,716,756,0,915,4,923,909,54,0,54,0,167,0,1,1,130,776,0,2,183,222,0,0,0,0,549,891,0,879,0,47,7,1,9,912,0,15,0,0,0,0,7.92,0,100,0.09,5.99,37.01,0,0.22,17.98,24.72,NA,NA,NA,NA,57.91,95.7,NA,94.41,0,6.16,0.92,100,0.97,99.56,0,1.62,0,NA,0,NA,28,0,0,1,45,50,0,0,20,2,NA,0,NA,NA,411,NA,NA,1,0,0,0,0,0,NA,0,NA,1.33,0,0,0.09,2.07,2.38,0,0,1.96,0.22,NA,NA,NA,NA,43.35,NA,NA,0.13,0,0,0,0,0,NA,0,NA,28,NA,NA,5,45,585,0,2,29,27,0,NA,0,NA,411,0,0,1,0,2,923,0,NA,NA,NA,NA,1.33,NA,NA,0.47,2.07,27.9,0,0.22,2.85,3.01,NA,NA,NA,NA,43.35,NA,0,0.13,0,0.22,100,0,NA,NA,NA,NA,2.45,3.54,120,0.72,4.3,54.71,0.35,7.09,145.89,149.47,NA,NA,NA,NA,1033.9,66194.18,NA,7539.84,7.07,799.58,71.33,1340,3.65,45633.22,35.36,71.89,1.41,NA,2.12,NA,3,3.54,120,0.71,3.54,21.21,0.35,7.07,35.36,35.36,NA,NA,NA,NA,190,74000,NA,4000,7.07,707.11,70.71,1340,3.54,22000,35.36,70.71,1.41,NA,2.12,NA,0.71,3.54,120,0.71,3.54,21.21,0.35,7.07,35.36,35.36,NA,NA,NA,NA,70.71,707.11,NA,707.11,7.07,707.11,70.71,1340,3.54,707.11,35.36,70.71,1.41,NA,2.12,NA,62,3.54,120,5,106,2240,0.35,20,8960,5600,NA,NA,NA,NA,25000,5.00E+05,NA,4.00E+05,7.07,16660,270,1340,45,1900000,35.36,210,1.41,NA,2.12,NA,2.82,0,NA,0.22,5.34,106.36,0,0.44,447.43,474.35,NA,NA,NA,NA,1959.6,38564.46,NA,17303.07,0,701.65,8.39,NA,1.82,113304.95,0,11.04,0,NA,0,NA,2.83,0,0,0,0,28.79,0,0,0,24.64,NA,NA,NA,NA,1029.29,49000,NA,7000,0,0,0,0,0,28000,0,0,0,NA,0,NA
Northampton,446,0,0,301,446,446,232,244,244,244,0,0,0,0,244,244,0,244,0,113,113,0,244,218,244,244,0,0,0,0,434,0,0,299,399,298,231,238,225,186,0,0,0,0,137,19,0,66,0,70,112,0,242,0,244,147,0,0,0,0,12,0,0,2,47,148,1,6,19,58,0,0,0,0,107,225,0,178,0,43,1,0,2,218,0,97,0,0,0,0,2.69,NA,NA,0.66,10.54,33.18,0.43,2.46,7.79,23.77,NA,NA,NA,NA,43.85,92.21,NA,72.95,NA,38.05,0.88,NA,0.82,100,0,39.75,NA,NA,NA,NA,7,0,0,0,9,8,0,1,0,1,NA,0,NA,NA,72,NA,NA,6,0,1,0,0,0,NA,0,NA,1.57,NA,NA,0,2.02,1.79,0,0.41,0,0.41,NA,NA,NA,NA,29.51,NA,NA,5.31,0,0.41,0,0,NA,NA,NA,NA,7,NA,NA,9,9,103,1,6,0,5,0,NA,0,NA,72,0,0,6,0,1,244,5,NA,NA,NA,NA,1.57,NA,NA,2.99,2.02,23.09,0.43,2.46,0,2.05,NA,NA,NA,NA,29.51,NA,NA,5.31,0,0.41,100,2.05,NA,NA,NA,NA,2.73,NA,NA,0.78,4.84,49.03,0.36,8.2,47.33,122.85,NA,NA,NA,NA,570.77,12346.46,NA,3261.27,NA,2560.51,71.15,NA,3.77,23628.44,35.36,151.49,NA,NA,NA,NA,3.54,NA,NA,0.71,3.54,21.21,0.35,7.07,35.36,35.36,NA,NA,NA,NA,70.71,8000,NA,2000,NA,707.11,70.71,NA,3.54,9950,35.36,70.71,NA,NA,NA,NA,0.71,NA,NA,0.71,3.54,21.21,0.35,7.07,35.36,35.36,NA,NA,NA,NA,70.71,707.11,NA,707.11,NA,707.11,70.71,NA,3.54,2000,35.36,70.71,NA,NA,NA,NA,44,NA,NA,3.54,194,1300,1.4,160,680,9100,NA,NA,NA,NA,10000,76000,NA,18000,NA,15000,120,NA,57,220000,35.36,1000,NA,NA,NA,NA,2.79,NA,NA,0.44,10.56,85.63,0.07,10.96,62.83,609.55,NA,NA,NA,NA,1281.85,13120.24,NA,3135.58,NA,3408.28,4.64,NA,3.43,30169.31,0,159.28,NA,NA,NA,NA,2.83,NA,NA,0,0,18.79,0,0,0,0,NA,NA,NA,NA,331.79,13000,NA,3292.89,NA,2092.89,0,NA,0,21625,0,129.29,NA,NA,NA,NA
Onslow,234,1,0,168,234,234,146,157,157,157,0,0,0,0,157,157,0,157,0,141,141,0,157,157,157,157,1,0,1,0,230,1,0,167,219,148,146,156,147,127,0,0,0,0,38,4,0,10,0,140,141,0,157,0,157,156,1,0,1,0,4,0,0,1,15,86,0,1,10,30,0,0,0,0,119,153,0,147,0,1,0,0,0,157,0,1,0,0,0,0,1.71,0,NA,0.6,6.41,36.75,0,0.64,6.37,19.11,NA,NA,NA,NA,75.8,97.45,NA,93.63,NA,0.71,0,NA,0,100,0,0.64,0,NA,0,NA,1,0,0,0,6,3,0,0,0,1,NA,0,NA,NA,88,NA,NA,0,0,0,0,0,0,NA,0,NA,0.43,0,NA,0,2.56,1.28,0,0,0,0.64,NA,NA,NA,NA,56.05,NA,NA,0,0,0,0,0,0,NA,0,NA,1,NA,NA,0,6,60,0,1,0,2,0,NA,0,NA,88,0,0,0,0,0,157,0,NA,NA,NA,NA,0.43,NA,NA,0,2.56,25.64,0,0.64,0,1.27,NA,NA,NA,NA,56.05,NA,NA,0,0,0,100,0,NA,NA,NA,NA,2.91,3.54,NA,0.71,4.46,66.35,0.35,7.22,44.38,245.2,NA,NA,NA,NA,1199.69,55183.62,NA,5158.35,NA,742.52,70.71,NA,3.54,34047.77,35.36,70.9,1.41,NA,2.12,NA,3.54,3.54,NA,0.71,3.54,21.21,0.35,7.07,35.36,35.36,NA,NA,NA,NA,510,60000,NA,3000,NA,707.11,70.71,NA,3.54,12000,35.36,70.71,1.41,NA,2.12,NA,0.71,3.54,NA,0.71,3.54,21.21,0.35,7.07,35.36,35.36,NA,NA,NA,NA,70.71,707.11,NA,707.11,NA,707.11,70.71,NA,3.54,1700,35.36,70.71,1.41,NA,2.12,NA,10,3.54,NA,1,77,4700,0.35,30,380,26000,NA,NA,NA,NA,16000,180000,NA,22000,NA,5700,70.71,NA,3.54,420000,35.36,100,1.41,NA,2.12,NA,1.51,NA,NA,0.02,5.9,308.79,0,1.83,42.61,2074.72,NA,NA,NA,NA,2194.14,31764.31,NA,4736.91,NA,420.48,0,NA,0,60142.23,0,2.34,NA,NA,NA,NA,2.83,0,NA,0,0,28.79,0,0,0,0,NA,NA,NA,NA,1000,41000,NA,6000,NA,0,0,NA,0,13900,0,0,0,NA,0,NA
Orange,7262,14,12,3826,7286,7250,3146,3553,3582,3548,10,3,10,12,3557,3550,12,3550,10,2848,2848,11,3553,3304,3543,3553,14,10,14,35,6453,14,11,3806,6791,4765,3142,3535,3122,1585,10,3,3,10,2272,399,12,493,10,2349,2818,9,3486,6,3543,3304,14,10,14,19,809,0,1,20,495,2485,4,18,460,1963,0,0,7,2,1285,3151,0,3057,0,499,30,2,67,3298,0,249,0,0,0,16,11.14,0,8.33,0.52,6.79,34.28,0.13,0.51,12.84,55.33,0,0,70,16.67,36.13,88.76,0,86.11,0,17.52,1.05,18.18,1.89,99.82,0,7.01,0,0,0,45.71,91,0,11,9,192,763,0,2,11,179,NA,0,NA,NA,768,NA,NA,10,0,0,0,0,0,NA,0,NA,1.25,0,91.67,0.24,2.64,10.52,0,0.06,0.31,5.05,NA,0,NA,NA,21.59,NA,NA,0.35,0,0,0,0,0,NA,0,NA,91,NA,NA,25,192,2165,1,17,14,688,0,NA,0,NA,768,2,0,10,0,6,3543,5,NA,NA,NA,NA,1.25,NA,NA,0.65,2.64,29.86,0.03,0.48,0.39,19.39,0,NA,0,NA,21.59,16.67,0,0.35,0,0.17,100,0.14,NA,NA,NA,NA,2.78,1.82,352.72,1,5.54,111,0.35,7.18,64.11,908.34,70.71,0.71,0.7,321.21,673.07,29764.57,1.77,6541.3,7.07,1059.4,72.74,16152.18,3.66,21778.57,35.36,79.34,0.44,7.07,1.62,0.09,3.54,1.41,353.55,0.71,3.54,21.21,0.35,7.07,35.36,80,70.71,0.71,0.7,353.55,70.71,26000,0.71,5000,7.07,707.11,70.71,707.11,3.54,11000,35.36,70.71,0.07,7.07,1.41,0.04,0.71,0.71,7.07,0.71,3.54,7.07,0.35,0.71,7.07,35.36,70.71,0.71,0.14,94,70.71,707.11,0.71,707.11,7.07,707.11,70.71,707.11,3.54,707.11,35.36,70.71,0.01,7.07,1.41,0.04,49,3.54,690,225,863,10300,1,120,11100,41000,70.71,0.71,1.7,353.55,260000,6.00E+05,7.07,120000,7.07,38000,740,170000,33,1300000,35.36,1500,1.41,7.07,2.12,0.84,2.55,1.17,145.61,6.37,23.39,303.95,0.02,2.93,312.9,2277.11,0,0,0.49,80.53,5501.97,27519.59,2.48,6241.65,0,1456.53,26.15,51025.87,1.17,41943.98,0,53.8,0.64,0,0.33,0.14,2.83,2.12,0,0,0,48.79,0,0,0,544.64,0,0,0.72,0,149.29,35000,0,5750,0,0,0,0,0,7900,0,0,1.05,0,0.53,0.07
Pamlico,175,15,0,131,175,175,119,129,129,115,0,1,0,0,129,129,0,129,0,95,95,0,129,125,129,129,15,0,15,0,173,15,0,130,167,124,119,126,118,80,0,0,0,0,63,9,0,13,0,94,94,0,129,0,129,129,15,0,15,0,2,0,0,1,8,51,0,3,11,35,0,1,0,0,66,120,0,116,0,1,1,0,0,125,0,0,0,0,0,0,1.14,0,NA,0.76,4.57,29.14,0,2.33,8.53,30.43,NA,100,NA,NA,51.16,93.02,NA,89.92,NA,1.05,1.05,NA,0,100,0,0,0,NA,0,NA,0,0,0,0,3,5,0,0,0,0,NA,1,NA,NA,42,NA,NA,0,0,0,0,0,0,NA,0,NA,0,0,NA,0,1.71,2.86,0,0,0,0,NA,100,NA,NA,32.56,NA,NA,0,0,0,0,0,0,NA,0,NA,0,NA,NA,1,3,34,0,3,0,2,0,NA,0,NA,42,0,0,0,0,0,129,0,NA,NA,NA,NA,0,NA,NA,0.76,1.71,19.43,0,2.33,0,1.74,NA,NA,NA,NA,32.56,NA,NA,0,0,0,100,0,NA,NA,NA,NA,3.29,3.54,NA,0.72,4.17,60.52,0.35,7.68,47.38,123.16,NA,31,NA,NA,510.97,64080.34,NA,14312.34,NA,714.82,71.12,NA,3.54,59088,35.36,70.71,1.41,NA,2.12,NA,3.54,3.54,NA,0.71,3.54,21.21,0.35,7.07,35.36,35.36,NA,31,NA,NA,110,64000,NA,12000,NA,707.11,70.71,NA,3.54,25000,35.36,70.71,1.41,NA,2.12,NA,0.71,3.54,NA,0.71,3.54,21.21,0.35,7.07,35.36,35.36,NA,31,NA,NA,70.71,707.11,NA,707.11,NA,707.11,70.71,NA,3.54,3500,35.36,70.71,1.41,NA,2.12,NA,7.07,3.54,NA,2,63,1450,0.35,40,450,1400,NA,31,NA,NA,12000,175000,NA,44000,NA,1440,110,NA,3.54,350000,35.36,70.71,1.41,NA,2.12,NA,1.47,0,NA,0.11,4.79,146.44,0,4.04,52.02,217.08,NA,NA,NA,NA,1318.17,38471.89,NA,10865.09,NA,75.19,4.03,NA,0,67995.42,0,0,0,NA,0,NA,0,0,NA,0,0,11.79,0,0,0,54.64,NA,0,NA,NA,349.29,46000,NA,16000,NA,0,0,NA,0,73000,0,0,0,NA,0,NA
Pasquotank,54,2,0,50,54,54,26,47,47,45,0,0,0,0,47,47,0,47,0,23,23,0,47,47,47,47,2,0,2,0,53,2,0,50,53,28,26,47,44,28,0,0,0,0,24,4,0,14,0,22,23,0,44,0,47,46,2,0,2,0,1,0,0,0,1,26,0,0,3,17,0,0,0,0,23,43,0,33,0,1,0,0,3,47,0,1,0,0,0,0,1.85,0,NA,0,1.85,48.15,0,0,6.38,37.78,NA,NA,NA,NA,48.94,91.49,NA,70.21,NA,4.35,0,NA,6.38,100,0,2.13,0,NA,0,NA,0,0,0,0,0,6,0,0,0,0,NA,0,NA,NA,20,NA,NA,0,0,0,0,0,0,NA,0,NA,0,0,NA,0,0,11.11,0,0,0,0,NA,NA,NA,NA,42.55,NA,NA,0,0,0,0,0,0,NA,0,NA,0,NA,NA,0,0,25,0,0,0,3,0,NA,0,NA,20,0,0,0,0,1,47,0,NA,NA,NA,NA,0,NA,NA,0,0,46.3,0,0,0,6.67,NA,NA,NA,NA,42.55,NA,NA,0,0,2.13,100,0,NA,NA,NA,NA,3.23,3.54,NA,0.71,3.67,113.59,0.35,7.07,41.18,305.21,NA,NA,NA,NA,1524.19,42911.24,NA,16636.16,NA,741.58,70.71,NA,4.35,147963.83,35.36,71.33,1.41,NA,2.12,NA,3.54,3.54,NA,0.71,3.54,21.21,0.35,7.07,35.36,35.36,NA,NA,NA,NA,70.71,35000,NA,10000,NA,707.11,70.71,NA,3.54,64000,35.36,70.71,1.41,NA,2.12,NA,0.71,3.54,NA,0.71,3.54,21.21,0.35,7.07,35.36,35.36,NA,NA,NA,NA,70.71,707.11,NA,707.11,NA,707.11,70.71,NA,3.54,2600,35.36,70.71,1.41,NA,2.12,NA,7,3.54,NA,0.71,11,850,0.35,7.07,240,2800,NA,NA,NA,NA,20000,140000,NA,110000,NA,1500,70.71,NA,21,1200000,35.36,100,1.41,NA,2.12,NA,1.09,0,NA,0,1.02,156.24,0,0,30.53,507.73,NA,NA,NA,NA,3771.69,33182.43,NA,24499.86,NA,165.33,0,NA,3.3,276613.33,0,4.27,0,NA,0,NA,0,0,NA,0,0,138.79,0,0,0,318.2,NA,NA,NA,NA,954.29,33500,NA,21792.89,NA,0,0,NA,0,91000,0,0,0,NA,0,NA
Pender,1614,2,0,1451,1614,1614,1228,1298,1299,1298,0,1,0,0,1299,1300,0,1300,0,1173,1173,0,1298,1283,1298,1298,2,0,2,0,1599,2,0,1450,1576,1069,1228,1287,1272,1097,0,1,0,0,417,53,0,119,0,1158,1169,0,1291,0,1298,1293,2,0,2,0,15,0,0,1,38,545,0,11,27,201,0,0,0,0,882,1247,0,1181,0,15,4,0,7,1283,0,5,0,0,0,0,0.93,0,NA,0.07,2.35,33.77,0,0.85,2.08,15.49,NA,0,NA,NA,67.9,95.92,NA,90.85,NA,1.28,0.34,NA,0.54,100,0,0.39,0,NA,0,NA,1,0,0,1,14,4,0,2,0,3,NA,0,NA,NA,631,NA,NA,0,0,0,0,0,0,NA,0,NA,0.06,0,NA,0.07,0.87,0.25,0,0.15,0,0.23,NA,0,NA,NA,48.58,NA,NA,0,0,0,0,0,0,NA,0,NA,1,NA,NA,3,14,305,0,11,0,14,0,NA,0,NA,631,0,0,0,0,0,1298,0,NA,NA,NA,NA,0.06,NA,NA,0.21,0.87,18.9,0,0.85,0,1.08,NA,NA,NA,NA,48.58,NA,NA,0,0,0,100,0,NA,NA,NA,NA,3.26,3.54,NA,0.72,3.91,36.34,0.35,7.71,37.92,101.44,NA,0.71,NA,NA,922.17,51619.06,NA,6180.11,NA,729.74,70.95,NA,3.56,57321.67,35.36,71,1.41,NA,2.12,NA,3.54,3.54,NA,0.71,3.54,21.21,0.35,7.07,35.36,35.36,NA,0.71,NA,NA,280,55000,NA,3000,NA,707.11,70.71,NA,3.54,13000,35.36,70.71,1.41,NA,2.12,NA,0.71,3.54,NA,0.71,3.54,21.21,0.35,7.07,35.36,35.36,NA,0.71,NA,NA,70.71,707.11,NA,707.11,NA,707.11,70.71,NA,3.54,2000,35.36,70.71,1.41,NA,2.12,NA,164,3.54,NA,11,152,1250,0.35,580,760,12980,NA,0.71,NA,NA,19000,160000,NA,60000,NA,8600,170,NA,13,1900000,35.36,200,1.41,NA,2.12,NA,4.16,0,NA,0.29,4.53,43.76,0,16.49,30.88,481.33,NA,NA,NA,NA,1694.87,33177.69,NA,6587.29,NA,319.85,4.4,NA,0.35,111655.03,0,5.1,0,NA,0,NA,0,0,NA,0,0,18.79,0,0,0,0,NA,0,NA,NA,899.29,55000,NA,6000,NA,0,0,NA,0,51200,0,0,0,NA,0,NA
Perquimans,52,0,0,49,52,52,42,47,47,47,0,0,0,0,47,47,0,47,0,40,40,0,47,47,47,47,0,0,0,0,49,0,0,49,49,7,42,47,45,34,0,0,0,0,1,0,0,0,0,40,40,0,46,0,47,47,0,0,0,0,3,0,0,0,3,45,0,0,2,13,0,0,0,0,46,47,0,47,0,0,0,0,1,47,0,0,0,0,0,0,5.77,NA,NA,0,5.77,86.54,0,0,4.26,27.66,NA,NA,NA,NA,97.87,100,NA,100,NA,0,0,NA,2.13,100,0,0,NA,NA,NA,NA,1,0,0,0,1,11,0,0,0,0,NA,0,NA,NA,44,NA,NA,0,0,0,0,0,0,NA,0,NA,1.92,NA,NA,0,1.92,21.15,0,0,0,0,NA,NA,NA,NA,93.62,NA,NA,0,0,0,0,0,NA,NA,NA,NA,1,NA,NA,0,1,40,0,0,0,1,0,NA,0,NA,44,0,0,0,0,0,47,0,NA,NA,NA,NA,1.92,NA,NA,0,1.92,76.92,0,0,0,2.13,NA,NA,NA,NA,93.62,NA,NA,0,0,0,100,0,NA,NA,NA,NA,3.63,NA,NA,0.71,4.97,209.97,0.35,7.07,57.89,180.01,NA,NA,NA,NA,4584.7,81212.77,NA,14702.13,NA,707.11,70.71,NA,3.59,51246.81,35.36,70.71,NA,NA,NA,NA,3.54,NA,NA,0.71,3.54,130,0.35,7.07,35.36,35.36,NA,NA,NA,NA,2500,72000,NA,11000,NA,707.11,70.71,NA,3.54,35000,35.36,70.71,NA,NA,NA,NA,0.71,NA,NA,0.71,3.54,21.21,0.35,7.07,35.36,35.36,NA,NA,NA,NA,70.71,8000,NA,3000,NA,707.11,70.71,NA,3.54,5500,35.36,70.71,NA,NA,NA,NA,16,NA,NA,0.71,70,1470,0.35,7.07,860,3900,NA,NA,NA,NA,25000,3.00E+05,NA,56000,NA,707.11,70.71,NA,6,280000,35.36,70.71,NA,NA,NA,NA,1.84,NA,NA,0,9.23,235.16,0,0,124.34,581.29,NA,NA,NA,NA,6022.41,44049.84,NA,12117.03,NA,0,0,NA,0.36,50256.64,0,0,NA,NA,NA,NA,0,NA,NA,0,0,200,0,0,0,29.64,NA,NA,NA,NA,3045,29500,NA,15000,NA,0,0,NA,0,49500,0,0,NA,NA,NA,NA
Person,1804,32,32,1234,1802,1803,971,1215,1215,1199,33,0,26,32,1216,1215,32,1215,32,937,937,32,1215,1167,1186,1215,35,32,32,26,1648,32,31,1230,1638,1006,969,1194,1045,658,33,0,8,29,689,46,29,112,32,726,931,6,1192,1,1186,1122,35,32,32,15,156,0,1,4,164,797,2,21,170,541,0,0,18,3,527,1169,3,1103,0,211,6,26,23,1166,0,93,0,0,0,11,8.65,0,3.12,0.32,9.1,44.2,0.21,1.73,13.99,45.12,0,NA,69.23,9.38,43.34,96.21,9.38,90.78,0,22.52,0.64,81.25,1.89,99.91,0,7.65,0,0,0,42.31,45,0,27,0,56,255,0,1,4,14,NA,0,NA,NA,329,NA,NA,3,0,1,0,0,0,NA,0,NA,2.49,0,84.38,0,3.11,14.14,0,0.08,0.33,1.17,NA,NA,NA,NA,27.06,NA,NA,0.32,0,0.08,0,0,0,NA,0,NA,45,NA,NA,12,56,677,1,16,5,109,0,NA,7,NA,329,6,0,3,0,4,1186,3,NA,NA,NA,NA,2.49,NA,NA,0.97,3.11,37.55,0.1,1.32,0.41,9.09,0,NA,26.92,NA,27.06,18.75,0,0.32,0,0.33,100,0.25,NA,NA,NA,NA,3.41,1.37,408.88,0.73,5.33,147,0.35,7.28,58.67,386.24,70.71,NA,3.87,365.34,582.39,33964.3,1.42,8797.74,7.07,1182.89,71.52,3084.77,3.77,23255.12,35.36,83.78,0.28,7.07,1.48,0.32,3.54,1.41,353.55,0.71,3.54,21.21,0.35,7.07,35.36,35.36,70.71,NA,2.25,353.55,70.71,28000,0.71,6000,7.07,707.11,70.71,2405,3.54,11000,35.36,70.71,0.07,7.07,1.41,0.04,0.71,0.71,7.07,0.71,3.54,7.07,0.35,0.71,7.07,35.36,70.71,NA,0.14,35.36,70.71,707.11,0.71,707.11,7.07,707.11,70.71,707.11,3.54,707.11,35.36,70.71,0.01,7.07,1.41,0.04,54,3.54,3800,4,304,11000,1,101,3020,14000,70.71,NA,18.6,720,39000,850000,7.07,335000,7.07,63000,330,9700,82,2.00E+06,35.36,1000,1.41,7.07,2.12,2.29,3.23,0.78,630.99,0.26,14.26,397.07,0.02,4.64,140.54,1127.28,0,NA,4.42,107.03,1985.51,38634.21,1.9,13220.83,0,2400.47,12.51,2360.06,2.66,69541.82,0,67.18,0.52,0,0.21,0.57,1.04,0.71,0,0,0,98.79,0,0,0,224.64,0,NA,6.72,0,259.29,38000,0,7000,0,0,0,3992.5,0,10800,0,0,0.06,0,0,0.28
Pitt,263,11,0,200,263,259,155,172,172,163,0,0,0,0,171,172,0,172,0,139,139,0,172,170,172,172,11,0,11,0,253,11,0,196,245,204,155,172,164,133,0,0,0,0,71,32,0,47,0,134,137,0,172,0,172,152,11,0,11,0,10,0,0,4,18,55,0,0,8,30,0,0,0,0,100,140,0,125,0,5,2,0,0,170,0,20,0,0,0,0,3.8,0,NA,2,6.84,21.24,0,0,4.65,18.4,NA,NA,NA,NA,58.48,81.4,NA,72.67,NA,3.6,1.44,NA,0,100,0,11.63,0,NA,0,NA,0,0,0,4,2,0,0,0,0,0,NA,0,NA,NA,61,NA,NA,0,0,0,0,0,0,NA,0,NA,0,0,NA,2,0.76,0,0,0,0,0,NA,NA,NA,NA,35.67,NA,NA,0,0,0,0,0,0,NA,0,NA,0,NA,NA,4,2,42,0,0,0,1,0,NA,0,NA,61,0,0,0,0,0,172,0,NA,NA,NA,NA,0,NA,NA,2,0.76,16.22,0,0,0,0.61,NA,NA,NA,NA,35.67,NA,NA,0,0,0,100,0,NA,NA,NA,NA,2.8,3.54,NA,0.94,4.22,32.8,0.35,7.07,41.85,94.19,NA,NA,NA,NA,519.83,17131.55,NA,3501.36,NA,792.46,72.43,NA,3.54,97820,35.36,89.2,1.41,NA,2.12,NA,3.54,3.54,NA,0.71,3.54,21.21,0.35,7.07,35.36,35.36,NA,NA,NA,NA,160,7000,NA,2000,NA,707.11,70.71,NA,3.54,77450,35.36,70.71,1.41,NA,2.12,NA,0.71,3.54,NA,0.71,3.54,21.21,0.35,7.07,35.36,35.36,NA,NA,NA,NA,70.71,707.11,NA,707.11,NA,707.11,70.71,NA,3.54,2700,35.36,70.71,1.41,NA,2.12,NA,7.07,3.54,NA,12.5,61,190,0.35,7.07,690,2000,NA,NA,NA,NA,6300,77000,NA,16000,NA,7800,250,NA,3.54,690000,35.36,500,1.41,NA,2.12,NA,1.28,0,NA,1.66,4.02,28.53,0,0,53.02,211.89,NA,NA,NA,NA,942.62,20200.41,NA,3441.97,NA,635.02,15.98,NA,0,112700.28,0,67.93,0,NA,0,NA,2.83,0,NA,0,0,0,0,0,0,0,NA,NA,NA,NA,459.29,29250,NA,4292.89,NA,0,0,NA,0,117000,0,0,0,NA,0,NA
Polk,395,4,1,320,401,395,231,279,285,277,1,0,1,1,279,279,1,279,1,195,195,1,279,263,278,279,4,1,4,1,391,4,1,319,363,312,231,279,232,170,1,0,1,1,186,2,1,41,1,180,195,0,278,3,278,274,4,1,4,1,4,0,0,1,38,83,0,0,53,107,0,0,0,0,93,277,0,238,0,15,0,1,1,260,0,5,0,0,0,0,1.01,0,0,0.31,9.48,21.01,0,0,18.6,38.63,0,NA,0,0,33.33,99.28,0,85.3,0,7.69,0,100,0.36,98.86,0,1.79,0,0,0,0,0,0,1,0,16,2,0,0,4,4,NA,0,NA,NA,54,NA,NA,0,0,0,0,0,0,NA,0,NA,0,0,100,0,3.99,0.51,0,0,1.4,1.44,NA,NA,NA,NA,19.35,NA,NA,0,0,0,0,0,0,NA,0,NA,0,NA,NA,19,16,56,0,0,5,17,0,NA,0,NA,54,0,0,0,0,1,278,0,NA,NA,NA,NA,0,NA,NA,5.94,3.99,14.18,0,0,1.75,6.14,0,NA,0,NA,19.35,0,0,0,0,0.36,100,0,NA,NA,NA,NA,3.05,3.01,353.55,0.88,5.62,33.68,0.35,7.05,90.12,344.01,70.71,NA,0.14,353.55,457.64,14395.03,0.71,2452.76,7.07,782.87,70.71,1240,3.7,6225.94,35.36,72.78,1.08,7.07,1.94,0.04,3.54,3.54,353.55,0.71,3.54,21.21,0.35,7.07,35.36,35.36,70.71,NA,0.14,353.55,70.71,10000,0.71,2000,7.07,707.11,70.71,1240,3.54,5300,35.36,70.71,1.41,7.07,2.12,0.04,0.71,1.41,353.55,0.71,3.54,7.07,0.35,0.71,7.07,35.36,70.71,NA,0.14,353.55,70.71,707.11,0.71,707.11,7.07,707.11,70.71,1240,3.54,707.11,35.36,70.71,0.07,7.07,1.41,0.04,9,3.54,353.55,3.54,162,700,0.35,7.07,2200,14000,70.71,NA,0.14,353.55,24000,395000,0.71,10000,7.07,2400,70.71,1240,45,73300,35.36,300,1.41,7.07,2.12,0.04,1.5,1.06,NA,0.67,12.2,47.27,0,0.38,239.06,1229.99,NA,NA,NA,NA,1769.57,25848.26,NA,1555.89,NA,283.56,0,NA,2.49,6316.31,0,17.28,0.67,NA,0.35,NA,0,0.53,0,0,0,0,0,0,0,114.64,0,NA,0,0,99.29,10000,0,2000,0,0,0,0,0,2700,0,0,0.34,0,0.18,0
Randolph,2619,0,3,1478,2611,2609,770,1288,1288,1288,0,1,0,0,1294,1288,0,1288,1,853,853,7,1288,1198,1288,1288,0,0,0,0,2240,0,1,1466,2413,1842,769,1270,1153,1099,0,0,0,0,799,49,0,118,1,614,849,0,1256,2,1288,1265,0,0,0,0,379,0,2,12,198,767,1,18,135,189,0,1,0,0,495,1239,0,1170,0,239,4,7,32,1196,0,23,0,0,0,0,14.47,NA,66.67,0.81,7.58,29.4,0.13,1.4,10.48,14.67,NA,100,NA,NA,38.25,96.2,NA,90.84,0,28.02,0.47,100,2.48,99.83,0,1.79,NA,NA,NA,NA,126,0,0,1,76,210,0,0,1,2,NA,0,NA,NA,295,NA,NA,15,0,0,0,0,0,NA,0,NA,4.81,NA,0,0.07,2.91,8.05,0,0,0.08,0.16,NA,0,NA,NA,22.8,NA,NA,1.76,0,0,0,0,NA,NA,NA,NA,126,NA,NA,8,76,679,0,18,2,15,0,NA,0,NA,295,0,0,15,0,0,1288,0,NA,NA,NA,NA,4.81,NA,NA,0.54,2.91,26.03,0,1.4,0.16,1.16,NA,NA,NA,NA,22.8,NA,0,1.76,0,0,100,0,NA,NA,NA,NA,3.8,NA,42.36,0.72,5.24,117.63,0.35,7.29,48.8,92.75,NA,1,NA,NA,644.83,26578.38,NA,9404.44,7.07,1767.71,71.29,250415.71,3.66,30178.23,35.36,72.02,NA,NA,NA,NA,3.54,NA,30,0.71,3.54,21.21,0.35,7.07,35.36,35.36,NA,1,NA,NA,70.71,15500,NA,5000,7.07,707.11,70.71,368000,3.54,10000,35.36,70.71,NA,NA,NA,NA,0.71,NA,7.07,0.71,3.54,21.21,0.35,7.07,35.36,35.36,NA,1,NA,NA,70.71,707.11,NA,707.11,7.07,707.11,70.71,2090,3.54,707.11,35.36,70.71,NA,NA,NA,NA,106,NA,90,5.02,557,11000,0.6,80,1700,6100,NA,1,NA,NA,56000,610000,NA,1300000,7.07,110000,270,468000,19,1.10E+07,35.36,300,NA,NA,NA,NA,6.72,NA,42.82,0.21,16.55,470.08,0.01,2.76,77.79,330.26,NA,NA,NA,NA,3289.73,41910.37,NA,43976.98,NA,6364.42,9.47,196686.77,0.93,332120.19,0,12.23,NA,NA,NA,NA,2.83,NA,41.46,0,0,28.79,0,0,0,0,NA,0,NA,NA,179.29,26000,NA,5000,0,492.89,0,311590,0,7300,0,0,NA,NA,NA,NA
Richmond,524,5,0,386,523,523,227,317,317,317,0,2,0,0,317,317,0,317,0,323,323,0,317,312,317,317,5,0,5,0,484,5,0,384,435,382,226,314,297,250,0,1,0,0,212,113,0,147,0,179,322,0,317,17,317,247,5,0,5,0,40,0,0,2,88,141,1,3,20,67,0,1,0,0,105,204,0,170,0,144,1,0,0,295,0,70,0,0,0,0,7.63,0,NA,0.52,16.83,26.96,0.44,0.95,6.31,21.14,NA,50,NA,NA,33.12,64.35,NA,53.63,NA,44.58,0.31,NA,0,94.55,0,22.08,0,NA,0,NA,15,0,0,2,37,33,0,1,0,0,NA,0,NA,NA,63,NA,NA,28,0,0,0,0,0,NA,0,NA,2.86,0,NA,0.52,7.07,6.31,0,0.32,0,0,NA,0,NA,NA,19.87,NA,NA,8.67,0,0,0,0,0,NA,0,NA,15,NA,NA,2,37,124,0,3,1,5,0,NA,0,NA,63,0,0,28,0,0,317,3,NA,NA,NA,NA,2.86,NA,NA,0.52,7.07,23.71,0,0.95,0.32,1.58,NA,NA,NA,NA,19.87,NA,NA,8.67,0,0,100,0.95,NA,NA,NA,NA,3.82,3.54,NA,0.75,9.42,84.18,0.36,8.24,46.66,96.68,NA,0.85,NA,NA,332.21,6453.95,NA,2441.47,NA,2903.6,70.86,NA,3.54,8514.49,35.36,113.56,1.41,NA,2.12,NA,3.54,3.54,NA,0.71,3.54,21.21,0.35,7.07,35.36,35.36,NA,0.85,NA,NA,70.71,2000,NA,1000,NA,707.11,70.71,NA,3.54,3900,35.36,70.71,1.41,NA,2.12,NA,0.71,3.54,NA,0.71,3.54,21.21,0.35,7.07,35.36,35.36,NA,0.71,NA,NA,70.71,707.11,NA,707.11,NA,707.11,70.71,NA,3.54,707.11,35.36,70.71,1.41,NA,2.12,NA,101,3.54,NA,11,1500,2600,0.7,372,1050,3240,NA,1,NA,NA,6200,87000,NA,27000,NA,29000,120,NA,3.54,79000,35.36,1400,1.41,NA,2.12,NA,7.17,0,NA,0.61,66.59,213.57,0.02,20.5,72.24,242.6,NA,0.21,NA,NA,704.65,9694.11,NA,3011.55,NA,5068.36,2.74,NA,0,13467.13,0,137.06,0,NA,0,NA,2.83,0,NA,0,0,18.79,0,0,0,0,NA,0.15,NA,NA,129.29,8292.89,NA,2292.89,NA,1542.89,0,NA,0,6825,0,0,0,NA,0,NA
Robeson,195,0,0,125,198,202,71,106,106,109,0,1,0,0,117,106,0,106,0,61,61,0,106,98,106,106,0,0,0,0,188,0,0,125,182,177,71,105,102,88,0,1,0,0,34,19,0,54,0,36,61,0,106,0,106,91,0,0,0,0,7,0,0,0,16,25,0,1,4,21,0,0,0,0,83,87,0,52,0,25,0,0,0,98,0,15,0,0,0,0,3.59,NA,NA,0,8.08,12.38,0,0.94,3.77,19.27,NA,0,NA,NA,70.94,82.08,NA,49.06,NA,40.98,0,NA,0,100,0,14.15,NA,NA,NA,NA,0,0,0,0,6,2,0,1,0,0,NA,0,NA,NA,56,NA,NA,3,0,0,0,0,0,NA,0,NA,0,NA,NA,0,3.03,0.99,0,0.94,0,0,NA,0,NA,NA,47.86,NA,NA,4.92,0,0,0,0,NA,NA,NA,NA,0,NA,NA,0,6,18,0,1,0,3,0,NA,0,NA,56,0,0,3,0,0,106,0,NA,NA,NA,NA,0,NA,NA,0,3.03,8.91,0,0.94,0,2.75,NA,NA,NA,NA,47.86,NA,NA,4.92,0,0,100,0,NA,NA,NA,NA,2.63,NA,NA,0.71,4.62,30.11,0.35,8.04,39.3,106.02,NA,0.71,NA,NA,859.95,9543.73,NA,1963.15,NA,2394.69,70.71,NA,3.54,8959.18,35.36,77.51,NA,NA,NA,NA,3.54,NA,NA,0.71,3.54,21.21,0.35,7.07,35.36,35.36,NA,0.71,NA,NA,270,3000,NA,707.11,NA,707.11,70.71,NA,3.54,4700,35.36,70.71,NA,NA,NA,NA,0.71,NA,NA,0.71,3.54,21.21,0.35,7.07,35.36,35.36,NA,0.71,NA,NA,70.71,707.11,NA,707.11,NA,707.11,70.71,NA,3.54,1800,35.36,70.71,NA,NA,NA,NA,7.07,NA,NA,0.71,56,360,0.35,110,300,2100,NA,0.71,NA,NA,7500,65000,NA,9910,NA,11000,70.71,NA,3.54,170000,35.36,200,NA,NA,NA,NA,1.65,NA,NA,0,5.48,38.63,0,10,27,272.54,NA,NA,NA,NA,1450.17,14369.67,NA,1933.88,NA,2830.43,0,NA,0,17986.36,0,21.48,NA,NA,NA,NA,2.83,NA,NA,0,0,0,0,0,0,0,NA,0,NA,NA,839.29,6950,NA,2292.89,NA,2792.89,0,NA,0,5225,0,0,NA,NA,NA,NA
Rockingham,986,3,3,691,986,986,519,607,607,606,3,0,2,3,607,607,3,607,3,645,645,4,607,588,604,607,3,3,3,2,910,3,3,690,928,685,517,597,559,508,3,0,2,2,373,5,3,29,3,443,639,2,601,0,604,575,3,3,3,1,76,0,0,1,58,301,2,10,48,98,0,0,0,1,234,602,0,578,0,202,6,2,6,588,0,32,0,0,0,1,7.71,0,0,0.14,5.88,30.53,0.39,1.65,7.91,16.17,0,NA,0,33.33,38.55,99.18,0,95.22,0,31.32,0.93,50,0.99,100,0,5.27,0,0,0,50,25,0,3,1,19,25,0,1,0,0,NA,0,NA,NA,132,NA,NA,9,0,0,0,0,0,NA,0,NA,2.54,0,100,0.14,1.93,2.54,0,0.16,0,0,NA,NA,NA,NA,21.75,NA,NA,1.4,0,0,0,0,0,NA,0,NA,25,NA,NA,4,19,233,2,10,1,4,0,NA,0,NA,132,0,0,9,0,2,604,0,NA,NA,NA,NA,2.54,NA,NA,0.58,1.93,23.63,0.39,1.65,0.16,0.66,0,NA,0,NA,21.75,0,0,1.4,0,0.33,100,0,NA,NA,NA,NA,3.3,1.41,353.55,0.73,4.18,64.2,0.36,7.32,45.99,82.55,70.71,NA,0.14,459.37,456.05,19632.18,0.71,4457.31,7.07,1639.87,72.21,1106.05,3.66,10287.76,35.36,76.14,0.05,7.07,1.41,0.09,3.54,1.41,353.55,0.71,3.54,21.21,0.35,7.07,35.36,35.36,70.71,NA,0.14,353.55,70.71,16000,0.71,4000,7.07,707.11,70.71,903.55,3.54,7900,35.36,70.71,0.07,7.07,1.41,0.09,0.71,1.41,353.55,0.71,3.54,7.07,0.35,0.71,20,35.36,70.71,NA,0.14,353.55,70.71,707.11,0.71,707.11,7.07,707.11,70.71,707.11,3.54,1500,35.36,70.71,0.01,7.07,1.41,0.04,47,1.41,353.55,5,115,6760,1.4,114,1270,3900,70.71,NA,0.14,671,11000,340000,0.71,23000,7.07,40000,460,1910,26,180000,35.36,600,0.07,7.07,1.41,0.14,3.25,0,0,0.25,4.85,266.83,0.06,4.52,68.45,257.63,0,NA,0,183.28,1207.57,20669.6,0,3094.45,0,3066.72,19.45,567.06,1.4,11772.15,0,34.47,0.03,0,0,0.07,2.83,0,0,0,0,18.79,0,0,0,0,0,NA,0,158.72,159.29,15000,0,2000,0,792.89,0,595.39,0,4700,0,0,0.03,0,0,0.05
Rowan,2374,14,24,1767,2378,2379,1081,1152,1152,1151,14,3,19,14,1155,1154,14,1154,15,904,904,14,1152,1107,1138,1153,14,14,14,19,2266,14,21,1757,2203,1891,1080,1123,1066,771,14,3,3,13,807,15,13,85,14,509,895,4,1136,1,1138,1083,14,14,14,2,108,0,3,10,175,488,1,29,86,380,0,0,16,1,348,1139,1,1069,1,395,9,10,16,1106,0,70,0,0,0,17,4.55,0,12.5,0.57,7.36,20.51,0.09,2.52,7.47,33.01,0,0,84.21,7.14,30.13,98.7,7.14,92.63,6.67,43.69,1,71.43,1.39,99.91,0,6.07,0,0,0,89.47,24,0,6,9,62,105,0,0,5,13,NA,0,NA,NA,192,NA,NA,7,0,1,0,0,0,NA,0,NA,1.01,0,25,0.51,2.61,4.41,0,0,0.43,1.13,NA,0,NA,NA,16.62,NA,NA,0.77,0,0.09,0,0,0,NA,0,NA,24,NA,NA,23,62,415,0,24,7,74,0,NA,11,NA,192,1,0,7,0,2,1138,1,NA,NA,NA,NA,1.01,NA,NA,1.3,2.61,17.44,0,2.08,0.61,6.43,0,NA,57.89,NA,16.62,7.14,0,0.77,0,0.17,100,0.09,NA,NA,NA,NA,2.66,1.36,219.88,0.76,5.14,73.83,0.35,7.39,54.88,367.88,70.71,0.71,8.24,335.73,191685.8,23853.39,0.82,5620.31,7.27,1683.23,72.05,1358.46,3.73,11112.24,35.36,78.27,0.07,7.07,1.41,2.63,3.54,1.41,35.36,0.71,3.54,21.21,0.35,7.07,35.36,35.36,70.71,0.71,7.07,353.55,70.71,13000,0.71,4000,7.07,707.11,70.71,1155,3.54,7900,35.36,70.71,0.07,7.07,1.41,0.58,0.71,0.71,7.07,0.71,3.54,7.07,0.35,0.71,7.07,35.36,70.71,0.71,1.7,104,70.71,707.11,0.71,707.11,7.07,707.11,70.71,707.11,3.54,707.11,35.36,70.71,0.01,7.07,1.41,0.04,52,1.41,3050,10,587,6000,0.5,80,5250,43000,70.71,0.71,18.6,353.55,2.21E+08,450000,2.3,270000,10,22000,420,2920,74,1.00E+06,35.36,1180,0.07,7.07,1.41,12.26,2.53,0.19,618.02,0.49,15.62,269.12,0,3.91,196.1,1908.46,0,0,5.78,66.7,6502803.21,38575.89,0.43,9188.85,0.76,1982.76,17.02,689.73,2.46,31135.51,0,50.94,0.02,0,0,3.95,2.83,0,133.82,0,0,0,0,0,0,84.64,0,0,10.6,0,84.29,17000,0,5000,0,1147.89,0,729.67,0,4500,0,0,0,0,0,1.76
Rutherford,784,3,2,623,784,785,563,586,586,584,2,0,1,2,587,587,2,587,2,522,522,2,586,583,584,586,3,2,3,2,765,3,2,622,722,547,562,572,533,355,2,0,1,1,334,3,2,92,1,460,519,0,586,5,584,564,3,2,3,1,19,0,0,1,62,238,1,14,53,229,0,0,0,1,253,584,0,495,1,62,3,2,0,578,0,22,0,0,0,1,2.42,0,0,0.16,7.91,30.32,0.18,2.39,9.04,39.21,0,NA,0,50,43.1,99.49,0,84.33,50,11.88,0.57,100,0,99.14,0,3.75,0,0,0,50,8,0,1,1,18,13,0,3,1,8,NA,0,NA,NA,159,NA,NA,3,0,0,0,0,0,NA,0,NA,1.02,0,50,0.16,2.3,1.66,0,0.51,0.17,1.37,NA,NA,NA,NA,27.09,NA,NA,0.57,0,0,0,0,0,NA,0,NA,8,NA,NA,1,18,165,0,14,1,26,0,NA,0,NA,159,0,0,3,0,0,584,0,NA,NA,NA,NA,1.02,NA,NA,0.16,2.3,21.02,0,2.39,0.17,4.45,0,NA,0,NA,27.09,0,0,0.57,0,0,100,0,NA,NA,NA,NA,3.27,2.12,178.54,0.72,5.07,52.93,0.35,8.16,47.43,296.45,37.12,NA,0.14,215.28,486.32,14562.73,0.53,2506.99,4.04,998.5,71.72,3025,3.54,6356.44,35.36,74.4,0.52,3.89,1.41,0.29,3.54,1.41,178.54,0.71,3.54,21.21,0.35,7.07,35.36,35.36,37.12,NA,0.14,215.28,70.71,10000,0.53,2000,4.04,707.11,70.71,3025,3.54,5600,35.36,70.71,0.07,3.89,1.41,0.29,0.71,1.41,3.54,0.71,2,0.71,0.35,0.71,7.07,35.36,3.54,NA,0.14,77,70.71,707.11,0.35,707.11,1,707.11,70.71,1910,3.54,707.11,35.36,70.71,0.07,0.71,0.71,0.04,46,3.54,353.55,7,465,5400,0.9,279,2740,19000,70.71,NA,0.14,353.55,14000,490000,0.71,13000,7.07,23000,360,4140,7.07,40000,35.36,400,1.41,7.07,2.12,0.54,2.7,1.22,247.5,0.25,17.54,214.53,0.02,13.69,119.28,1322.94,47.5,NA,NA,195.55,1174.78,23533.55,0.25,1684.26,4.29,1664.17,15.45,1576.85,0.15,4292.24,0,24.53,0.78,4.5,0.71,0.36,0,1.06,175.01,0,0,18.79,0,0,0,94.64,33.59,NA,0,138.28,279.29,11000,0.18,2000,3.04,0,0,1115,0,2950,0,0,0.67,3.18,0.71,0.25
Sampson,1401,0,0,892,1401,1406,771,787,790,790,0,0,0,0,795,794,0,794,0,602,602,0,787,785,787,787,0,0,0,0,1367,0,0,891,1266,929,768,784,761,695,0,0,0,0,296,134,0,276,0,384,597,0,786,2,787,640,0,0,0,0,34,0,0,1,135,477,3,3,29,95,0,0,0,0,499,660,0,518,0,218,5,0,1,783,0,147,0,0,0,0,2.43,NA,NA,0.11,9.64,33.93,0.39,0.38,3.67,12.03,NA,NA,NA,NA,62.77,83.12,NA,65.24,NA,36.21,0.83,NA,0.13,99.75,0,18.68,NA,NA,NA,NA,2,0,0,0,34,8,2,0,4,2,NA,0,NA,NA,342,NA,NA,43,1,0,0,0,0,NA,0,NA,0.14,NA,NA,0,2.43,0.57,0.26,0,0.51,0.25,NA,NA,NA,NA,43.02,NA,NA,7.14,0.17,0,0,0,NA,NA,NA,NA,2,NA,NA,0,34,319,2,3,4,5,0,NA,0,NA,342,0,0,43,1,0,787,1,NA,NA,NA,NA,0.14,NA,NA,0,2.43,22.69,0.26,0.38,0.51,0.63,NA,NA,NA,NA,43.02,NA,NA,7.14,0.17,0,100,0.13,NA,NA,NA,NA,2.75,NA,NA,0.71,5.08,41.23,0.36,7.08,61.03,77.58,NA,NA,NA,NA,773.99,9684.57,NA,2524.52,NA,2913.94,72.52,NA,3.54,12693.52,35.36,91.09,NA,NA,NA,NA,3.54,NA,NA,0.71,3.54,21.21,0.35,7.07,35.36,35.36,NA,NA,NA,NA,200,4000,NA,2000,NA,707.11,70.71,NA,3.54,4900,35.36,70.71,NA,NA,NA,NA,0.71,NA,NA,0.71,3.54,21.21,0.35,7.07,35.36,35.36,NA,NA,NA,NA,70.71,707.11,NA,707.11,NA,707.11,70.71,NA,3.54,707.11,35.36,70.71,NA,NA,NA,NA,58,NA,NA,1,337,1600,5.3,10,7900,8400,NA,NA,NA,NA,21500,84000,NA,19000,NA,36000,1000,NA,9,280000,35.36,700,NA,NA,NA,NA,2.24,NA,NA,0.01,12.13,60.83,0.19,0.18,349.91,428.98,NA,NA,NA,NA,1760.7,13813.27,NA,2413.82,NA,4406.36,38.01,NA,0.19,27670.95,0,61.55,NA,NA,NA,NA,2.83,NA,NA,0,0,18.79,0,0,0,0,NA,NA,NA,NA,704.29,9000,NA,3292.89,NA,2492.89,0,NA,0,5000,0,0,NA,NA,NA,NA
Scotland,268,0,1,184,266,266,129,173,173,173,0,0,0,0,173,173,1,173,1,130,130,0,173,167,173,173,0,0,1,0,264,0,0,183,199,233,128,173,150,147,0,0,0,0,105,86,1,115,1,66,130,0,172,8,173,161,0,0,1,0,4,0,1,1,67,33,1,0,23,26,0,0,0,0,68,87,0,58,0,64,0,0,1,159,0,12,0,0,0,0,1.49,NA,100,0.54,25.19,12.41,0.78,0,13.29,15.03,NA,NA,NA,NA,39.31,50.29,0,33.53,0,49.23,0,NA,0.58,95.21,0,6.94,NA,NA,0,NA,0,0,0,1,16,0,0,0,1,0,NA,0,NA,NA,35,NA,NA,3,0,0,0,0,0,NA,0,NA,0,NA,0,0.54,6.02,0,0,0,0.58,0,NA,NA,NA,NA,20.23,NA,NA,2.31,0,0,0,0,NA,NA,0,NA,0,NA,NA,1,16,20,1,0,1,1,0,NA,0,NA,35,1,0,3,0,0,173,1,NA,NA,NA,NA,0,NA,NA,0.54,6.02,7.52,0.78,0,0.58,0.58,NA,NA,NA,NA,20.23,100,0,2.31,0,0,100,0.58,NA,NA,NA,NA,3.12,NA,70,0.73,9.53,26.26,0.36,7.07,56.55,71.21,NA,NA,NA,NA,354.77,2131.86,7.07,1377.56,7.07,2180.53,70.71,NA,3.6,4223.69,35.36,82.11,NA,NA,2.12,NA,3.54,NA,70,0.71,3.54,21.21,0.35,7.07,35.36,35.36,NA,NA,NA,NA,70.71,1000,7.07,707.11,7.07,707.11,70.71,NA,3.54,2600,35.36,70.71,NA,NA,2.12,NA,0.71,NA,70,0.71,3.54,21.21,0.35,7.07,35.36,35.36,NA,NA,NA,NA,70.71,707.11,7.07,707.11,7.07,707.11,70.71,NA,3.54,707.11,35.36,70.71,NA,NA,2.12,NA,7.07,NA,70,5,761,180,1.5,7.07,1790,2700,NA,NA,NA,NA,12000,32000,7.07,9000,7.07,12000,70.71,NA,15,36000,35.36,700,NA,NA,2.12,NA,1.61,NA,NA,0.32,47.75,18.61,0.1,0,137.94,213.53,NA,NA,NA,NA,1082.33,4265.02,NA,1513.9,NA,2446.07,0,NA,0.87,5762.5,0,62.91,NA,NA,NA,NA,0,NA,0,0,1.1,0,0,0,0,0,NA,NA,NA,NA,139.29,1292.89,0,292.89,0,1967.89,0,NA,0,2900,0,0,NA,NA,0,NA
Stanly,1278,0,0,682,1239,1230,473,604,604,605,0,2,0,0,605,605,0,605,0,481,481,0,604,567,604,604,0,0,0,0,796,0,0,681,1160,752,473,598,556,471,0,2,0,0,341,42,0,47,0,305,477,0,585,0,604,597,0,0,0,0,482,0,0,1,79,478,0,6,48,134,0,0,0,0,264,563,0,558,0,176,4,0,19,567,0,7,0,0,0,0,37.72,NA,NA,0.15,6.38,38.86,0,0.99,7.95,22.15,NA,0,NA,NA,43.64,93.06,NA,92.23,NA,36.59,0.83,NA,3.15,100,0,1.16,NA,NA,NA,NA,230,0,0,0,24,211,0,0,0,1,NA,0,NA,NA,155,NA,NA,8,0,0,0,0,0,NA,0,NA,18,NA,NA,0,1.94,17.15,0,0,0,0.17,NA,0,NA,NA,25.62,NA,NA,1.66,0,0,0,0,NA,NA,NA,NA,230,NA,NA,5,24,451,0,6,0,9,0,NA,0,NA,155,0,0,8,0,2,604,0,NA,NA,NA,NA,18,NA,NA,0.73,1.94,36.67,0,0.99,0,1.49,NA,NA,NA,NA,25.62,NA,NA,1.66,0,0.33,100,0,NA,NA,NA,NA,8.93,NA,NA,0.73,4.84,177,0.35,7.21,43.03,108.36,NA,0.71,NA,NA,421.54,37255.7,NA,8538.34,NA,2110.1,72.24,NA,3.75,25175.13,35.36,72.42,NA,NA,NA,NA,3.54,NA,NA,0.71,3.54,21.21,0.35,7.07,35.36,35.36,NA,0.71,NA,NA,70.71,32000,NA,6000,NA,707.11,70.71,NA,3.54,14000,35.36,70.71,NA,NA,NA,NA,0.71,NA,NA,0.71,3.54,21.21,0.35,7.07,35.36,35.36,NA,0.71,NA,NA,70.71,707.11,NA,707.11,NA,707.11,70.71,NA,3.54,1600,35.36,70.71,NA,NA,NA,NA,806,NA,NA,3.54,183,12180,0.35,42,550,6300,NA,0.71,NA,NA,21000,390000,NA,84000,NA,110000,550,NA,33,950000,35.36,410,NA,NA,NA,NA,28.35,NA,NA,0.24,10.74,548.69,0,1.75,42.13,342.35,NA,0,NA,NA,1158.02,35616.16,NA,9688.21,NA,5758.15,22.91,NA,1.68,55210.87,0,18.36,NA,NA,NA,NA,4,NA,NA,0,0,128.79,0,0,0,14.64,NA,0,NA,NA,229.29,34000,NA,6000,NA,1292.89,0,NA,0,10000,0,0,NA,NA,NA,NA
Stokes,973,5,3,822,974,973,643,781,781,782,3,2,3,3,782,782,3,782,3,653,653,3,781,755,779,783,3,3,3,2,969,5,3,821,894,562,643,775,705,613,3,1,2,3,377,13,3,74,3,504,648,0,776,0,779,627,3,3,3,1,4,0,0,1,80,411,0,6,76,169,0,1,1,0,405,769,0,708,0,149,5,3,5,755,0,156,0,0,0,1,0.41,0,0,0.12,8.21,42.24,0,0.77,9.73,21.61,0,50,33.33,0,51.79,98.34,0,90.54,0,22.82,0.77,100,0.64,100,0,19.92,0,0,0,50,2,0,2,0,27,38,0,0,3,1,NA,0,NA,NA,240,NA,NA,1,0,0,0,0,0,NA,0,NA,0.21,0,66.67,0,2.77,3.91,0,0,0.38,0.13,NA,0,NA,NA,30.69,NA,NA,0.15,0,0,0,0,0,NA,0,NA,2,NA,NA,1,27,339,0,6,4,13,0,NA,0,NA,240,0,0,1,0,2,779,0,NA,NA,NA,NA,0.21,NA,NA,0.12,2.77,34.84,0,0.77,0.51,1.66,0,NA,0,NA,30.69,0,0,0.15,0,0.26,100,0,NA,NA,NA,NA,3.16,2.26,247.49,0.71,4.51,73.08,0.35,7.18,58.87,104.2,70.71,2.35,0.26,353.55,697.17,18565.46,0.71,3923.82,7.07,1098.72,72.11,2276.67,3.62,8743.02,35.36,89,0.07,7.07,1.41,0.44,3.54,1.41,353.55,0.71,3.54,21.21,0.35,7.07,35.36,35.36,70.71,2.35,0.14,353.55,110,14000,0.71,3000,7.07,707.11,70.71,2190,3.54,7400,35.36,70.71,0.07,7.07,1.41,0.44,0.71,1.41,35.36,0.71,3.54,7.07,0.35,0.71,20,35.36,70.71,0.71,0.14,353.55,70.71,707.11,0.71,707.11,7.07,707.11,70.71,2140,3.54,1200,35.36,70.71,0.07,7.07,1.41,0.04,13,3.54,353.55,2,111,1500,0.35,62,5270,7600,70.71,4,0.5,353.55,72000,320000,0.71,48000,7.07,17000,460,2500,34,160000,35.36,500,0.07,7.07,1.41,0.85,1.18,1.16,183.71,0.05,5.37,122.9,0,2.16,233.68,382.71,0,2.33,0.21,0,3025.27,18334.86,0,3643.83,0,1122.82,18.94,195.02,1.36,8457.56,0,49.89,0,0,0,0.58,0,2.12,159.1,0,0,58.79,0,0,0,0,0,1.65,0.18,0,309.29,18000,0,3000,0,0,0,180,0,3500,0,0,0,0,0,0.41
Surry,1171,0,0,665,1171,1171,550,593,593,593,0,0,0,0,594,592,0,593,1,443,443,0,593,568,593,593,0,0,0,0,1156,0,0,664,1033,689,550,589,521,435,0,0,0,0,280,19,0,98,1,358,436,0,592,0,593,558,0,0,0,0,15,0,0,1,138,482,0,4,72,158,0,0,0,0,314,573,0,495,0,85,7,0,1,568,0,35,0,0,0,0,1.28,NA,NA,0.15,11.78,41.16,0,0.67,12.14,26.64,NA,NA,NA,NA,52.86,96.79,NA,83.47,0,19.19,1.58,NA,0.17,100,0,5.9,NA,NA,NA,NA,2,0,0,0,49,27,0,1,2,6,NA,0,NA,NA,217,NA,NA,3,0,0,0,0,0,NA,0,NA,0.17,NA,NA,0,4.18,2.31,0,0.17,0.34,1.01,NA,NA,NA,NA,36.53,NA,NA,0.68,0,0,0,0,NA,NA,NA,NA,2,NA,NA,1,49,382,0,4,2,25,0,NA,0,NA,217,0,0,3,0,0,593,1,NA,NA,NA,NA,0.17,NA,NA,0.15,4.18,32.62,0,0.67,0.34,4.22,NA,NA,NA,NA,36.53,NA,0,0.68,0,0,100,0.17,NA,NA,NA,NA,2.66,NA,NA,0.71,5.55,61.57,0.35,7.53,59.51,237.39,NA,NA,NA,NA,726.19,15522.36,NA,2671.75,7.07,1134.57,72.12,NA,3.54,8308.8,35.36,77.47,NA,NA,NA,NA,3.54,NA,NA,0.71,3.54,21.21,0.35,7.07,35.36,35.36,NA,NA,NA,NA,120,11000,NA,2000,7.07,707.11,70.71,NA,3.54,5800,35.36,70.71,NA,NA,NA,NA,0.71,NA,NA,0.71,3.54,21.21,0.35,7.07,35.36,35.36,NA,NA,NA,NA,70.71,707.11,NA,707.11,7.07,707.11,70.71,NA,3.54,1200,35.36,70.71,NA,NA,NA,NA,21,NA,NA,2,263,1900,0.35,210,2450,15000,NA,NA,NA,NA,22000,6.00E+05,NA,1.00E+05,7.07,18000,230,NA,6,290000,35.36,1200,NA,NA,NA,NA,1.9,NA,NA,0.05,11.76,99.57,0,8.5,150.57,993.62,NA,NA,NA,NA,1705.88,28522.84,NA,4445.4,NA,1572.45,12.97,NA,0.1,15385.17,0,51.44,NA,NA,NA,NA,2.83,NA,NA,0,0,48.79,0,0,0,34.64,NA,NA,NA,NA,516.79,15000,NA,2000,0,0,0,NA,0,3225,0,0,NA,NA,NA,NA
Swain,500,0,0,317,508,500,243,278,292,278,0,0,0,0,278,278,0,278,0,175,175,0,278,267,278,278,0,0,0,0,490,0,0,316,485,411,243,273,256,187,0,0,0,0,154,7,0,110,0,164,173,0,276,0,278,277,0,0,0,0,10,0,0,1,23,89,0,5,36,91,0,0,0,0,124,271,0,168,0,11,2,0,2,267,0,1,0,0,0,0,2,NA,NA,0.32,4.53,17.8,0,1.8,12.33,32.73,NA,NA,NA,NA,44.6,97.48,NA,60.43,NA,6.29,1.14,NA,0.72,100,0,0.36,NA,NA,NA,NA,1,0,0,0,9,7,0,0,2,9,NA,0,NA,NA,85,NA,NA,0,0,0,0,0,0,NA,0,NA,0.2,NA,NA,0,1.77,1.4,0,0,0.68,3.24,NA,NA,NA,NA,30.58,NA,NA,0,0,0,0,0,NA,NA,NA,NA,1,NA,NA,0,9,60,0,5,3,19,0,NA,0,NA,85,0,0,0,0,0,278,0,NA,NA,NA,NA,0.2,NA,NA,0,1.77,12,0,1.8,1.03,6.83,NA,NA,NA,NA,30.58,NA,NA,0,0,0,100,0,NA,NA,NA,NA,2.94,NA,NA,0.71,4.42,37.38,0.35,7.27,73.02,661.06,NA,NA,NA,NA,486.76,10118.16,NA,1574.75,NA,775.35,71.45,NA,3.61,8509.36,35.36,70.96,NA,NA,NA,NA,3.54,NA,NA,0.71,3.54,21.21,0.35,7.07,35.36,35.36,NA,NA,NA,NA,70.71,8000,NA,1000,NA,707.11,70.71,NA,3.54,4900,35.36,70.71,NA,NA,NA,NA,0.71,NA,NA,0.71,3.54,21.21,0.35,7.07,35.36,35.36,NA,NA,NA,NA,70.71,707.11,NA,707.11,NA,707.11,70.71,NA,3.54,1000,35.36,70.71,NA,NA,NA,NA,12,NA,NA,1,159,1060,0.35,30,3330,32000,NA,NA,NA,NA,9600,65000,NA,14000,NA,2500,150,NA,19,170000,35.36,140,NA,NA,NA,NA,1.77,NA,NA,0.02,7.94,73.38,0,1.75,230.9,3261.28,NA,NA,NA,NA,1070.71,8578.21,NA,1473.72,NA,297.74,7.04,NA,0.96,15853.92,0,4.16,NA,NA,NA,NA,2.83,NA,NA,0,0,0,0,0,0,54.64,NA,NA,NA,NA,316.79,9750,NA,1292.89,NA,0,0,NA,0,3350,0,0,NA,NA,NA,NA
Transylvania,580,2,0,454,580,583,372,381,381,381,0,0,0,0,381,381,0,381,0,352,352,0,381,376,381,381,2,0,2,0,555,2,0,453,542,503,372,380,360,310,0,0,0,0,279,10,0,201,0,310,351,0,379,4,381,379,2,0,2,0,25,0,0,1,38,80,0,1,21,71,0,0,0,0,102,371,0,180,0,42,1,0,2,372,0,2,0,0,0,0,4.31,0,NA,0.22,6.55,13.72,0,0.26,5.51,18.64,NA,NA,NA,NA,26.77,97.38,NA,47.24,NA,11.93,0.28,NA,0.52,98.94,0,0.52,0,NA,0,NA,14,0,0,0,15,14,0,0,2,3,NA,0,NA,NA,59,NA,NA,0,0,0,0,1,0,NA,0,NA,2.41,0,NA,0,2.59,2.4,0,0,0.52,0.79,NA,NA,NA,NA,15.49,NA,NA,0,0,0,0,0.26,0,NA,0,NA,14,NA,NA,1,15,68,0,1,2,14,0,NA,0,NA,59,0,0,0,0,0,381,1,NA,NA,NA,NA,2.41,NA,NA,0.22,2.59,11.66,0,0.26,0.52,3.67,NA,NA,NA,NA,15.49,NA,NA,0,0,0,100,0.26,NA,NA,NA,NA,3.51,3.54,NA,0.71,6.09,56.36,0.35,7.11,59.92,187.09,NA,NA,NA,NA,709.84,10049.53,NA,1561.94,NA,862.45,71.16,NA,3.58,6731.19,35.36,75.85,1.41,NA,2.12,NA,3.54,3.54,NA,0.71,3.54,21.21,0.35,7.07,35.36,35.36,NA,NA,NA,NA,70.71,6000,NA,707.11,NA,707.11,70.71,NA,3.54,4900,35.36,70.71,1.41,NA,2.12,NA,0.71,3.54,NA,0.71,3.54,21.21,0.35,7.07,35.36,35.36,NA,NA,NA,NA,70.71,707.11,NA,707.11,NA,707.11,70.71,NA,3.54,707.11,35.36,70.71,1.41,NA,2.12,NA,68,3.54,NA,3.54,397,3000,0.35,20,5840,11000,NA,NA,NA,NA,120000,280000,NA,21000,NA,6400,230,NA,13,240000,35.36,2000,1.41,NA,2.12,NA,4.28,0,NA,0.13,22.02,224.92,0,0.66,314.73,862.52,NA,NA,NA,NA,6287.12,19879.66,NA,2079.21,NA,568.57,8.49,NA,0.65,16000.79,0,98.85,0,NA,0,NA,0.13,0,NA,0,0,0,0,0,0,0,NA,NA,NA,NA,49.29,9000,NA,1292.89,NA,0,0,NA,0,2925,0,0,0,NA,0,NA
Tyrrell,29,2,0,29,29,29,19,27,27,25,0,0,0,0,27,27,0,27,0,15,15,0,27,22,27,27,2,0,2,0,29,2,0,29,22,14,19,27,24,16,0,0,0,0,9,0,0,2,0,14,15,0,27,0,27,26,2,0,2,0,0,0,0,0,7,15,0,0,3,9,0,0,0,0,18,27,0,25,0,1,0,0,0,22,0,1,0,0,0,0,0,0,NA,0,24.14,51.72,0,0,11.11,36,NA,NA,NA,NA,66.67,100,NA,92.59,NA,6.67,0,NA,0,100,0,3.7,0,NA,0,NA,0,0,0,0,5,0,0,0,0,0,NA,0,NA,NA,17,NA,NA,0,0,0,0,0,0,NA,0,NA,0,0,NA,0,17.24,0,0,0,0,0,NA,NA,NA,NA,62.96,NA,NA,0,0,0,0,0,0,NA,0,NA,0,NA,NA,0,5,12,0,0,1,1,0,NA,0,NA,17,0,0,0,0,0,27,0,NA,NA,NA,NA,0,NA,NA,0,17.24,41.38,0,0,3.7,4,NA,NA,NA,NA,62.96,NA,NA,0,0,0,100,0,NA,NA,NA,NA,3.54,3.54,NA,0.71,30.48,72.83,0.35,7.07,73.65,265.03,NA,NA,NA,NA,873.64,50888.89,NA,12692.01,NA,1166.63,70.71,NA,3.54,112886.36,35.36,71.8,1.41,NA,2.12,NA,3.54,3.54,NA,0.71,3.54,35,0.35,7.07,35.36,35.36,NA,NA,NA,NA,552,51000,NA,10000,NA,707.11,70.71,NA,3.54,103000,35.36,70.71,1.41,NA,2.12,NA,3.54,3.54,NA,0.71,3.54,21.21,0.35,7.07,35.36,35.36,NA,NA,NA,NA,70.71,2000,NA,707.11,NA,707.11,70.71,NA,3.54,1900,35.36,70.71,1.41,NA,2.12,NA,3.54,3.54,NA,0.71,414,220,0.35,7.07,1000,4400,NA,NA,NA,NA,4500,98000,NA,39000,NA,7600,70.71,NA,3.54,290000,35.36,100,1.41,NA,2.12,NA,0,0,NA,0,86.14,68.22,0,0,185.36,870.03,NA,NA,NA,NA,1004.85,29788.14,NA,11953.5,NA,1779.74,0,NA,0,98930.78,0,5.64,0,NA,0,NA,0,0,NA,0,0,88.79,0,0,0,34.64,NA,NA,NA,NA,1129.29,42500,NA,13000,NA,0,0,NA,0,166500,0,0,0,NA,0,NA
Union,5154,0,3,2899,5140,5137,2125,2352,2354,2353,0,1,0,0,2353,2352,0,2353,0,1550,1550,0,2352,2242,2352,2352,0,0,0,2,3451,0,3,2892,4832,3374,2120,2294,2103,1659,0,1,0,0,1510,150,0,213,0,1186,1515,0,2208,0,2352,2199,0,0,0,0,1703,0,0,7,308,1763,5,58,251,694,0,0,0,0,843,2202,0,2140,0,364,35,0,144,2242,0,153,0,0,0,2,33.04,NA,0,0.24,5.99,34.32,0.24,2.47,10.66,29.49,NA,0,NA,NA,35.83,93.62,NA,90.95,NA,23.48,2.26,NA,6.12,100,0,6.51,NA,NA,NA,100,1003,0,0,2,99,679,0,2,13,9,NA,0,NA,NA,484,NA,NA,21,1,4,0,0,0,NA,0,NA,19.46,NA,0,0.07,1.93,13.22,0,0.09,0.55,0.38,NA,0,NA,NA,20.57,NA,NA,1.35,0.06,0.17,0,0,NA,NA,NA,NA,1003,NA,NA,70,99,1569,1,58,14,76,0,NA,0,NA,484,0,0,21,1,19,2352,2,NA,NA,NA,NA,19.46,NA,NA,2.41,1.93,30.54,0.05,2.47,0.59,3.23,NA,NA,NA,NA,20.57,NA,NA,1.35,0.06,0.81,100,0.09,NA,NA,NA,NA,8.73,NA,7.07,0.77,4.67,147.28,0.35,7.7,64.24,177.34,NA,0.71,NA,NA,424.65,37950.92,NA,8373.98,NA,1366.46,74.89,NA,4.38,26364.63,35.36,79.28,NA,NA,NA,0.5,3.54,NA,7.07,0.71,3.54,21.21,0.35,7.07,35.36,35.36,NA,0.71,NA,NA,70.71,26000,NA,5000,NA,707.11,70.71,NA,3.54,14000,35.36,70.71,NA,NA,NA,0.5,0.71,NA,7.07,0.71,3.54,21.21,0.35,7.07,35.36,35.36,NA,0.71,NA,NA,70.71,707.11,NA,707.11,NA,707.11,70.71,NA,3.54,1300,35.36,70.71,NA,NA,NA,0.06,303,NA,7.07,5,1740,6730,1.4,120,6550,22000,NA,0.71,NA,NA,36000,545000,NA,122000,NA,27000,1000,NA,623,420000,35.36,1200,NA,NA,NA,0.94,18.11,NA,0,0.43,25.08,363.29,0.03,5.79,247.13,795.38,NA,NA,NA,NA,1434.45,41501.73,NA,10027.66,NA,2030.59,39.95,NA,13.52,36826.49,0,48.67,NA,NA,NA,0.62,6.29,NA,0,0,0,58.79,0,0,0,34.64,NA,0,NA,NA,139.29,43000,NA,7000,NA,0,0,NA,0,17425,0,0,NA,NA,NA,0.44
Vance,387,0,0,232,387,387,169,228,228,228,0,0,0,0,228,227,0,227,0,157,157,0,228,212,228,228,0,0,0,0,382,0,0,232,347,245,169,222,189,139,0,0,0,0,145,3,0,16,0,99,156,0,225,0,228,218,0,0,0,0,5,0,0,0,40,142,0,6,39,89,0,0,0,0,83,224,0,211,0,58,1,0,3,212,0,10,0,0,0,0,1.29,NA,NA,0,10.34,36.69,0,2.63,17.11,39.04,NA,NA,NA,NA,36.4,98.68,NA,92.95,NA,36.94,0.64,NA,1.32,100,0,4.39,NA,NA,NA,NA,0,0,0,0,13,22,0,0,1,2,NA,0,NA,NA,50,NA,NA,0,0,0,0,0,0,NA,0,NA,0,NA,NA,0,3.36,5.68,0,0,0.44,0.88,NA,NA,NA,NA,21.93,NA,NA,0,0,0,0,0,NA,NA,NA,NA,0,NA,NA,0,13,124,0,6,2,21,0,NA,0,NA,50,0,0,0,0,0,228,0,NA,NA,NA,NA,0,NA,NA,0,3.36,32.04,0,2.63,0.88,9.21,NA,NA,NA,NA,21.93,NA,NA,0,0,0,100,0,NA,NA,NA,NA,2.69,NA,NA,0.71,4.69,81.61,0.35,7.21,79,332.11,NA,NA,NA,NA,550.8,24383.79,NA,4864.82,NA,1525.63,70.96,NA,3.59,15290.09,35.36,74.78,NA,NA,NA,NA,3.54,NA,NA,0.71,3.54,21.21,0.35,7.07,35.36,35.36,NA,NA,NA,NA,70.71,15000,NA,3000,NA,707.11,70.71,NA,3.54,11000,35.36,70.71,NA,NA,NA,NA,0.71,NA,NA,0.71,3.54,21.21,0.35,7.07,35.36,35.36,NA,NA,NA,NA,70.71,707.11,NA,707.11,NA,707.11,70.71,NA,3.54,3900,35.36,70.71,NA,NA,NA,NA,8,NA,NA,0.71,57,1900,0.35,21,2200,5200,NA,NA,NA,NA,23000,320000,NA,29000,NA,7200,110,NA,10,220000,35.36,474,NA,NA,NA,NA,1.62,NA,NA,0,4.96,159.78,0,1.07,192.37,784.65,NA,NA,NA,NA,1930.49,29743.54,NA,5045.24,NA,1451.88,3.14,NA,0.51,18806.79,0,30.08,NA,NA,NA,NA,2.83,NA,NA,0,0,49.29,0,0,0,207.14,NA,NA,NA,NA,161.79,24500,NA,4000,NA,992.89,0,NA,0,5300,0,0,NA,NA,NA,NA
Wake,2461,11,0,1703,2466,2420,653,673,681,670,0,411,0,0,665,665,0,665,7,122,122,0,666,483,666,666,10,0,10,0,2378,11,0,1693,2231,1771,653,663,520,382,0,199,0,0,397,40,0,118,7,95,115,0,659,7,666,590,10,0,10,0,83,0,0,10,235,649,0,10,161,288,0,212,0,0,268,625,0,547,0,27,7,0,7,476,0,76,0,0,0,0,3.37,0,NA,0.59,9.53,26.82,0,1.49,23.64,42.99,NA,51.58,NA,NA,40.3,93.98,NA,82.26,0,22.13,5.74,NA,1.05,98.55,0,11.41,0,NA,0,NA,6,0,0,2,85,122,0,0,6,15,NA,40,NA,NA,153,NA,NA,1,1,0,0,0,0,NA,0,NA,0.24,0,NA,0.12,3.45,5.04,0,0,0.88,2.24,NA,9.73,NA,NA,23.01,NA,NA,0.82,0.82,0,0,0,0,NA,0,NA,6,NA,NA,607,85,560,0,10,9,50,0,NA,0,NA,153,0,0,1,1,2,666,1,NA,NA,NA,NA,0.24,NA,NA,35.64,3.45,23.14,0,1.49,1.32,7.46,NA,NA,NA,NA,23.01,NA,0,0.82,0.82,0.3,100,0.15,NA,NA,NA,NA,2.18,3.54,NA,1.74,6.05,70.45,0.35,7.28,110.44,483.81,NA,27.41,NA,NA,621.52,16232.76,NA,4679.32,7.07,1217.83,86.41,NA,3.67,22884.16,35.36,83.44,1.41,NA,2.12,NA,0.71,3.54,NA,0.71,3.54,21.21,0.35,7.07,35.36,60,NA,1,NA,NA,70.71,9000,NA,3000,7.07,707.11,70.71,NA,3.54,11000,35.36,70.71,1.41,NA,2.12,NA,0.71,3.54,NA,0.71,3.54,21.21,0.35,7.07,35.36,7.07,NA,0.71,NA,NA,70.71,707.11,NA,707.11,7.07,707.11,70.71,NA,3.54,707.11,35.36,70.71,1.41,NA,2.12,NA,237,3.54,NA,51,1150,3000,0.35,50,14100,23000,NA,1970,NA,NA,32000,244000,NA,82000,7.07,11000,1200,NA,44,580000,35.36,700,1.41,NA,2.12,NA,5.29,0,NA,1.82,28.84,165.92,0,2.27,613.06,1784.73,NA,139.32,NA,NA,2228.46,22111.94,NA,6176.79,0,1388.62,107.32,NA,2.13,53954.84,0,51.25,0,NA,0,NA,2.83,0,NA,2.83,0,18.79,0,0,0,314.64,NA,4.29,NA,NA,169.29,16000,NA,5000,0,0,0,NA,0,9600,0,0,0,NA,0,NA
Warren,292,0,0,169,292,288,92,156,152,152,0,0,0,0,152,152,1,152,0,47,47,2,156,149,156,156,0,0,0,0,288,0,0,169,262,196,91,153,119,84,0,0,0,0,92,10,1,19,0,36,47,0,155,4,156,145,0,0,0,0,4,0,0,0,30,92,1,3,33,68,0,0,0,0,60,142,0,133,0,11,0,2,1,145,0,11,0,0,0,0,1.37,NA,NA,0,10.27,31.94,1.09,1.92,21.71,44.74,NA,NA,NA,NA,39.47,93.42,0,87.5,NA,23.4,0,100,0.64,97.32,0,7.05,NA,NA,NA,NA,0,0,0,0,9,8,0,0,1,0,NA,0,NA,NA,37,NA,NA,0,0,1,0,0,0,NA,0,NA,0,NA,NA,0,3.08,2.78,0,0,0.66,0,NA,NA,NA,NA,24.34,NA,NA,0,0,0.64,0,0,NA,NA,NA,NA,0,NA,NA,0,9,84,1,3,2,9,0,NA,0,NA,37,1,0,0,0,1,156,0,NA,NA,NA,NA,0,NA,NA,0,3.08,29.17,1.09,1.92,1.32,5.92,NA,NA,NA,NA,24.34,100,NA,0,0,0.64,100,0,NA,NA,NA,NA,2.63,NA,NA,0.71,5.2,57.49,0.36,7.37,83.53,222.59,NA,NA,NA,NA,769.9,14276.78,7.07,3891.02,NA,1079.7,70.71,45755,4.66,11210.26,35.36,77.01,NA,NA,NA,NA,3.54,NA,NA,0.71,3.54,21.21,0.35,7.07,35.36,50,NA,NA,NA,NA,70.71,10000,7.07,3000,NA,707.11,70.71,45755,3.54,8200,35.36,70.71,NA,NA,NA,NA,0.71,NA,NA,0.71,3.54,21.21,0.35,7.07,35.36,35.36,NA,NA,NA,NA,70.71,707.11,7.07,707.11,NA,707.11,70.71,1210,3.54,707.11,35.36,70.71,NA,NA,NA,NA,7.07,NA,NA,0.71,161,1800,1.1,38,2530,2200,NA,NA,NA,NA,43000,120000,7.07,33000,NA,5600,70.71,90300,179,140000,35.36,200,NA,NA,NA,NA,1.69,NA,NA,0,10.87,127.22,0.08,2.69,230.77,388.65,NA,NA,NA,NA,3821.23,14301.48,NA,3731.21,NA,950.43,0,62996.14,14.05,13831.32,0,26.02,NA,NA,NA,NA,2.83,NA,NA,0,0,31.04,0,0,0,219.64,NA,NA,NA,NA,161.79,12000,0,3000,NA,0,0,44545,0,4900,0,0,NA,NA,NA,NA
Washington,102,6,0,89,102,102,47,74,74,65,0,0,0,0,74,74,0,74,0,40,40,0,74,66,74,74,6,0,6,0,98,6,0,88,99,70,47,74,60,45,0,0,0,0,35,2,0,6,0,39,40,0,73,0,74,72,6,0,6,0,4,0,0,1,3,32,0,0,14,20,0,0,0,0,39,72,0,68,0,1,0,0,1,66,0,2,0,0,0,0,3.92,0,NA,1.12,2.94,31.37,0,0,18.92,30.77,NA,NA,NA,NA,52.7,97.3,NA,91.89,NA,2.5,0,NA,1.35,100,0,2.7,0,NA,0,NA,0,0,0,0,2,5,0,0,0,0,NA,0,NA,NA,30,NA,NA,0,0,0,0,0,0,NA,0,NA,0,0,NA,0,1.96,4.9,0,0,0,0,NA,NA,NA,NA,40.54,NA,NA,0,0,0,0,0,0,NA,0,NA,0,NA,NA,1,2,28,0,0,0,2,0,NA,0,NA,30,0,0,0,0,0,74,0,NA,NA,NA,NA,0,NA,NA,1.12,1.96,27.45,0,0,0,3.08,NA,NA,NA,NA,40.54,NA,NA,0,0,0,100,0,NA,NA,NA,NA,3.11,3.54,NA,0.72,4,92.63,0.35,7.07,63.26,125.65,NA,NA,NA,NA,874.26,48262.35,NA,18847.87,NA,769.43,70.71,NA,3.57,116078.79,35.36,71.68,1.41,NA,2.12,NA,3.54,3.54,NA,0.71,3.54,21.21,0.35,7.07,35.36,35.36,NA,NA,NA,NA,160,28000,NA,22000,NA,707.11,70.71,NA,3.54,61000,35.36,70.71,1.41,NA,2.12,NA,0.71,3.54,NA,0.71,3.54,21.21,0.35,7.07,35.36,35.36,NA,NA,NA,NA,70.71,707.11,NA,707.11,NA,707.11,70.71,NA,3.54,6200,35.36,70.71,1.41,NA,2.12,NA,7.07,3.54,NA,2,31,2300,0.35,7.07,960,2100,NA,NA,NA,NA,7200,440000,NA,47000,NA,3200,70.71,NA,6,430000,35.36,113,1.41,NA,2.12,NA,1.13,0,NA,0.14,3.06,282.36,0,0,117.16,303.44,NA,NA,NA,NA,1527.03,57078.67,NA,12033.73,NA,394.16,0,NA,0.29,114349.93,0,5.94,0,NA,0,NA,0,0,NA,0,0,28.79,0,0,0,24.64,NA,NA,NA,NA,594.29,40500,NA,19750,NA,0,0,NA,0,191750,0,0,0,NA,0,NA
Watauga,1077,0,0,705,1065,1065,657,662,662,662,0,1,0,0,662,662,0,662,1,279,279,0,662,618,662,662,0,0,0,0,1009,0,0,701,952,931,657,659,481,395,0,0,0,0,472,18,0,212,1,188,276,0,661,7,662,611,0,0,0,0,68,0,0,4,113,134,0,3,181,267,0,1,0,0,190,644,0,450,0,91,3,0,1,611,0,51,0,0,0,0,6.31,NA,NA,0.57,10.61,12.58,0,0.45,27.34,40.33,NA,100,NA,NA,28.7,97.28,NA,67.98,0,32.62,1.08,NA,0.15,98.87,0,7.7,NA,NA,NA,NA,26,0,0,2,41,9,0,0,7,16,NA,0,NA,NA,104,NA,NA,1,0,0,0,0,0,NA,0,NA,2.41,NA,NA,0.28,3.85,0.85,0,0,1.06,2.42,NA,0,NA,NA,15.71,NA,NA,0.36,0,0,0,0,NA,NA,NA,NA,26,NA,NA,12,41,105,0,3,8,41,0,NA,0,NA,104,0,0,1,0,0,662,3,NA,NA,NA,NA,2.41,NA,NA,1.7,3.85,9.86,0,0.45,1.21,6.19,NA,NA,NA,NA,15.71,NA,0,0.36,0,0,100,0.45,NA,NA,NA,NA,3.25,NA,NA,0.76,8.23,35.23,0.35,7.12,109.61,505.64,NA,15,NA,NA,426.52,13601.55,NA,2817.47,7.07,1345.51,72.42,NA,3.54,8016.91,35.36,81.82,NA,NA,NA,NA,3.54,NA,NA,0.71,3.54,21.21,0.35,7.07,35.36,35.36,NA,15,NA,NA,70.71,10000,NA,2000,7.07,707.11,70.71,NA,3.54,5000,35.36,70.71,NA,NA,NA,NA,0.71,NA,NA,0.71,3.54,21.21,0.35,7.07,35.36,35.36,NA,15,NA,NA,70.71,707.11,NA,707.11,7.07,707.11,70.71,NA,3.54,707.11,35.36,70.71,NA,NA,NA,NA,38,NA,NA,5,2660,2100,0.35,30,11870,32000,NA,15,NA,NA,51000,99000,NA,81000,7.07,15190,410,NA,6,150000,35.36,1200,NA,NA,NA,NA,2.96,NA,NA,0.39,83.99,87.28,0,0.91,542.21,2429.99,NA,NA,NA,NA,2401.39,12117.56,NA,4770.75,NA,1486.18,21.18,NA,0.1,12389.29,0,70.8,NA,NA,NA,NA,2.83,NA,NA,0,0,0,0,0,24.64,74.64,NA,0,NA,NA,69.29,12000,NA,2292.89,0,692.89,0,NA,0,4300,0,0,NA,NA,NA,NA
Wayne,547,15,0,454,548,548,296,343,343,337,0,0,0,0,345,343,0,343,0,271,271,1,343,334,343,343,15,0,15,0,535,15,0,452,469,320,296,340,307,229,0,0,0,0,82,33,0,108,0,190,269,0,343,1,343,269,15,0,15,0,12,0,0,2,79,228,0,3,36,108,0,0,0,0,263,310,0,235,0,81,2,1,0,333,0,74,0,0,0,0,2.19,0,NA,0.44,14.42,41.61,0,0.87,10.5,32.05,NA,NA,NA,NA,76.23,90.38,NA,68.51,NA,29.89,0.74,100,0,99.7,0,21.57,0,NA,0,NA,2,0,0,0,28,5,0,0,0,2,NA,0,NA,NA,228,NA,NA,8,0,0,0,0,0,NA,0,NA,0.37,0,NA,0,5.11,0.91,0,0,0,0.59,NA,NA,NA,NA,66.09,NA,NA,2.95,0,0,0,0,0,NA,0,NA,2,NA,NA,1,28,134,0,3,0,11,0,NA,0,NA,228,0,0,8,0,0,343,2,NA,NA,NA,NA,0.37,NA,NA,0.22,5.11,24.45,0,0.87,0,3.26,NA,NA,NA,NA,66.09,NA,NA,2.95,0,0,100,0.58,NA,NA,NA,NA,2.87,3.54,NA,0.71,5.94,56.67,0.35,7.15,47.62,176.17,NA,NA,NA,NA,1794.46,10799.23,NA,2364.72,NA,2258.23,71.7,2800,3.54,10738.64,35.36,97.01,1.41,NA,2.12,NA,3.54,3.54,NA,0.71,3.54,21.21,0.35,7.07,35.36,35.36,NA,NA,NA,NA,720,5000,NA,1000,NA,707.11,70.71,2800,3.54,5150,35.36,70.71,1.41,NA,2.12,NA,0.71,3.54,NA,0.71,3.54,21.21,0.35,7.07,35.36,35.36,NA,NA,NA,NA,70.71,707.11,NA,707.11,NA,707.11,70.71,2800,3.54,707.11,35.36,70.71,1.41,NA,2.12,NA,15,3.54,NA,2,130,6900,0.35,20,580,5400,NA,NA,NA,NA,62000,120000,NA,22000,NA,44000,300,2800,3.54,130000,35.36,1500,1.41,NA,2.12,NA,1.55,0,NA,0.06,10.77,305.04,0,1,59.7,508.27,NA,NA,NA,NA,5152.07,14354.63,NA,2518.43,NA,4407.95,14.12,NA,0,17981.83,0,97.29,0,NA,0,NA,2.83,0,NA,0,0,19.04,0,0,0,44.64,NA,NA,NA,NA,1590,9000,NA,2292.89,NA,1192.89,0,0,0,5800,0,0,0,NA,0,NA
Wilkes,678,0,0,624,678,678,508,518,518,518,0,8,0,0,518,518,0,518,0,502,502,0,518,517,518,518,0,0,0,0,658,0,0,621,627,438,508,517,478,326,0,5,0,0,271,5,0,102,0,419,498,0,513,0,518,509,0,0,0,0,20,0,0,3,51,240,0,1,40,192,0,3,0,0,247,513,0,416,0,83,4,0,5,517,0,9,0,0,0,0,2.95,NA,NA,0.48,7.52,35.4,0,0.19,7.72,37.07,NA,37.5,NA,NA,47.68,99.03,NA,80.31,NA,16.53,0.8,NA,0.97,100,0,1.74,NA,NA,NA,NA,3,0,0,0,14,11,0,0,0,16,NA,2,NA,NA,139,NA,NA,6,1,0,0,0,0,NA,0,NA,0.44,NA,NA,0,2.06,1.62,0,0,0,3.09,NA,25,NA,NA,26.83,NA,NA,1.2,0.2,0,0,0,NA,NA,NA,NA,3,NA,NA,1,14,186,0,1,0,42,0,NA,0,NA,139,0,0,6,1,0,518,0,NA,NA,NA,NA,0.44,NA,NA,0.16,2.06,27.43,0,0.19,0,8.11,NA,NA,NA,NA,26.83,NA,NA,1.2,0.2,0,100,0,NA,NA,NA,NA,3.29,NA,NA,0.71,4.2,53.64,0.35,7.12,42.88,523.47,NA,168.57,NA,NA,553.41,15836.36,NA,2342.65,NA,1266.53,74.37,NA,3.59,7422.63,35.36,72.52,NA,NA,NA,NA,3.54,NA,NA,0.71,3.54,21.21,0.35,7.07,35.36,35.36,NA,0.71,NA,NA,70.71,11000,NA,2000,NA,707.11,70.71,NA,3.54,6100,35.36,70.71,NA,NA,NA,NA,0.71,NA,NA,0.71,3.54,21.21,0.35,7.07,35.36,35.36,NA,0.71,NA,NA,70.71,707.11,NA,707.11,NA,707.11,70.71,NA,3.54,1000,35.36,70.71,NA,NA,NA,NA,52,NA,NA,2,38,3650,0.35,35,710,30000,NA,881,NA,NA,41000,570000,NA,85000,NA,31000,1600,NA,11,130000,35.36,350,NA,NA,NA,NA,2.56,NA,NA,0.05,3.31,152.83,0,1.23,45.21,2069.14,NA,326.91,NA,NA,2109.44,34651.95,NA,4478.28,NA,2299.42,68.95,NA,0.58,8000.3,0,17.79,NA,NA,NA,NA,0,NA,NA,0,0,28.79,0,0,0,114.64,NA,124.29,NA,NA,246.79,12750,NA,2000,NA,0,0,NA,0,3500,0,0,NA,NA,NA,NA
Wilson,465,0,0,398,465,465,344,373,373,373,0,0,0,0,373,373,0,373,0,346,346,0,373,370,373,373,0,0,0,0,440,0,0,394,428,202,343,368,350,146,0,0,0,0,180,8,0,60,0,241,342,0,371,0,373,293,0,0,0,0,25,0,0,4,37,263,1,5,23,227,0,0,0,0,193,365,0,313,0,105,4,0,2,370,0,80,0,0,0,0,5.38,NA,NA,1.01,7.96,56.56,0.29,1.34,6.17,60.86,NA,NA,NA,NA,51.74,97.86,NA,83.91,NA,30.35,1.16,NA,0.54,100,0,21.45,NA,NA,NA,NA,6,0,0,0,7,70,0,0,2,9,NA,0,NA,NA,139,NA,NA,4,1,0,0,0,0,NA,0,NA,1.29,NA,NA,0,1.51,15.05,0,0,0.54,2.41,NA,NA,NA,NA,37.27,NA,NA,1.16,0.29,0,0,0,NA,NA,NA,NA,6,NA,NA,1,7,235,1,5,2,64,0,NA,0,NA,139,0,0,4,1,0,373,0,NA,NA,NA,NA,1.29,NA,NA,0.25,1.51,50.54,0.29,1.34,0.54,17.16,NA,NA,NA,NA,37.27,NA,NA,1.16,0.29,0,100,0,NA,NA,NA,NA,3.52,NA,NA,0.72,4.66,155.62,0.36,7.13,73.26,673.96,NA,NA,NA,NA,975.38,13306.32,NA,3733.42,NA,1710.15,74.78,NA,3.55,13676.76,35.36,93.75,NA,NA,NA,NA,3.54,NA,NA,0.71,3.54,50,0.35,7.07,35.36,110,NA,NA,NA,NA,110,9000,NA,3000,NA,707.11,70.71,NA,3.54,8200,35.36,70.71,NA,NA,NA,NA,0.71,NA,NA,0.71,3.54,21.21,0.35,7.07,35.36,35.36,NA,NA,NA,NA,70.71,707.11,NA,707.11,NA,707.11,70.71,NA,3.54,1300,35.36,70.71,NA,NA,NA,NA,40,NA,NA,3,254,2000,1,15,10000,18700,NA,NA,NA,NA,54000,61000,NA,19000,NA,13000,1000,NA,6,170000,35.36,500,NA,NA,NA,NA,3.14,NA,NA,0.12,11.95,274.63,0.03,0.55,529.23,1652.7,NA,NA,NA,NA,3252,12021.6,NA,3201.29,NA,2109.34,53.23,NA,0.15,21026.02,0,57.67,NA,NA,NA,NA,0,NA,NA,0,0,138.79,0,0,0,504.64,NA,NA,NA,NA,659.29,16000,NA,4000,NA,1092.89,0,NA,0,5000,0,0,NA,NA,NA,NA
Yadkin,328,0,0,257,329,328,206,242,243,242,0,0,0,0,243,242,0,242,0,229,229,0,242,236,242,242,0,0,0,0,321,0,0,257,309,198,204,240,220,156,0,0,0,0,122,3,0,22,0,170,228,0,239,0,242,228,0,0,0,0,7,0,0,0,20,130,2,2,23,86,0,0,0,0,121,239,0,220,0,59,1,0,3,236,0,14,0,0,0,0,2.13,NA,NA,0,6.08,39.63,0.97,0.83,9.47,35.54,NA,NA,NA,NA,49.79,98.76,NA,90.91,NA,25.76,0.44,NA,1.24,100,0,5.79,NA,NA,NA,NA,3,0,0,0,2,3,0,0,1,3,NA,0,NA,NA,71,NA,NA,5,0,0,0,0,0,NA,0,NA,0.91,NA,NA,0,0.61,0.91,0,0,0.41,1.24,NA,NA,NA,NA,29.22,NA,NA,2.18,0,0,0,0,NA,NA,NA,NA,3,NA,NA,2,2,98,0,2,2,12,0,NA,0,NA,71,0,0,5,0,0,242,0,NA,NA,NA,NA,0.91,NA,NA,0.78,0.61,29.88,0,0.83,0.82,4.96,NA,NA,NA,NA,29.22,NA,NA,2.18,0,0,100,0,NA,NA,NA,NA,3.18,NA,NA,0.73,3.88,49.46,0.36,7.29,66.41,333.33,NA,NA,NA,NA,541.39,18408.77,NA,3917.09,NA,1381.04,71.01,NA,3.61,10794.49,35.36,74.31,NA,NA,NA,NA,3.54,NA,NA,0.71,3.54,21.21,0.35,7.07,35.36,35.36,NA,NA,NA,NA,70.71,15000,NA,3000,NA,707.11,70.71,NA,3.54,7550,35.36,70.71,NA,NA,NA,NA,0.71,NA,NA,0.71,3.54,21.21,0.35,7.07,35.36,35.36,NA,NA,NA,NA,70.71,707.11,NA,707.11,NA,707.11,70.71,NA,3.54,2800,35.36,70.71,NA,NA,NA,NA,25,NA,NA,3.54,24,580,0.6,46,3100,19000,NA,NA,NA,NA,7900,170000,NA,40000,NA,15310,140,NA,11,250000,35.36,200,NA,NA,NA,NA,2.15,NA,NA,0.25,1.79,62.86,0.02,2.63,222.54,1567.35,NA,NA,NA,NA,1152.24,17087.94,NA,4805.78,NA,2010.82,4.58,NA,0.66,19513.24,0,16.74,NA,NA,NA,NA,0,NA,NA,0,0,35.79,0,0,0,94.64,NA,NA,NA,NA,309.29,13000,NA,3000,NA,292.89,0,NA,0,4000,0,0,NA,NA,NA,NA
Yancey,1028,0,0,789,1029,1028,547,715,721,715,0,0,0,0,715,715,0,715,0,433,433,0,715,681,715,715,0,0,0,0,1014,0,0,788,924,817,544,705,593,467,0,0,0,0,360,9,0,115,0,390,430,0,711,12,715,689,0,0,0,0,14,0,0,1,105,211,3,10,128,248,0,0,0,0,355,706,0,600,0,43,3,0,4,669,0,26,0,0,0,0,1.36,NA,NA,0.13,10.2,20.53,0.55,1.4,17.75,34.69,NA,NA,NA,NA,49.65,98.74,NA,83.92,NA,9.93,0.69,NA,0.56,98.24,0,3.64,NA,NA,NA,NA,1,0,0,1,32,12,0,0,6,4,NA,0,NA,NA,228,NA,NA,1,0,0,0,0,0,NA,0,NA,0.1,NA,NA,0.13,3.11,1.17,0,0,0.83,0.56,NA,NA,NA,NA,31.89,NA,NA,0.23,0,0,0,0,NA,NA,NA,NA,1,NA,NA,2,32,138,0,10,8,21,0,NA,0,NA,228,0,0,1,0,0,715,0,NA,NA,NA,NA,0.1,NA,NA,0.25,3.11,13.42,0,1.4,1.11,2.94,NA,NA,NA,NA,31.89,NA,NA,0.23,0,0,100,0,NA,NA,NA,NA,2.9,NA,NA,0.74,4.94,38.63,0.36,7.4,76.21,188.93,NA,NA,NA,NA,651.96,13078.27,NA,3575.83,NA,932.24,71.58,NA,3.55,5927.73,35.36,73.78,NA,NA,NA,NA,3.54,NA,NA,0.71,3.54,21.21,0.35,7.07,35.36,35.36,NA,NA,NA,NA,70.71,11000,NA,3000,NA,707.11,70.71,NA,3.54,4900,35.36,70.71,NA,NA,NA,NA,0.71,NA,NA,0.71,3.54,21.21,0.35,7.07,35.36,35.36,NA,NA,NA,NA,70.71,707.11,NA,707.11,NA,707.11,70.71,NA,3.54,707.11,35.36,70.71,NA,NA,NA,NA,13,NA,NA,20,259,1400,0.7,57,4180,7600,NA,NA,NA,NA,25000,130000,NA,43000,NA,14000,260,NA,9,150000,35.36,400,NA,NA,NA,NA,1.35,NA,NA,0.69,10.06,84.8,0.02,3.21,232.23,677.9,NA,NA,NA,NA,1919.08,11815.97,NA,3428.12,NA,1022.15,11.24,NA,0.26,7208.47,0,21.76,NA,NA,NA,NA,1.04,NA,NA,0,0,0,0,0,0,54.64,NA,NA,NA,NA,374.29,11000,NA,4000,NA,0,0,NA,0,3400,0,0,NA,NA,NA,NA